Current compile soc version is Ascend910B3
-- The C compiler identification is GNU 10.3.1
-- The CXX compiler identification is GNU 10.3.1
-- Detecting C compiler ABI info
-- Detecting C compiler ABI info - done
-- Check for working C compiler: /usr/bin/cc - skipped
-- Detecting C compile features
-- Detecting C compile features - done
-- Detecting CXX compiler ABI info
-- Detecting CXX compiler ABI info - done
-- Check for working CXX compiler: /usr/bin/c++ - skipped
-- Detecting CXX compile features
-- Detecting CXX compile features - done
-- Configuring done
-- Generating done
-- Build files have been written to: /root/tmp/pagerank/PageRank_v_3_0/build
[  2%] Creating directories for 'ascendc_kernels_npu_preprocess'
[  5%] No download step for 'ascendc_kernels_npu_preprocess'
[  8%] No update step for 'ascendc_kernels_npu_preprocess'
[ 11%] No patch step for 'ascendc_kernels_npu_preprocess'
[ 13%] Performing configure step for 'ascendc_kernels_npu_preprocess'
-- The C compiler identification is GNU 10.3.1
-- The CXX compiler identification is GNU 10.3.1
-- Detecting C compiler ABI info
-- Detecting C compiler ABI info - done
-- Check for working C compiler: /usr/bin/cc - skipped
-- Detecting C compile features
-- Detecting C compile features - done
-- Detecting CXX compiler ABI info
-- Detecting CXX compiler ABI info - done
-- Check for working CXX compiler: /usr/bin/c++ - skipped
-- Detecting CXX compile features
-- Detecting CXX compile features - done
-- Configuring done
-- Generating done
-- Build files have been written to: /root/tmp/pagerank/PageRank_v_3_0/build/ascendc_kernels_npu_preprocess-prefix/src/ascendc_kernels_npu_preprocess-build
[ 16%] Performing build step for 'ascendc_kernels_npu_preprocess'
[100%] Building CXX object CMakeFiles/preprocess_obj.dir/root/tmp/pagerank/PageRank_v_3_0/pagerank_custom.cpp.o
[100%] Building CXX object CMakeFiles/aic_obj.dir/root/tmp/pagerank/PageRank_v_3_0/pagerank_custom.cpp.o
[100%] Building CXX object CMakeFiles/aiv_obj.dir/root/tmp/pagerank/PageRank_v_3_0/pagerank_custom.cpp.o
[100%] Built target preprocess_obj
[100%] Built target aiv_obj
[100%] Built target aic_obj
[100%] Built target _host_cpp
[ 19%] No install step for 'ascendc_kernels_npu_preprocess'
[ 22%] Completed 'ascendc_kernels_npu_preprocess'
[ 22%] Built target ascendc_kernels_npu_preprocess
[ 30%] Creating directories for 'ascendc_kernels_npu_aiv_device'
[ 30%] Creating directories for 'ascendc_kernels_npu_host'
[ 30%] Creating directories for 'ascendc_kernels_npu_aic_device'
[ 38%] No download step for 'ascendc_kernels_npu_aic_device'
[ 38%] No download step for 'ascendc_kernels_npu_aiv_device'
[ 38%] No download step for 'ascendc_kernels_npu_host'
[ 44%] No update step for 'ascendc_kernels_npu_aiv_device'
[ 44%] No update step for 'ascendc_kernels_npu_host'
[ 47%] No update step for 'ascendc_kernels_npu_aic_device'
[ 50%] No patch step for 'ascendc_kernels_npu_aiv_device'
[ 55%] No patch step for 'ascendc_kernels_npu_aic_device'
[ 55%] No patch step for 'ascendc_kernels_npu_host'
[ 61%] Performing configure step for 'ascendc_kernels_npu_aiv_device'
[ 61%] Performing configure step for 'ascendc_kernels_npu_host'
[ 63%] Performing configure step for 'ascendc_kernels_npu_aic_device'
-- The C compiler identification is GNU 10.3.1
-- The C compiler identification is GNU 10.3.1
-- The C compiler identification is GNU 10.3.1
-- The CXX compiler identification is GNU 10.3.1
-- The CXX compiler identification is GNU 10.3.1
-- The CXX compiler identification is GNU 10.3.1
-- Detecting C compiler ABI info
-- Detecting C compiler ABI info
-- Detecting C compiler ABI info
-- Detecting C compiler ABI info - done
-- Detecting C compiler ABI info - done
-- Detecting C compiler ABI info - done
-- Check for working C compiler: /usr/bin/cc - skipped
-- Detecting C compile features
-- Check for working C compiler: /usr/bin/cc - skipped
-- Detecting C compile features - done
-- Detecting C compile features
-- Check for working C compiler: /usr/bin/cc - skipped
-- Detecting C compile features
-- Detecting C compile features - done
-- Detecting C compile features - done
-- Detecting CXX compiler ABI info
-- Detecting CXX compiler ABI info
-- Detecting CXX compiler ABI info
-- Detecting CXX compiler ABI info - done
-- Detecting CXX compiler ABI info - done
-- Detecting CXX compiler ABI info - done
-- Check for working CXX compiler: /usr/bin/c++ - skipped
-- Detecting CXX compile features
-- Detecting CXX compile features - done
-- Configuring done
-- Check for working CXX compiler: /usr/bin/c++ - skipped
-- Check for working CXX compiler: /usr/bin/c++ - skipped
-- Detecting CXX compile features
-- Detecting CXX compile features
-- Detecting CXX compile features - done
-- Detecting CXX compile features - done
-- Configuring done
-- Generating done
-- Configuring done
-- Build files have been written to: /root/tmp/pagerank/PageRank_v_3_0/build/ascendc_kernels_npu_host-prefix/src/ascendc_kernels_npu_host-build
-- Generating done
-- Build files have been written to: /root/tmp/pagerank/PageRank_v_3_0/build/ascendc_kernels_npu_aic_device-prefix/src/ascendc_kernels_npu_aic_device-build
-- Generating done
-- Build files have been written to: /root/tmp/pagerank/PageRank_v_3_0/build/ascendc_kernels_npu_aiv_device-prefix/src/ascendc_kernels_npu_aiv_device-build
[ 66%] Performing build step for 'ascendc_kernels_npu_host'
[ 69%] Performing build step for 'ascendc_kernels_npu_aiv_device'
[ 72%] Performing build step for 'ascendc_kernels_npu_aic_device'
[ 75%] No install step for 'ascendc_kernels_npu_aic_device'
[100%] Building CXX object CMakeFiles/device_aiv_obj.dir/root/tmp/pagerank/PageRank_v_3_0/build/auto_gen/ascendc_kernels_npu/auto_gen_pagerank_custom.cpp.o
[100%] Building CXX object CMakeFiles/host_bisheng_obj.dir/root/tmp/pagerank/PageRank_v_3_0/pagerank_custom.cpp.o
[ 77%] Completed 'ascendc_kernels_npu_aic_device'
[ 77%] Built target ascendc_kernels_npu_aic_device
[100%] Built target host_bisheng_obj
[ 80%] Performing install step for 'ascendc_kernels_npu_host'
Consolidate compiler generated dependencies of target host_bisheng_obj
[100%] Building CXX object CMakeFiles/host_bisheng_obj.dir/root/tmp/pagerank/PageRank_v_3_0/pagerank_custom.cpp.o
[100%] Built target host_bisheng_obj
Install the project...
-- Install configuration: "Debug"
-- Installing: /root/tmp/pagerank/PageRank_v_3_0/build/ascendc_kernels_npu_host_dir/./objects-Debug/host_bisheng_obj/root/tmp/pagerank/PageRank_v_3_0/pagerank_custom.cpp.o
[ 83%] Completed 'ascendc_kernels_npu_host'
[ 83%] Built target ascendc_kernels_npu_host
[100%] Built target device_aiv_obj
/usr/local/Ascend/ascend-toolkit/latest/tools/ccec_compiler/bin/ld.lld  -m aicorelinux -r  -Ttext=0 /root/tmp/pagerank/PageRank_v_3_0/build/ascendc_kernels_npu_aiv_device-prefix/src/ascendc_kernels_npu_aiv_device-build/CMakeFiles/device_aiv_obj.dir/root/tmp/pagerank/PageRank_v_3_0/build/auto_gen/ascendc_kernels_npu/auto_gen_pagerank_custom.cpp.o -static -o /root/tmp/pagerank/PageRank_v_3_0/build/ascendc_kernels_npu_aiv_device_dir/device_aiv.o
[100%] Built target merge_aiv_device_obj
[ 86%] No install step for 'ascendc_kernels_npu_aiv_device'
[ 88%] Completed 'ascendc_kernels_npu_aiv_device'
[ 88%] Built target ascendc_kernels_npu_aiv_device
/usr/local/Ascend/ascend-toolkit/latest/tools/ccec_compiler/bin/ld.lld  -m aicorelinux   -Ttext=0 /root/tmp/pagerank/PageRank_v_3_0/build/ascendc_kernels_npu_aiv_device_dir/device_aiv.o -static -o /root/tmp/pagerank/PageRank_v_3_0/build/ascendc_kernels_npu_merge_obj_dir/device_aiv.o
[ 88%] Built target ascendc_kernels_npu_merge_obj
[ 91%] Building CXX object CMakeFiles/ascendc_kernels_npu_host_stub_obj.dir/auto_gen/ascendc_kernels_npu/host_stub.cpp.o
[ 91%] Built target ascendc_kernels_npu_host_stub_obj
[ 94%] Linking CXX shared library lib/libascendc_kernels_npu.so
/usr/local/Ascend/ascend-toolkit/latest/bin/ascendc_pack_kernel /root/tmp/pagerank/PageRank_v_3_0/build/CMakeFiles/ascendc_kernels_npu_host_stub_obj.dir/auto_gen/ascendc_kernels_npu/host_stub.cpp.o /root/tmp/pagerank/PageRank_v_3_0/build/ascendc_kernels_npu_merge_obj_dir/device_aiv.o 1 /root/tmp/pagerank/PageRank_v_3_0/build/CMakeFiles/ascendc_kernels_npu_host_stub_obj.dir/auto_gen/ascendc_kernels_npu/host_stub.cpp.o
recompile: /usr/bin/c++ -fPIC -g -Wl,-z,relro -Wl,-z,now -Wl,-z,noexecstack -shared -Wl,-soname,libascendc_kernels_npu.so -o lib/libascendc_kernels_npu.so CMakeFiles/ascendc_kernels_npu_host_stub_obj.dir/auto_gen/ascendc_kernels_npu/host_stub.cpp.o /root/tmp/pagerank/PageRank_v_3_0/build/ascendc_kernels_npu_host_dir/objects-Debug/host_bisheng_obj/root/tmp/pagerank/PageRank_v_3_0/pagerank_custom.cpp.o    -L/usr/local/Ascend/ascend-toolkit/latest/lib64  -L/usr/local/Ascend/ascend-toolkit/latest/tools/simulator/Ascend910B3/lib  /usr/local/Ascend/ascend-toolkit/latest/lib64/libascendc_runtime.a -lascend_dump -lc_sec
[ 94%] Built target ascendc_kernels_npu
[ 97%] Building CXX object CMakeFiles/ascendc_kernels_bbit.dir/main.cpp.o
[100%] Linking CXX executable ascendc_kernels_bbit
[100%] Built target ascendc_kernels_bbit
-- Install configuration: "Debug"
-- Installing: /root/tmp/pagerank/PageRank_v_3_0/out/lib64/libascendc_kernels_npu.so
-- Installing: /root/tmp/pagerank/PageRank_v_3_0/out/include
-- Installing: /root/tmp/pagerank/PageRank_v_3_0/out/include/ascendc_kernels_npu
-- Installing: /root/tmp/pagerank/PageRank_v_3_0/out/include/ascendc_kernels_npu/aclrtlaunch_kernelTmp.h
-- Installing: /root/tmp/pagerank/PageRank_v_3_0/out/include/ascendc_kernels_npu/aclrtlaunch_foo_float.h
-- Installing: /root/tmp/pagerank/PageRank_v_3_0/out/include/ascendc_kernels_npu/aclrtlaunch_triple_chevrons_func.h
-- Installing: /root/tmp/pagerank/PageRank_v_3_0/out/include/ascendc_kernels_npu/aclrtlaunch_reset_value.h
-- Installing: /root/tmp/pagerank/PageRank_v_3_0/out/include/ascendc_kernels_npu/aclrtlaunch_compute_msg.h
-- Installing: /root/tmp/pagerank/PageRank_v_3_0/out/include/ascendc_kernels_npu/aclrtlaunch_aggregate_msg_split.h
-- Installing: /root/tmp/pagerank/PageRank_v_3_0/out/include/ascendc_kernels_npu/aclrtlaunch_aggregate_msg.h
-- Installing: /root/tmp/pagerank/PageRank_v_3_0/out/bin/ascendc_kernels_bbit
Graph: nodes:174147, edges:7600696
opType=compute_msg, DumpHead: AIV-0, CoreType=AIV, block dim=32, total_block_num=32, block_remain_len=1048408, block_initial_space=1048576, rsv=0, magic=5aa5bccd
CANN Version: 8.0.RC3, TimeStamp: 20241026152044625
Compute Message ...
opType=compute_msg, DumpHead: AIV-1, CoreType=AIV, block dim=32, total_block_num=32, block_remain_len=1048448, block_initial_space=1048576, rsv=0, magic=5aa5bccd
CANN Version: 8.0.RC3, TimeStamp: 20241026152044625
opType=compute_msg, DumpHead: AIV-2, CoreType=AIV, block dim=32, total_block_num=32, block_remain_len=1048448, block_initial_space=1048576, rsv=0, magic=5aa5bccd
CANN Version: 8.0.RC3, TimeStamp: 20241026152044625
opType=compute_msg, DumpHead: AIV-3, CoreType=AIV, block dim=32, total_block_num=32, block_remain_len=1048448, block_initial_space=1048576, rsv=0, magic=5aa5bccd
CANN Version: 8.0.RC3, TimeStamp: 20241026152044625
opType=compute_msg, DumpHead: AIV-4, CoreType=AIV, block dim=32, total_block_num=32, block_remain_len=1048448, block_initial_space=1048576, rsv=0, magic=5aa5bccd
CANN Version: 8.0.RC3, TimeStamp: 20241026152044625
opType=compute_msg, DumpHead: AIV-5, CoreType=AIV, block dim=32, total_block_num=32, block_remain_len=1048448, block_initial_space=1048576, rsv=0, magic=5aa5bccd
CANN Version: 8.0.RC3, TimeStamp: 20241026152044625
opType=compute_msg, DumpHead: AIV-6, CoreType=AIV, block dim=32, total_block_num=32, block_remain_len=1048448, block_initial_space=1048576, rsv=0, magic=5aa5bccd
CANN Version: 8.0.RC3, TimeStamp: 20241026152044625
opType=compute_msg, DumpHead: AIV-7, CoreType=AIV, block dim=32, total_block_num=32, block_remain_len=1048448, block_initial_space=1048576, rsv=0, magic=5aa5bccd
CANN Version: 8.0.RC3, TimeStamp: 20241026152044625
opType=compute_msg, DumpHead: AIV-8, CoreType=AIV, block dim=32, total_block_num=32, block_remain_len=1048448, block_initial_space=1048576, rsv=0, magic=5aa5bccd
CANN Version: 8.0.RC3, TimeStamp: 20241026152044625
opType=compute_msg, DumpHead: AIV-9, CoreType=AIV, block dim=32, total_block_num=32, block_remain_len=1048448, block_initial_space=1048576, rsv=0, magic=5aa5bccd
CANN Version: 8.0.RC3, TimeStamp: 20241026152044625
opType=compute_msg, DumpHead: AIV-10, CoreType=AIV, block dim=32, total_block_num=32, block_remain_len=1048448, block_initial_space=1048576, rsv=0, magic=5aa5bccd
CANN Version: 8.0.RC3, TimeStamp: 20241026152044625
opType=compute_msg, DumpHead: AIV-11, CoreType=AIV, block dim=32, total_block_num=32, block_remain_len=1048448, block_initial_space=1048576, rsv=0, magic=5aa5bccd
CANN Version: 8.0.RC3, TimeStamp: 20241026152044625
opType=compute_msg, DumpHead: AIV-12, CoreType=AIV, block dim=32, total_block_num=32, block_remain_len=1048448, block_initial_space=1048576, rsv=0, magic=5aa5bccd
CANN Version: 8.0.RC3, TimeStamp: 20241026152044625
opType=compute_msg, DumpHead: AIV-13, CoreType=AIV, block dim=32, total_block_num=32, block_remain_len=1048448, block_initial_space=1048576, rsv=0, magic=5aa5bccd
CANN Version: 8.0.RC3, TimeStamp: 20241026152044625
opType=compute_msg, DumpHead: AIV-14, CoreType=AIV, block dim=32, total_block_num=32, block_remain_len=1048448, block_initial_space=1048576, rsv=0, magic=5aa5bccd
CANN Version: 8.0.RC3, TimeStamp: 20241026152044625
opType=compute_msg, DumpHead: AIV-15, CoreType=AIV, block dim=32, total_block_num=32, block_remain_len=1048448, block_initial_space=1048576, rsv=0, magic=5aa5bccd
CANN Version: 8.0.RC3, TimeStamp: 20241026152044625
opType=compute_msg, DumpHead: AIV-16, CoreType=AIV, block dim=32, total_block_num=32, block_remain_len=1048448, block_initial_space=1048576, rsv=0, magic=5aa5bccd
CANN Version: 8.0.RC3, TimeStamp: 20241026152044625
opType=compute_msg, DumpHead: AIV-17, CoreType=AIV, block dim=32, total_block_num=32, block_remain_len=1048448, block_initial_space=1048576, rsv=0, magic=5aa5bccd
CANN Version: 8.0.RC3, TimeStamp: 20241026152044625
opType=compute_msg, DumpHead: AIV-18, CoreType=AIV, block dim=32, total_block_num=32, block_remain_len=1048448, block_initial_space=1048576, rsv=0, magic=5aa5bccd
CANN Version: 8.0.RC3, TimeStamp: 20241026152044625
opType=compute_msg, DumpHead: AIV-19, CoreType=AIV, block dim=32, total_block_num=32, block_remain_len=1048448, block_initial_space=1048576, rsv=0, magic=5aa5bccd
CANN Version: 8.0.RC3, TimeStamp: 20241026152044625
opType=compute_msg, DumpHead: AIV-20, CoreType=AIV, block dim=32, total_block_num=32, block_remain_len=1048448, block_initial_space=1048576, rsv=0, magic=5aa5bccd
CANN Version: 8.0.RC3, TimeStamp: 20241026152044625
opType=compute_msg, DumpHead: AIV-21, CoreType=AIV, block dim=32, total_block_num=32, block_remain_len=1048448, block_initial_space=1048576, rsv=0, magic=5aa5bccd
CANN Version: 8.0.RC3, TimeStamp: 20241026152044625
opType=compute_msg, DumpHead: AIV-22, CoreType=AIV, block dim=32, total_block_num=32, block_remain_len=1048448, block_initial_space=1048576, rsv=0, magic=5aa5bccd
CANN Version: 8.0.RC3, TimeStamp: 20241026152044625
opType=compute_msg, DumpHead: AIV-23, CoreType=AIV, block dim=32, total_block_num=32, block_remain_len=1048448, block_initial_space=1048576, rsv=0, magic=5aa5bccd
CANN Version: 8.0.RC3, TimeStamp: 20241026152044625
opType=compute_msg, DumpHead: AIV-24, CoreType=AIV, block dim=32, total_block_num=32, block_remain_len=1048448, block_initial_space=1048576, rsv=0, magic=5aa5bccd
CANN Version: 8.0.RC3, TimeStamp: 20241026152044625
opType=compute_msg, DumpHead: AIV-25, CoreType=AIV, block dim=32, total_block_num=32, block_remain_len=1048448, block_initial_space=1048576, rsv=0, magic=5aa5bccd
CANN Version: 8.0.RC3, TimeStamp: 20241026152044625
opType=compute_msg, DumpHead: AIV-26, CoreType=AIV, block dim=32, total_block_num=32, block_remain_len=1048448, block_initial_space=1048576, rsv=0, magic=5aa5bccd
CANN Version: 8.0.RC3, TimeStamp: 20241026152044625
opType=compute_msg, DumpHead: AIV-27, CoreType=AIV, block dim=32, total_block_num=32, block_remain_len=1048448, block_initial_space=1048576, rsv=0, magic=5aa5bccd
CANN Version: 8.0.RC3, TimeStamp: 20241026152044625
opType=compute_msg, DumpHead: AIV-28, CoreType=AIV, block dim=32, total_block_num=32, block_remain_len=1048448, block_initial_space=1048576, rsv=0, magic=5aa5bccd
CANN Version: 8.0.RC3, TimeStamp: 20241026152044625
opType=compute_msg, DumpHead: AIV-29, CoreType=AIV, block dim=32, total_block_num=32, block_remain_len=1048448, block_initial_space=1048576, rsv=0, magic=5aa5bccd
CANN Version: 8.0.RC3, TimeStamp: 20241026152044625
opType=compute_msg, DumpHead: AIV-30, CoreType=AIV, block dim=32, total_block_num=32, block_remain_len=1048448, block_initial_space=1048576, rsv=0, magic=5aa5bccd
CANN Version: 8.0.RC3, TimeStamp: 20241026152044625
opType=compute_msg, DumpHead: AIV-31, CoreType=AIV, block dim=32, total_block_num=32, block_remain_len=1048448, block_initial_space=1048576, rsv=0, magic=5aa5bccd
CANN Version: 8.0.RC3, TimeStamp: 20241026152044625
opType=compute_msg, DumpHead: AIV-0, CoreType=AIV, block dim=32, total_block_num=32, block_remain_len=1048408, block_initial_space=1048576, rsv=0, magic=5aa5bccd
CANN Version: 8.0.RC3, TimeStamp: 20241026152044625
Compute Message ...
opType=compute_msg, DumpHead: AIV-1, CoreType=AIV, block dim=32, total_block_num=32, block_remain_len=1048448, block_initial_space=1048576, rsv=0, magic=5aa5bccd
CANN Version: 8.0.RC3, TimeStamp: 20241026152044625
opType=compute_msg, DumpHead: AIV-2, CoreType=AIV, block dim=32, total_block_num=32, block_remain_len=1048448, block_initial_space=1048576, rsv=0, magic=5aa5bccd
CANN Version: 8.0.RC3, TimeStamp: 20241026152044625
opType=compute_msg, DumpHead: AIV-3, CoreType=AIV, block dim=32, total_block_num=32, block_remain_len=1048448, block_initial_space=1048576, rsv=0, magic=5aa5bccd
CANN Version: 8.0.RC3, TimeStamp: 20241026152044625
opType=compute_msg, DumpHead: AIV-4, CoreType=AIV, block dim=32, total_block_num=32, block_remain_len=1048448, block_initial_space=1048576, rsv=0, magic=5aa5bccd
CANN Version: 8.0.RC3, TimeStamp: 20241026152044625
opType=compute_msg, DumpHead: AIV-5, CoreType=AIV, block dim=32, total_block_num=32, block_remain_len=1048448, block_initial_space=1048576, rsv=0, magic=5aa5bccd
CANN Version: 8.0.RC3, TimeStamp: 20241026152044625
opType=compute_msg, DumpHead: AIV-6, CoreType=AIV, block dim=32, total_block_num=32, block_remain_len=1048448, block_initial_space=1048576, rsv=0, magic=5aa5bccd
CANN Version: 8.0.RC3, TimeStamp: 20241026152044625
opType=compute_msg, DumpHead: AIV-7, CoreType=AIV, block dim=32, total_block_num=32, block_remain_len=1048448, block_initial_space=1048576, rsv=0, magic=5aa5bccd
CANN Version: 8.0.RC3, TimeStamp: 20241026152044625
opType=compute_msg, DumpHead: AIV-8, CoreType=AIV, block dim=32, total_block_num=32, block_remain_len=1048448, block_initial_space=1048576, rsv=0, magic=5aa5bccd
CANN Version: 8.0.RC3, TimeStamp: 20241026152044625
opType=compute_msg, DumpHead: AIV-9, CoreType=AIV, block dim=32, total_block_num=32, block_remain_len=1048448, block_initial_space=1048576, rsv=0, magic=5aa5bccd
CANN Version: 8.0.RC3, TimeStamp: 20241026152044625
opType=compute_msg, DumpHead: AIV-10, CoreType=AIV, block dim=32, total_block_num=32, block_remain_len=1048448, block_initial_space=1048576, rsv=0, magic=5aa5bccd
CANN Version: 8.0.RC3, TimeStamp: 20241026152044625
opType=compute_msg, DumpHead: AIV-11, CoreType=AIV, block dim=32, total_block_num=32, block_remain_len=1048448, block_initial_space=1048576, rsv=0, magic=5aa5bccd
CANN Version: 8.0.RC3, TimeStamp: 20241026152044625
opType=compute_msg, DumpHead: AIV-12, CoreType=AIV, block dim=32, total_block_num=32, block_remain_len=1048448, block_initial_space=1048576, rsv=0, magic=5aa5bccd
CANN Version: 8.0.RC3, TimeStamp: 20241026152044625
opType=compute_msg, DumpHead: AIV-13, CoreType=AIV, block dim=32, total_block_num=32, block_remain_len=1048448, block_initial_space=1048576, rsv=0, magic=5aa5bccd
CANN Version: 8.0.RC3, TimeStamp: 20241026152044625
opType=compute_msg, DumpHead: AIV-14, CoreType=AIV, block dim=32, total_block_num=32, block_remain_len=1048448, block_initial_space=1048576, rsv=0, magic=5aa5bccd
CANN Version: 8.0.RC3, TimeStamp: 20241026152044625
opType=compute_msg, DumpHead: AIV-15, CoreType=AIV, block dim=32, total_block_num=32, block_remain_len=1048448, block_initial_space=1048576, rsv=0, magic=5aa5bccd
CANN Version: 8.0.RC3, TimeStamp: 20241026152044625
opType=compute_msg, DumpHead: AIV-16, CoreType=AIV, block dim=32, total_block_num=32, block_remain_len=1048448, block_initial_space=1048576, rsv=0, magic=5aa5bccd
CANN Version: 8.0.RC3, TimeStamp: 20241026152044625
opType=compute_msg, DumpHead: AIV-17, CoreType=AIV, block dim=32, total_block_num=32, block_remain_len=1048448, block_initial_space=1048576, rsv=0, magic=5aa5bccd
CANN Version: 8.0.RC3, TimeStamp: 20241026152044625
opType=compute_msg, DumpHead: AIV-18, CoreType=AIV, block dim=32, total_block_num=32, block_remain_len=1048448, block_initial_space=1048576, rsv=0, magic=5aa5bccd
CANN Version: 8.0.RC3, TimeStamp: 20241026152044625
opType=compute_msg, DumpHead: AIV-19, CoreType=AIV, block dim=32, total_block_num=32, block_remain_len=1048448, block_initial_space=1048576, rsv=0, magic=5aa5bccd
CANN Version: 8.0.RC3, TimeStamp: 20241026152044625
opType=compute_msg, DumpHead: AIV-20, CoreType=AIV, block dim=32, total_block_num=32, block_remain_len=1048448, block_initial_space=1048576, rsv=0, magic=5aa5bccd
CANN Version: 8.0.RC3, TimeStamp: 20241026152044625
opType=compute_msg, DumpHead: AIV-21, CoreType=AIV, block dim=32, total_block_num=32, block_remain_len=1048448, block_initial_space=1048576, rsv=0, magic=5aa5bccd
CANN Version: 8.0.RC3, TimeStamp: 20241026152044625
opType=compute_msg, DumpHead: AIV-22, CoreType=AIV, block dim=32, total_block_num=32, block_remain_len=1048448, block_initial_space=1048576, rsv=0, magic=5aa5bccd
CANN Version: 8.0.RC3, TimeStamp: 20241026152044625
opType=compute_msg, DumpHead: AIV-23, CoreType=AIV, block dim=32, total_block_num=32, block_remain_len=1048448, block_initial_space=1048576, rsv=0, magic=5aa5bccd
CANN Version: 8.0.RC3, TimeStamp: 20241026152044625
opType=compute_msg, DumpHead: AIV-24, CoreType=AIV, block dim=32, total_block_num=32, block_remain_len=1048448, block_initial_space=1048576, rsv=0, magic=5aa5bccd
CANN Version: 8.0.RC3, TimeStamp: 20241026152044625
opType=compute_msg, DumpHead: AIV-25, CoreType=AIV, block dim=32, total_block_num=32, block_remain_len=1048448, block_initial_space=1048576, rsv=0, magic=5aa5bccd
CANN Version: 8.0.RC3, TimeStamp: 20241026152044625
opType=compute_msg, DumpHead: AIV-26, CoreType=AIV, block dim=32, total_block_num=32, block_remain_len=1048448, block_initial_space=1048576, rsv=0, magic=5aa5bccd
CANN Version: 8.0.RC3, TimeStamp: 20241026152044625
opType=compute_msg, DumpHead: AIV-27, CoreType=AIV, block dim=32, total_block_num=32, block_remain_len=1048448, block_initial_space=1048576, rsv=0, magic=5aa5bccd
CANN Version: 8.0.RC3, TimeStamp: 20241026152044625
opType=compute_msg, DumpHead: AIV-28, CoreType=AIV, block dim=32, total_block_num=32, block_remain_len=1048448, block_initial_space=1048576, rsv=0, magic=5aa5bccd
CANN Version: 8.0.RC3, TimeStamp: 20241026152044625
opType=compute_msg, DumpHead: AIV-29, CoreType=AIV, block dim=32, total_block_num=32, block_remain_len=1048448, block_initial_space=1048576, rsv=0, magic=5aa5bccd
CANN Version: 8.0.RC3, TimeStamp: 20241026152044625
opType=compute_msg, DumpHead: AIV-30, CoreType=AIV, block dim=32, total_block_num=32, block_remain_len=1048448, block_initial_space=1048576, rsv=0, magic=5aa5bccd
CANN Version: 8.0.RC3, TimeStamp: 20241026152044625
opType=compute_msg, DumpHead: AIV-31, CoreType=AIV, block dim=32, total_block_num=32, block_remain_len=1048448, block_initial_space=1048576, rsv=0, magic=5aa5bccd
CANN Version: 8.0.RC3, TimeStamp: 20241026152044625
opType=compute_msg, DumpHead: AIV-0, CoreType=AIV, block dim=32, total_block_num=32, block_remain_len=1048408, block_initial_space=1048576, rsv=0, magic=5aa5bccd
CANN Version: 8.0.RC3, TimeStamp: 20241026152044625
Compute Message ...
opType=compute_msg, DumpHead: AIV-1, CoreType=AIV, block dim=32, total_block_num=32, block_remain_len=1048448, block_initial_space=1048576, rsv=0, magic=5aa5bccd
CANN Version: 8.0.RC3, TimeStamp: 20241026152044625
opType=compute_msg, DumpHead: AIV-2, CoreType=AIV, block dim=32, total_block_num=32, block_remain_len=1048448, block_initial_space=1048576, rsv=0, magic=5aa5bccd
CANN Version: 8.0.RC3, TimeStamp: 20241026152044625
opType=compute_msg, DumpHead: AIV-3, CoreType=AIV, block dim=32, total_block_num=32, block_remain_len=1048448, block_initial_space=1048576, rsv=0, magic=5aa5bccd
CANN Version: 8.0.RC3, TimeStamp: 20241026152044625
opType=compute_msg, DumpHead: AIV-4, CoreType=AIV, block dim=32, total_block_num=32, block_remain_len=1048448, block_initial_space=1048576, rsv=0, magic=5aa5bccd
CANN Version: 8.0.RC3, TimeStamp: 20241026152044625
opType=compute_msg, DumpHead: AIV-5, CoreType=AIV, block dim=32, total_block_num=32, block_remain_len=1048448, block_initial_space=1048576, rsv=0, magic=5aa5bccd
CANN Version: 8.0.RC3, TimeStamp: 20241026152044625
opType=compute_msg, DumpHead: AIV-6, CoreType=AIV, block dim=32, total_block_num=32, block_remain_len=1048448, block_initial_space=1048576, rsv=0, magic=5aa5bccd
CANN Version: 8.0.RC3, TimeStamp: 20241026152044625
opType=compute_msg, DumpHead: AIV-7, CoreType=AIV, block dim=32, total_block_num=32, block_remain_len=1048448, block_initial_space=1048576, rsv=0, magic=5aa5bccd
CANN Version: 8.0.RC3, TimeStamp: 20241026152044625
opType=compute_msg, DumpHead: AIV-8, CoreType=AIV, block dim=32, total_block_num=32, block_remain_len=1048448, block_initial_space=1048576, rsv=0, magic=5aa5bccd
CANN Version: 8.0.RC3, TimeStamp: 20241026152044625
opType=compute_msg, DumpHead: AIV-9, CoreType=AIV, block dim=32, total_block_num=32, block_remain_len=1048448, block_initial_space=1048576, rsv=0, magic=5aa5bccd
CANN Version: 8.0.RC3, TimeStamp: 20241026152044625
opType=compute_msg, DumpHead: AIV-10, CoreType=AIV, block dim=32, total_block_num=32, block_remain_len=1048448, block_initial_space=1048576, rsv=0, magic=5aa5bccd
CANN Version: 8.0.RC3, TimeStamp: 20241026152044625
opType=compute_msg, DumpHead: AIV-11, CoreType=AIV, block dim=32, total_block_num=32, block_remain_len=1048448, block_initial_space=1048576, rsv=0, magic=5aa5bccd
CANN Version: 8.0.RC3, TimeStamp: 20241026152044625
opType=compute_msg, DumpHead: AIV-12, CoreType=AIV, block dim=32, total_block_num=32, block_remain_len=1048448, block_initial_space=1048576, rsv=0, magic=5aa5bccd
CANN Version: 8.0.RC3, TimeStamp: 20241026152044625
opType=compute_msg, DumpHead: AIV-13, CoreType=AIV, block dim=32, total_block_num=32, block_remain_len=1048448, block_initial_space=1048576, rsv=0, magic=5aa5bccd
CANN Version: 8.0.RC3, TimeStamp: 20241026152044625
opType=compute_msg, DumpHead: AIV-14, CoreType=AIV, block dim=32, total_block_num=32, block_remain_len=1048448, block_initial_space=1048576, rsv=0, magic=5aa5bccd
CANN Version: 8.0.RC3, TimeStamp: 20241026152044625
opType=compute_msg, DumpHead: AIV-15, CoreType=AIV, block dim=32, total_block_num=32, block_remain_len=1048448, block_initial_space=1048576, rsv=0, magic=5aa5bccd
CANN Version: 8.0.RC3, TimeStamp: 20241026152044625
opType=compute_msg, DumpHead: AIV-16, CoreType=AIV, block dim=32, total_block_num=32, block_remain_len=1048448, block_initial_space=1048576, rsv=0, magic=5aa5bccd
CANN Version: 8.0.RC3, TimeStamp: 20241026152044625
opType=compute_msg, DumpHead: AIV-17, CoreType=AIV, block dim=32, total_block_num=32, block_remain_len=1048448, block_initial_space=1048576, rsv=0, magic=5aa5bccd
CANN Version: 8.0.RC3, TimeStamp: 20241026152044625
opType=compute_msg, DumpHead: AIV-18, CoreType=AIV, block dim=32, total_block_num=32, block_remain_len=1048448, block_initial_space=1048576, rsv=0, magic=5aa5bccd
CANN Version: 8.0.RC3, TimeStamp: 20241026152044625
opType=compute_msg, DumpHead: AIV-19, CoreType=AIV, block dim=32, total_block_num=32, block_remain_len=1048448, block_initial_space=1048576, rsv=0, magic=5aa5bccd
CANN Version: 8.0.RC3, TimeStamp: 20241026152044625
opType=compute_msg, DumpHead: AIV-20, CoreType=AIV, block dim=32, total_block_num=32, block_remain_len=1048448, block_initial_space=1048576, rsv=0, magic=5aa5bccd
CANN Version: 8.0.RC3, TimeStamp: 20241026152044625
opType=compute_msg, DumpHead: AIV-21, CoreType=AIV, block dim=32, total_block_num=32, block_remain_len=1048448, block_initial_space=1048576, rsv=0, magic=5aa5bccd
CANN Version: 8.0.RC3, TimeStamp: 20241026152044625
opType=compute_msg, DumpHead: AIV-22, CoreType=AIV, block dim=32, total_block_num=32, block_remain_len=1048448, block_initial_space=1048576, rsv=0, magic=5aa5bccd
CANN Version: 8.0.RC3, TimeStamp: 20241026152044625
opType=compute_msg, DumpHead: AIV-23, CoreType=AIV, block dim=32, total_block_num=32, block_remain_len=1048448, block_initial_space=1048576, rsv=0, magic=5aa5bccd
CANN Version: 8.0.RC3, TimeStamp: 20241026152044625
opType=compute_msg, DumpHead: AIV-24, CoreType=AIV, block dim=32, total_block_num=32, block_remain_len=1048448, block_initial_space=1048576, rsv=0, magic=5aa5bccd
CANN Version: 8.0.RC3, TimeStamp: 20241026152044625
opType=compute_msg, DumpHead: AIV-25, CoreType=AIV, block dim=32, total_block_num=32, block_remain_len=1048448, block_initial_space=1048576, rsv=0, magic=5aa5bccd
CANN Version: 8.0.RC3, TimeStamp: 20241026152044625
opType=compute_msg, DumpHead: AIV-26, CoreType=AIV, block dim=32, total_block_num=32, block_remain_len=1048448, block_initial_space=1048576, rsv=0, magic=5aa5bccd
CANN Version: 8.0.RC3, TimeStamp: 20241026152044625
opType=compute_msg, DumpHead: AIV-27, CoreType=AIV, block dim=32, total_block_num=32, block_remain_len=1048448, block_initial_space=1048576, rsv=0, magic=5aa5bccd
CANN Version: 8.0.RC3, TimeStamp: 20241026152044625
opType=compute_msg, DumpHead: AIV-28, CoreType=AIV, block dim=32, total_block_num=32, block_remain_len=1048448, block_initial_space=1048576, rsv=0, magic=5aa5bccd
CANN Version: 8.0.RC3, TimeStamp: 20241026152044625
opType=compute_msg, DumpHead: AIV-29, CoreType=AIV, block dim=32, total_block_num=32, block_remain_len=1048448, block_initial_space=1048576, rsv=0, magic=5aa5bccd
CANN Version: 8.0.RC3, TimeStamp: 20241026152044625
opType=compute_msg, DumpHead: AIV-30, CoreType=AIV, block dim=32, total_block_num=32, block_remain_len=1048448, block_initial_space=1048576, rsv=0, magic=5aa5bccd
CANN Version: 8.0.RC3, TimeStamp: 20241026152044625
opType=compute_msg, DumpHead: AIV-31, CoreType=AIV, block dim=32, total_block_num=32, block_remain_len=1048448, block_initial_space=1048576, rsv=0, magic=5aa5bccd
CANN Version: 8.0.RC3, TimeStamp: 20241026152044625
opType=compute_msg, DumpHead: AIV-0, CoreType=AIV, block dim=32, total_block_num=32, block_remain_len=1048408, block_initial_space=1048576, rsv=0, magic=5aa5bccd
CANN Version: 8.0.RC3, TimeStamp: 20241026152044625
Compute Message ...
opType=compute_msg, DumpHead: AIV-1, CoreType=AIV, block dim=32, total_block_num=32, block_remain_len=1048448, block_initial_space=1048576, rsv=0, magic=5aa5bccd
CANN Version: 8.0.RC3, TimeStamp: 20241026152044625
opType=compute_msg, DumpHead: AIV-2, CoreType=AIV, block dim=32, total_block_num=32, block_remain_len=1048448, block_initial_space=1048576, rsv=0, magic=5aa5bccd
CANN Version: 8.0.RC3, TimeStamp: 20241026152044625
opType=compute_msg, DumpHead: AIV-3, CoreType=AIV, block dim=32, total_block_num=32, block_remain_len=1048448, block_initial_space=1048576, rsv=0, magic=5aa5bccd
CANN Version: 8.0.RC3, TimeStamp: 20241026152044625
opType=compute_msg, DumpHead: AIV-4, CoreType=AIV, block dim=32, total_block_num=32, block_remain_len=1048448, block_initial_space=1048576, rsv=0, magic=5aa5bccd
CANN Version: 8.0.RC3, TimeStamp: 20241026152044625
opType=compute_msg, DumpHead: AIV-5, CoreType=AIV, block dim=32, total_block_num=32, block_remain_len=1048448, block_initial_space=1048576, rsv=0, magic=5aa5bccd
CANN Version: 8.0.RC3, TimeStamp: 20241026152044625
opType=compute_msg, DumpHead: AIV-6, CoreType=AIV, block dim=32, total_block_num=32, block_remain_len=1048448, block_initial_space=1048576, rsv=0, magic=5aa5bccd
CANN Version: 8.0.RC3, TimeStamp: 20241026152044625
opType=compute_msg, DumpHead: AIV-7, CoreType=AIV, block dim=32, total_block_num=32, block_remain_len=1048448, block_initial_space=1048576, rsv=0, magic=5aa5bccd
CANN Version: 8.0.RC3, TimeStamp: 20241026152044625
opType=compute_msg, DumpHead: AIV-8, CoreType=AIV, block dim=32, total_block_num=32, block_remain_len=1048448, block_initial_space=1048576, rsv=0, magic=5aa5bccd
CANN Version: 8.0.RC3, TimeStamp: 20241026152044625
opType=compute_msg, DumpHead: AIV-9, CoreType=AIV, block dim=32, total_block_num=32, block_remain_len=1048448, block_initial_space=1048576, rsv=0, magic=5aa5bccd
CANN Version: 8.0.RC3, TimeStamp: 20241026152044625
opType=compute_msg, DumpHead: AIV-10, CoreType=AIV, block dim=32, total_block_num=32, block_remain_len=1048448, block_initial_space=1048576, rsv=0, magic=5aa5bccd
CANN Version: 8.0.RC3, TimeStamp: 20241026152044625
opType=compute_msg, DumpHead: AIV-11, CoreType=AIV, block dim=32, total_block_num=32, block_remain_len=1048448, block_initial_space=1048576, rsv=0, magic=5aa5bccd
CANN Version: 8.0.RC3, TimeStamp: 20241026152044625
opType=compute_msg, DumpHead: AIV-12, CoreType=AIV, block dim=32, total_block_num=32, block_remain_len=1048448, block_initial_space=1048576, rsv=0, magic=5aa5bccd
CANN Version: 8.0.RC3, TimeStamp: 20241026152044625
opType=compute_msg, DumpHead: AIV-13, CoreType=AIV, block dim=32, total_block_num=32, block_remain_len=1048448, block_initial_space=1048576, rsv=0, magic=5aa5bccd
CANN Version: 8.0.RC3, TimeStamp: 20241026152044625
opType=compute_msg, DumpHead: AIV-14, CoreType=AIV, block dim=32, total_block_num=32, block_remain_len=1048448, block_initial_space=1048576, rsv=0, magic=5aa5bccd
CANN Version: 8.0.RC3, TimeStamp: 20241026152044625
opType=compute_msg, DumpHead: AIV-15, CoreType=AIV, block dim=32, total_block_num=32, block_remain_len=1048448, block_initial_space=1048576, rsv=0, magic=5aa5bccd
CANN Version: 8.0.RC3, TimeStamp: 20241026152044625
opType=compute_msg, DumpHead: AIV-16, CoreType=AIV, block dim=32, total_block_num=32, block_remain_len=1048448, block_initial_space=1048576, rsv=0, magic=5aa5bccd
CANN Version: 8.0.RC3, TimeStamp: 20241026152044625
opType=compute_msg, DumpHead: AIV-17, CoreType=AIV, block dim=32, total_block_num=32, block_remain_len=1048448, block_initial_space=1048576, rsv=0, magic=5aa5bccd
CANN Version: 8.0.RC3, TimeStamp: 20241026152044625
opType=compute_msg, DumpHead: AIV-18, CoreType=AIV, block dim=32, total_block_num=32, block_remain_len=1048448, block_initial_space=1048576, rsv=0, magic=5aa5bccd
CANN Version: 8.0.RC3, TimeStamp: 20241026152044625
opType=compute_msg, DumpHead: AIV-19, CoreType=AIV, block dim=32, total_block_num=32, block_remain_len=1048448, block_initial_space=1048576, rsv=0, magic=5aa5bccd
CANN Version: 8.0.RC3, TimeStamp: 20241026152044625
opType=compute_msg, DumpHead: AIV-20, CoreType=AIV, block dim=32, total_block_num=32, block_remain_len=1048448, block_initial_space=1048576, rsv=0, magic=5aa5bccd
CANN Version: 8.0.RC3, TimeStamp: 20241026152044625
opType=compute_msg, DumpHead: AIV-21, CoreType=AIV, block dim=32, total_block_num=32, block_remain_len=1048448, block_initial_space=1048576, rsv=0, magic=5aa5bccd
CANN Version: 8.0.RC3, TimeStamp: 20241026152044625
opType=compute_msg, DumpHead: AIV-22, CoreType=AIV, block dim=32, total_block_num=32, block_remain_len=1048448, block_initial_space=1048576, rsv=0, magic=5aa5bccd
CANN Version: 8.0.RC3, TimeStamp: 20241026152044625
opType=compute_msg, DumpHead: AIV-23, CoreType=AIV, block dim=32, total_block_num=32, block_remain_len=1048448, block_initial_space=1048576, rsv=0, magic=5aa5bccd
CANN Version: 8.0.RC3, TimeStamp: 20241026152044625
opType=compute_msg, DumpHead: AIV-24, CoreType=AIV, block dim=32, total_block_num=32, block_remain_len=1048448, block_initial_space=1048576, rsv=0, magic=5aa5bccd
CANN Version: 8.0.RC3, TimeStamp: 20241026152044625
opType=compute_msg, DumpHead: AIV-25, CoreType=AIV, block dim=32, total_block_num=32, block_remain_len=1048448, block_initial_space=1048576, rsv=0, magic=5aa5bccd
CANN Version: 8.0.RC3, TimeStamp: 20241026152044625
opType=compute_msg, DumpHead: AIV-26, CoreType=AIV, block dim=32, total_block_num=32, block_remain_len=1048448, block_initial_space=1048576, rsv=0, magic=5aa5bccd
CANN Version: 8.0.RC3, TimeStamp: 20241026152044625
opType=compute_msg, DumpHead: AIV-27, CoreType=AIV, block dim=32, total_block_num=32, block_remain_len=1048448, block_initial_space=1048576, rsv=0, magic=5aa5bccd
CANN Version: 8.0.RC3, TimeStamp: 20241026152044625
opType=compute_msg, DumpHead: AIV-28, CoreType=AIV, block dim=32, total_block_num=32, block_remain_len=1048448, block_initial_space=1048576, rsv=0, magic=5aa5bccd
CANN Version: 8.0.RC3, TimeStamp: 20241026152044625
opType=compute_msg, DumpHead: AIV-29, CoreType=AIV, block dim=32, total_block_num=32, block_remain_len=1048448, block_initial_space=1048576, rsv=0, magic=5aa5bccd
CANN Version: 8.0.RC3, TimeStamp: 20241026152044625
opType=compute_msg, DumpHead: AIV-30, CoreType=AIV, block dim=32, total_block_num=32, block_remain_len=1048448, block_initial_space=1048576, rsv=0, magic=5aa5bccd
CANN Version: 8.0.RC3, TimeStamp: 20241026152044625
opType=compute_msg, DumpHead: AIV-31, CoreType=AIV, block dim=32, total_block_num=32, block_remain_len=1048448, block_initial_space=1048576, rsv=0, magic=5aa5bccd
CANN Version: 8.0.RC3, TimeStamp: 20241026152044625
opType=aggregate_msg_split, DumpHead: AIV-0, CoreType=AIV, block dim=32, total_block_num=32, block_remain_len=1048408, block_initial_space=1048576, rsv=0, magic=5aa5bccd
CANN Version: 8.0.RC3, TimeStamp: 20241026152044625
Aggregate Message ...
opType=aggregate_msg_split, DumpHead: AIV-1, CoreType=AIV, block dim=32, total_block_num=32, block_remain_len=1048448, block_initial_space=1048576, rsv=0, magic=5aa5bccd
CANN Version: 8.0.RC3, TimeStamp: 20241026152044625
opType=aggregate_msg_split, DumpHead: AIV-2, CoreType=AIV, block dim=32, total_block_num=32, block_remain_len=1048448, block_initial_space=1048576, rsv=0, magic=5aa5bccd
CANN Version: 8.0.RC3, TimeStamp: 20241026152044625
opType=aggregate_msg_split, DumpHead: AIV-3, CoreType=AIV, block dim=32, total_block_num=32, block_remain_len=1048448, block_initial_space=1048576, rsv=0, magic=5aa5bccd
CANN Version: 8.0.RC3, TimeStamp: 20241026152044625
opType=aggregate_msg_split, DumpHead: AIV-4, CoreType=AIV, block dim=32, total_block_num=32, block_remain_len=1048448, block_initial_space=1048576, rsv=0, magic=5aa5bccd
CANN Version: 8.0.RC3, TimeStamp: 20241026152044625
opType=aggregate_msg_split, DumpHead: AIV-5, CoreType=AIV, block dim=32, total_block_num=32, block_remain_len=1048448, block_initial_space=1048576, rsv=0, magic=5aa5bccd
CANN Version: 8.0.RC3, TimeStamp: 20241026152044625
opType=aggregate_msg_split, DumpHead: AIV-6, CoreType=AIV, block dim=32, total_block_num=32, block_remain_len=1048448, block_initial_space=1048576, rsv=0, magic=5aa5bccd
CANN Version: 8.0.RC3, TimeStamp: 20241026152044625
opType=aggregate_msg_split, DumpHead: AIV-7, CoreType=AIV, block dim=32, total_block_num=32, block_remain_len=1048448, block_initial_space=1048576, rsv=0, magic=5aa5bccd
CANN Version: 8.0.RC3, TimeStamp: 20241026152044625
opType=aggregate_msg_split, DumpHead: AIV-8, CoreType=AIV, block dim=32, total_block_num=32, block_remain_len=1048448, block_initial_space=1048576, rsv=0, magic=5aa5bccd
CANN Version: 8.0.RC3, TimeStamp: 20241026152044625
opType=aggregate_msg_split, DumpHead: AIV-9, CoreType=AIV, block dim=32, total_block_num=32, block_remain_len=1048448, block_initial_space=1048576, rsv=0, magic=5aa5bccd
CANN Version: 8.0.RC3, TimeStamp: 20241026152044625
opType=aggregate_msg_split, DumpHead: AIV-10, CoreType=AIV, block dim=32, total_block_num=32, block_remain_len=1048448, block_initial_space=1048576, rsv=0, magic=5aa5bccd
CANN Version: 8.0.RC3, TimeStamp: 20241026152044625
opType=aggregate_msg_split, DumpHead: AIV-11, CoreType=AIV, block dim=32, total_block_num=32, block_remain_len=1048448, block_initial_space=1048576, rsv=0, magic=5aa5bccd
CANN Version: 8.0.RC3, TimeStamp: 20241026152044625
opType=aggregate_msg_split, DumpHead: AIV-12, CoreType=AIV, block dim=32, total_block_num=32, block_remain_len=1048448, block_initial_space=1048576, rsv=0, magic=5aa5bccd
CANN Version: 8.0.RC3, TimeStamp: 20241026152044625
opType=aggregate_msg_split, DumpHead: AIV-13, CoreType=AIV, block dim=32, total_block_num=32, block_remain_len=1048448, block_initial_space=1048576, rsv=0, magic=5aa5bccd
CANN Version: 8.0.RC3, TimeStamp: 20241026152044625
opType=aggregate_msg_split, DumpHead: AIV-14, CoreType=AIV, block dim=32, total_block_num=32, block_remain_len=1048448, block_initial_space=1048576, rsv=0, magic=5aa5bccd
CANN Version: 8.0.RC3, TimeStamp: 20241026152044625
opType=aggregate_msg_split, DumpHead: AIV-15, CoreType=AIV, block dim=32, total_block_num=32, block_remain_len=1048448, block_initial_space=1048576, rsv=0, magic=5aa5bccd
CANN Version: 8.0.RC3, TimeStamp: 20241026152044625
opType=aggregate_msg_split, DumpHead: AIV-16, CoreType=AIV, block dim=32, total_block_num=32, block_remain_len=1048448, block_initial_space=1048576, rsv=0, magic=5aa5bccd
CANN Version: 8.0.RC3, TimeStamp: 20241026152044625
opType=aggregate_msg_split, DumpHead: AIV-17, CoreType=AIV, block dim=32, total_block_num=32, block_remain_len=1048448, block_initial_space=1048576, rsv=0, magic=5aa5bccd
CANN Version: 8.0.RC3, TimeStamp: 20241026152044625
opType=aggregate_msg_split, DumpHead: AIV-18, CoreType=AIV, block dim=32, total_block_num=32, block_remain_len=1048448, block_initial_space=1048576, rsv=0, magic=5aa5bccd
CANN Version: 8.0.RC3, TimeStamp: 20241026152044625
opType=aggregate_msg_split, DumpHead: AIV-19, CoreType=AIV, block dim=32, total_block_num=32, block_remain_len=1048448, block_initial_space=1048576, rsv=0, magic=5aa5bccd
CANN Version: 8.0.RC3, TimeStamp: 20241026152044625
opType=aggregate_msg_split, DumpHead: AIV-20, CoreType=AIV, block dim=32, total_block_num=32, block_remain_len=1048448, block_initial_space=1048576, rsv=0, magic=5aa5bccd
CANN Version: 8.0.RC3, TimeStamp: 20241026152044625
opType=aggregate_msg_split, DumpHead: AIV-21, CoreType=AIV, block dim=32, total_block_num=32, block_remain_len=1048448, block_initial_space=1048576, rsv=0, magic=5aa5bccd
CANN Version: 8.0.RC3, TimeStamp: 20241026152044625
opType=aggregate_msg_split, DumpHead: AIV-22, CoreType=AIV, block dim=32, total_block_num=32, block_remain_len=1048448, block_initial_space=1048576, rsv=0, magic=5aa5bccd
CANN Version: 8.0.RC3, TimeStamp: 20241026152044625
opType=aggregate_msg_split, DumpHead: AIV-23, CoreType=AIV, block dim=32, total_block_num=32, block_remain_len=1048448, block_initial_space=1048576, rsv=0, magic=5aa5bccd
CANN Version: 8.0.RC3, TimeStamp: 20241026152044625
opType=aggregate_msg_split, DumpHead: AIV-24, CoreType=AIV, block dim=32, total_block_num=32, block_remain_len=1048448, block_initial_space=1048576, rsv=0, magic=5aa5bccd
CANN Version: 8.0.RC3, TimeStamp: 20241026152044625
opType=aggregate_msg_split, DumpHead: AIV-25, CoreType=AIV, block dim=32, total_block_num=32, block_remain_len=1048448, block_initial_space=1048576, rsv=0, magic=5aa5bccd
CANN Version: 8.0.RC3, TimeStamp: 20241026152044625
opType=aggregate_msg_split, DumpHead: AIV-26, CoreType=AIV, block dim=32, total_block_num=32, block_remain_len=1048448, block_initial_space=1048576, rsv=0, magic=5aa5bccd
CANN Version: 8.0.RC3, TimeStamp: 20241026152044625
opType=aggregate_msg_split, DumpHead: AIV-27, CoreType=AIV, block dim=32, total_block_num=32, block_remain_len=1048448, block_initial_space=1048576, rsv=0, magic=5aa5bccd
CANN Version: 8.0.RC3, TimeStamp: 20241026152044625
opType=aggregate_msg_split, DumpHead: AIV-28, CoreType=AIV, block dim=32, total_block_num=32, block_remain_len=1048448, block_initial_space=1048576, rsv=0, magic=5aa5bccd
CANN Version: 8.0.RC3, TimeStamp: 20241026152044625
opType=aggregate_msg_split, DumpHead: AIV-29, CoreType=AIV, block dim=32, total_block_num=32, block_remain_len=1048448, block_initial_space=1048576, rsv=0, magic=5aa5bccd
CANN Version: 8.0.RC3, TimeStamp: 20241026152044625
opType=aggregate_msg_split, DumpHead: AIV-30, CoreType=AIV, block dim=32, total_block_num=32, block_remain_len=1048448, block_initial_space=1048576, rsv=0, magic=5aa5bccd
CANN Version: 8.0.RC3, TimeStamp: 20241026152044625
opType=aggregate_msg_split, DumpHead: AIV-31, CoreType=AIV, block dim=32, total_block_num=32, block_remain_len=1048448, block_initial_space=1048576, rsv=0, magic=5aa5bccd
CANN Version: 8.0.RC3, TimeStamp: 20241026152044625
opType=aggregate_msg_split, DumpHead: AIV-0, CoreType=AIV, block dim=32, total_block_num=32, block_remain_len=1048408, block_initial_space=1048576, rsv=0, magic=5aa5bccd
CANN Version: 8.0.RC3, TimeStamp: 20241026152044625
Aggregate Message ...
opType=aggregate_msg_split, DumpHead: AIV-1, CoreType=AIV, block dim=32, total_block_num=32, block_remain_len=1048448, block_initial_space=1048576, rsv=0, magic=5aa5bccd
CANN Version: 8.0.RC3, TimeStamp: 20241026152044625
opType=aggregate_msg_split, DumpHead: AIV-2, CoreType=AIV, block dim=32, total_block_num=32, block_remain_len=1048448, block_initial_space=1048576, rsv=0, magic=5aa5bccd
CANN Version: 8.0.RC3, TimeStamp: 20241026152044625
opType=aggregate_msg_split, DumpHead: AIV-3, CoreType=AIV, block dim=32, total_block_num=32, block_remain_len=1048448, block_initial_space=1048576, rsv=0, magic=5aa5bccd
CANN Version: 8.0.RC3, TimeStamp: 20241026152044625
opType=aggregate_msg_split, DumpHead: AIV-4, CoreType=AIV, block dim=32, total_block_num=32, block_remain_len=1048448, block_initial_space=1048576, rsv=0, magic=5aa5bccd
CANN Version: 8.0.RC3, TimeStamp: 20241026152044625
opType=aggregate_msg_split, DumpHead: AIV-5, CoreType=AIV, block dim=32, total_block_num=32, block_remain_len=1048448, block_initial_space=1048576, rsv=0, magic=5aa5bccd
CANN Version: 8.0.RC3, TimeStamp: 20241026152044625
opType=aggregate_msg_split, DumpHead: AIV-6, CoreType=AIV, block dim=32, total_block_num=32, block_remain_len=1048448, block_initial_space=1048576, rsv=0, magic=5aa5bccd
CANN Version: 8.0.RC3, TimeStamp: 20241026152044625
opType=aggregate_msg_split, DumpHead: AIV-7, CoreType=AIV, block dim=32, total_block_num=32, block_remain_len=1048448, block_initial_space=1048576, rsv=0, magic=5aa5bccd
CANN Version: 8.0.RC3, TimeStamp: 20241026152044625
opType=aggregate_msg_split, DumpHead: AIV-8, CoreType=AIV, block dim=32, total_block_num=32, block_remain_len=1048448, block_initial_space=1048576, rsv=0, magic=5aa5bccd
CANN Version: 8.0.RC3, TimeStamp: 20241026152044625
opType=aggregate_msg_split, DumpHead: AIV-9, CoreType=AIV, block dim=32, total_block_num=32, block_remain_len=1048448, block_initial_space=1048576, rsv=0, magic=5aa5bccd
CANN Version: 8.0.RC3, TimeStamp: 20241026152044625
opType=aggregate_msg_split, DumpHead: AIV-10, CoreType=AIV, block dim=32, total_block_num=32, block_remain_len=1048448, block_initial_space=1048576, rsv=0, magic=5aa5bccd
CANN Version: 8.0.RC3, TimeStamp: 20241026152044625
opType=aggregate_msg_split, DumpHead: AIV-11, CoreType=AIV, block dim=32, total_block_num=32, block_remain_len=1048448, block_initial_space=1048576, rsv=0, magic=5aa5bccd
CANN Version: 8.0.RC3, TimeStamp: 20241026152044625
opType=aggregate_msg_split, DumpHead: AIV-12, CoreType=AIV, block dim=32, total_block_num=32, block_remain_len=1048448, block_initial_space=1048576, rsv=0, magic=5aa5bccd
CANN Version: 8.0.RC3, TimeStamp: 20241026152044625
opType=aggregate_msg_split, DumpHead: AIV-13, CoreType=AIV, block dim=32, total_block_num=32, block_remain_len=1048448, block_initial_space=1048576, rsv=0, magic=5aa5bccd
CANN Version: 8.0.RC3, TimeStamp: 20241026152044625
opType=aggregate_msg_split, DumpHead: AIV-14, CoreType=AIV, block dim=32, total_block_num=32, block_remain_len=1048448, block_initial_space=1048576, rsv=0, magic=5aa5bccd
CANN Version: 8.0.RC3, TimeStamp: 20241026152044625
opType=aggregate_msg_split, DumpHead: AIV-15, CoreType=AIV, block dim=32, total_block_num=32, block_remain_len=1048448, block_initial_space=1048576, rsv=0, magic=5aa5bccd
CANN Version: 8.0.RC3, TimeStamp: 20241026152044625
opType=aggregate_msg_split, DumpHead: AIV-16, CoreType=AIV, block dim=32, total_block_num=32, block_remain_len=1048448, block_initial_space=1048576, rsv=0, magic=5aa5bccd
CANN Version: 8.0.RC3, TimeStamp: 20241026152044625
opType=aggregate_msg_split, DumpHead: AIV-17, CoreType=AIV, block dim=32, total_block_num=32, block_remain_len=1048448, block_initial_space=1048576, rsv=0, magic=5aa5bccd
CANN Version: 8.0.RC3, TimeStamp: 20241026152044625
opType=aggregate_msg_split, DumpHead: AIV-18, CoreType=AIV, block dim=32, total_block_num=32, block_remain_len=1048448, block_initial_space=1048576, rsv=0, magic=5aa5bccd
CANN Version: 8.0.RC3, TimeStamp: 20241026152044625
opType=aggregate_msg_split, DumpHead: AIV-19, CoreType=AIV, block dim=32, total_block_num=32, block_remain_len=1048448, block_initial_space=1048576, rsv=0, magic=5aa5bccd
CANN Version: 8.0.RC3, TimeStamp: 20241026152044625
opType=aggregate_msg_split, DumpHead: AIV-20, CoreType=AIV, block dim=32, total_block_num=32, block_remain_len=1048448, block_initial_space=1048576, rsv=0, magic=5aa5bccd
CANN Version: 8.0.RC3, TimeStamp: 20241026152044625
opType=aggregate_msg_split, DumpHead: AIV-21, CoreType=AIV, block dim=32, total_block_num=32, block_remain_len=1048448, block_initial_space=1048576, rsv=0, magic=5aa5bccd
CANN Version: 8.0.RC3, TimeStamp: 20241026152044625
opType=aggregate_msg_split, DumpHead: AIV-22, CoreType=AIV, block dim=32, total_block_num=32, block_remain_len=1048448, block_initial_space=1048576, rsv=0, magic=5aa5bccd
CANN Version: 8.0.RC3, TimeStamp: 20241026152044625
opType=aggregate_msg_split, DumpHead: AIV-23, CoreType=AIV, block dim=32, total_block_num=32, block_remain_len=1048448, block_initial_space=1048576, rsv=0, magic=5aa5bccd
CANN Version: 8.0.RC3, TimeStamp: 20241026152044625
opType=aggregate_msg_split, DumpHead: AIV-24, CoreType=AIV, block dim=32, total_block_num=32, block_remain_len=1048448, block_initial_space=1048576, rsv=0, magic=5aa5bccd
CANN Version: 8.0.RC3, TimeStamp: 20241026152044625
opType=aggregate_msg_split, DumpHead: AIV-25, CoreType=AIV, block dim=32, total_block_num=32, block_remain_len=1048448, block_initial_space=1048576, rsv=0, magic=5aa5bccd
CANN Version: 8.0.RC3, TimeStamp: 20241026152044625
opType=aggregate_msg_split, DumpHead: AIV-26, CoreType=AIV, block dim=32, total_block_num=32, block_remain_len=1048448, block_initial_space=1048576, rsv=0, magic=5aa5bccd
CANN Version: 8.0.RC3, TimeStamp: 20241026152044625
opType=aggregate_msg_split, DumpHead: AIV-27, CoreType=AIV, block dim=32, total_block_num=32, block_remain_len=1048448, block_initial_space=1048576, rsv=0, magic=5aa5bccd
CANN Version: 8.0.RC3, TimeStamp: 20241026152044625
opType=aggregate_msg_split, DumpHead: AIV-28, CoreType=AIV, block dim=32, total_block_num=32, block_remain_len=1048448, block_initial_space=1048576, rsv=0, magic=5aa5bccd
CANN Version: 8.0.RC3, TimeStamp: 20241026152044625
opType=aggregate_msg_split, DumpHead: AIV-29, CoreType=AIV, block dim=32, total_block_num=32, block_remain_len=1048448, block_initial_space=1048576, rsv=0, magic=5aa5bccd
CANN Version: 8.0.RC3, TimeStamp: 20241026152044625
opType=aggregate_msg_split, DumpHead: AIV-30, CoreType=AIV, block dim=32, total_block_num=32, block_remain_len=1048448, block_initial_space=1048576, rsv=0, magic=5aa5bccd
CANN Version: 8.0.RC3, TimeStamp: 20241026152044625
opType=aggregate_msg_split, DumpHead: AIV-31, CoreType=AIV, block dim=32, total_block_num=32, block_remain_len=1048448, block_initial_space=1048576, rsv=0, magic=5aa5bccd
CANN Version: 8.0.RC3, TimeStamp: 20241026152044625
opType=aggregate_msg_split, DumpHead: AIV-0, CoreType=AIV, block dim=32, total_block_num=32, block_remain_len=1048408, block_initial_space=1048576, rsv=0, magic=5aa5bccd
CANN Version: 8.0.RC3, TimeStamp: 20241026152044625
Aggregate Message ...
opType=aggregate_msg_split, DumpHead: AIV-1, CoreType=AIV, block dim=32, total_block_num=32, block_remain_len=1048448, block_initial_space=1048576, rsv=0, magic=5aa5bccd
CANN Version: 8.0.RC3, TimeStamp: 20241026152044625
opType=aggregate_msg_split, DumpHead: AIV-2, CoreType=AIV, block dim=32, total_block_num=32, block_remain_len=1048448, block_initial_space=1048576, rsv=0, magic=5aa5bccd
CANN Version: 8.0.RC3, TimeStamp: 20241026152044625
opType=aggregate_msg_split, DumpHead: AIV-3, CoreType=AIV, block dim=32, total_block_num=32, block_remain_len=1048448, block_initial_space=1048576, rsv=0, magic=5aa5bccd
CANN Version: 8.0.RC3, TimeStamp: 20241026152044625
opType=aggregate_msg_split, DumpHead: AIV-4, CoreType=AIV, block dim=32, total_block_num=32, block_remain_len=1048448, block_initial_space=1048576, rsv=0, magic=5aa5bccd
CANN Version: 8.0.RC3, TimeStamp: 20241026152044625
opType=aggregate_msg_split, DumpHead: AIV-5, CoreType=AIV, block dim=32, total_block_num=32, block_remain_len=1048448, block_initial_space=1048576, rsv=0, magic=5aa5bccd
CANN Version: 8.0.RC3, TimeStamp: 20241026152044625
opType=aggregate_msg_split, DumpHead: AIV-6, CoreType=AIV, block dim=32, total_block_num=32, block_remain_len=1048448, block_initial_space=1048576, rsv=0, magic=5aa5bccd
CANN Version: 8.0.RC3, TimeStamp: 20241026152044625
opType=aggregate_msg_split, DumpHead: AIV-7, CoreType=AIV, block dim=32, total_block_num=32, block_remain_len=1048448, block_initial_space=1048576, rsv=0, magic=5aa5bccd
CANN Version: 8.0.RC3, TimeStamp: 20241026152044625
opType=aggregate_msg_split, DumpHead: AIV-8, CoreType=AIV, block dim=32, total_block_num=32, block_remain_len=1048448, block_initial_space=1048576, rsv=0, magic=5aa5bccd
CANN Version: 8.0.RC3, TimeStamp: 20241026152044625
opType=aggregate_msg_split, DumpHead: AIV-9, CoreType=AIV, block dim=32, total_block_num=32, block_remain_len=1048448, block_initial_space=1048576, rsv=0, magic=5aa5bccd
CANN Version: 8.0.RC3, TimeStamp: 20241026152044625
opType=aggregate_msg_split, DumpHead: AIV-10, CoreType=AIV, block dim=32, total_block_num=32, block_remain_len=1048448, block_initial_space=1048576, rsv=0, magic=5aa5bccd
CANN Version: 8.0.RC3, TimeStamp: 20241026152044625
opType=aggregate_msg_split, DumpHead: AIV-11, CoreType=AIV, block dim=32, total_block_num=32, block_remain_len=1048448, block_initial_space=1048576, rsv=0, magic=5aa5bccd
CANN Version: 8.0.RC3, TimeStamp: 20241026152044625
opType=aggregate_msg_split, DumpHead: AIV-12, CoreType=AIV, block dim=32, total_block_num=32, block_remain_len=1048448, block_initial_space=1048576, rsv=0, magic=5aa5bccd
CANN Version: 8.0.RC3, TimeStamp: 20241026152044625
opType=aggregate_msg_split, DumpHead: AIV-13, CoreType=AIV, block dim=32, total_block_num=32, block_remain_len=1048448, block_initial_space=1048576, rsv=0, magic=5aa5bccd
CANN Version: 8.0.RC3, TimeStamp: 20241026152044625
opType=aggregate_msg_split, DumpHead: AIV-14, CoreType=AIV, block dim=32, total_block_num=32, block_remain_len=1048448, block_initial_space=1048576, rsv=0, magic=5aa5bccd
CANN Version: 8.0.RC3, TimeStamp: 20241026152044625
opType=aggregate_msg_split, DumpHead: AIV-15, CoreType=AIV, block dim=32, total_block_num=32, block_remain_len=1048448, block_initial_space=1048576, rsv=0, magic=5aa5bccd
CANN Version: 8.0.RC3, TimeStamp: 20241026152044625
opType=aggregate_msg_split, DumpHead: AIV-16, CoreType=AIV, block dim=32, total_block_num=32, block_remain_len=1048448, block_initial_space=1048576, rsv=0, magic=5aa5bccd
CANN Version: 8.0.RC3, TimeStamp: 20241026152044625
opType=aggregate_msg_split, DumpHead: AIV-17, CoreType=AIV, block dim=32, total_block_num=32, block_remain_len=1048448, block_initial_space=1048576, rsv=0, magic=5aa5bccd
CANN Version: 8.0.RC3, TimeStamp: 20241026152044625
opType=aggregate_msg_split, DumpHead: AIV-18, CoreType=AIV, block dim=32, total_block_num=32, block_remain_len=1048448, block_initial_space=1048576, rsv=0, magic=5aa5bccd
CANN Version: 8.0.RC3, TimeStamp: 20241026152044625
opType=aggregate_msg_split, DumpHead: AIV-19, CoreType=AIV, block dim=32, total_block_num=32, block_remain_len=1048448, block_initial_space=1048576, rsv=0, magic=5aa5bccd
CANN Version: 8.0.RC3, TimeStamp: 20241026152044625
opType=aggregate_msg_split, DumpHead: AIV-20, CoreType=AIV, block dim=32, total_block_num=32, block_remain_len=1048448, block_initial_space=1048576, rsv=0, magic=5aa5bccd
CANN Version: 8.0.RC3, TimeStamp: 20241026152044625
opType=aggregate_msg_split, DumpHead: AIV-21, CoreType=AIV, block dim=32, total_block_num=32, block_remain_len=1048448, block_initial_space=1048576, rsv=0, magic=5aa5bccd
CANN Version: 8.0.RC3, TimeStamp: 20241026152044625
opType=aggregate_msg_split, DumpHead: AIV-22, CoreType=AIV, block dim=32, total_block_num=32, block_remain_len=1048448, block_initial_space=1048576, rsv=0, magic=5aa5bccd
CANN Version: 8.0.RC3, TimeStamp: 20241026152044625
opType=aggregate_msg_split, DumpHead: AIV-23, CoreType=AIV, block dim=32, total_block_num=32, block_remain_len=1048448, block_initial_space=1048576, rsv=0, magic=5aa5bccd
CANN Version: 8.0.RC3, TimeStamp: 20241026152044625
opType=aggregate_msg_split, DumpHead: AIV-24, CoreType=AIV, block dim=32, total_block_num=32, block_remain_len=1048448, block_initial_space=1048576, rsv=0, magic=5aa5bccd
CANN Version: 8.0.RC3, TimeStamp: 20241026152044625
opType=aggregate_msg_split, DumpHead: AIV-25, CoreType=AIV, block dim=32, total_block_num=32, block_remain_len=1048448, block_initial_space=1048576, rsv=0, magic=5aa5bccd
CANN Version: 8.0.RC3, TimeStamp: 20241026152044625
opType=aggregate_msg_split, DumpHead: AIV-26, CoreType=AIV, block dim=32, total_block_num=32, block_remain_len=1048448, block_initial_space=1048576, rsv=0, magic=5aa5bccd
CANN Version: 8.0.RC3, TimeStamp: 20241026152044625
opType=aggregate_msg_split, DumpHead: AIV-27, CoreType=AIV, block dim=32, total_block_num=32, block_remain_len=1048448, block_initial_space=1048576, rsv=0, magic=5aa5bccd
CANN Version: 8.0.RC3, TimeStamp: 20241026152044625
opType=aggregate_msg_split, DumpHead: AIV-28, CoreType=AIV, block dim=32, total_block_num=32, block_remain_len=1048448, block_initial_space=1048576, rsv=0, magic=5aa5bccd
CANN Version: 8.0.RC3, TimeStamp: 20241026152044625
opType=aggregate_msg_split, DumpHead: AIV-29, CoreType=AIV, block dim=32, total_block_num=32, block_remain_len=1048448, block_initial_space=1048576, rsv=0, magic=5aa5bccd
CANN Version: 8.0.RC3, TimeStamp: 20241026152044625
opType=aggregate_msg_split, DumpHead: AIV-30, CoreType=AIV, block dim=32, total_block_num=32, block_remain_len=1048448, block_initial_space=1048576, rsv=0, magic=5aa5bccd
CANN Version: 8.0.RC3, TimeStamp: 20241026152044625
opType=aggregate_msg_split, DumpHead: AIV-31, CoreType=AIV, block dim=32, total_block_num=32, block_remain_len=1048448, block_initial_space=1048576, rsv=0, magic=5aa5bccd
CANN Version: 8.0.RC3, TimeStamp: 20241026152044625
opType=aggregate_msg_split, DumpHead: AIV-0, CoreType=AIV, block dim=32, total_block_num=32, block_remain_len=1048408, block_initial_space=1048576, rsv=0, magic=5aa5bccd
CANN Version: 8.0.RC3, TimeStamp: 20241026152044625
Aggregate Message ...
opType=aggregate_msg_split, DumpHead: AIV-1, CoreType=AIV, block dim=32, total_block_num=32, block_remain_len=1048448, block_initial_space=1048576, rsv=0, magic=5aa5bccd
CANN Version: 8.0.RC3, TimeStamp: 20241026152044625
opType=aggregate_msg_split, DumpHead: AIV-2, CoreType=AIV, block dim=32, total_block_num=32, block_remain_len=1048448, block_initial_space=1048576, rsv=0, magic=5aa5bccd
CANN Version: 8.0.RC3, TimeStamp: 20241026152044625
opType=aggregate_msg_split, DumpHead: AIV-3, CoreType=AIV, block dim=32, total_block_num=32, block_remain_len=1048448, block_initial_space=1048576, rsv=0, magic=5aa5bccd
CANN Version: 8.0.RC3, TimeStamp: 20241026152044625
opType=aggregate_msg_split, DumpHead: AIV-4, CoreType=AIV, block dim=32, total_block_num=32, block_remain_len=1048448, block_initial_space=1048576, rsv=0, magic=5aa5bccd
CANN Version: 8.0.RC3, TimeStamp: 20241026152044625
opType=aggregate_msg_split, DumpHead: AIV-5, CoreType=AIV, block dim=32, total_block_num=32, block_remain_len=1048448, block_initial_space=1048576, rsv=0, magic=5aa5bccd
CANN Version: 8.0.RC3, TimeStamp: 20241026152044625
opType=aggregate_msg_split, DumpHead: AIV-6, CoreType=AIV, block dim=32, total_block_num=32, block_remain_len=1048448, block_initial_space=1048576, rsv=0, magic=5aa5bccd
CANN Version: 8.0.RC3, TimeStamp: 20241026152044625
opType=aggregate_msg_split, DumpHead: AIV-7, CoreType=AIV, block dim=32, total_block_num=32, block_remain_len=1048448, block_initial_space=1048576, rsv=0, magic=5aa5bccd
CANN Version: 8.0.RC3, TimeStamp: 20241026152044625
opType=aggregate_msg_split, DumpHead: AIV-8, CoreType=AIV, block dim=32, total_block_num=32, block_remain_len=1048448, block_initial_space=1048576, rsv=0, magic=5aa5bccd
CANN Version: 8.0.RC3, TimeStamp: 20241026152044625
opType=aggregate_msg_split, DumpHead: AIV-9, CoreType=AIV, block dim=32, total_block_num=32, block_remain_len=1048448, block_initial_space=1048576, rsv=0, magic=5aa5bccd
CANN Version: 8.0.RC3, TimeStamp: 20241026152044625
opType=aggregate_msg_split, DumpHead: AIV-10, CoreType=AIV, block dim=32, total_block_num=32, block_remain_len=1048448, block_initial_space=1048576, rsv=0, magic=5aa5bccd
CANN Version: 8.0.RC3, TimeStamp: 20241026152044625
opType=aggregate_msg_split, DumpHead: AIV-11, CoreType=AIV, block dim=32, total_block_num=32, block_remain_len=1048448, block_initial_space=1048576, rsv=0, magic=5aa5bccd
CANN Version: 8.0.RC3, TimeStamp: 20241026152044625
opType=aggregate_msg_split, DumpHead: AIV-12, CoreType=AIV, block dim=32, total_block_num=32, block_remain_len=1048448, block_initial_space=1048576, rsv=0, magic=5aa5bccd
CANN Version: 8.0.RC3, TimeStamp: 20241026152044625
opType=aggregate_msg_split, DumpHead: AIV-13, CoreType=AIV, block dim=32, total_block_num=32, block_remain_len=1048448, block_initial_space=1048576, rsv=0, magic=5aa5bccd
CANN Version: 8.0.RC3, TimeStamp: 20241026152044625
opType=aggregate_msg_split, DumpHead: AIV-14, CoreType=AIV, block dim=32, total_block_num=32, block_remain_len=1048448, block_initial_space=1048576, rsv=0, magic=5aa5bccd
CANN Version: 8.0.RC3, TimeStamp: 20241026152044625
opType=aggregate_msg_split, DumpHead: AIV-15, CoreType=AIV, block dim=32, total_block_num=32, block_remain_len=1048448, block_initial_space=1048576, rsv=0, magic=5aa5bccd
CANN Version: 8.0.RC3, TimeStamp: 20241026152044625
opType=aggregate_msg_split, DumpHead: AIV-16, CoreType=AIV, block dim=32, total_block_num=32, block_remain_len=1048448, block_initial_space=1048576, rsv=0, magic=5aa5bccd
CANN Version: 8.0.RC3, TimeStamp: 20241026152044625
opType=aggregate_msg_split, DumpHead: AIV-17, CoreType=AIV, block dim=32, total_block_num=32, block_remain_len=1048448, block_initial_space=1048576, rsv=0, magic=5aa5bccd
CANN Version: 8.0.RC3, TimeStamp: 20241026152044625
opType=aggregate_msg_split, DumpHead: AIV-18, CoreType=AIV, block dim=32, total_block_num=32, block_remain_len=1048448, block_initial_space=1048576, rsv=0, magic=5aa5bccd
CANN Version: 8.0.RC3, TimeStamp: 20241026152044625
opType=aggregate_msg_split, DumpHead: AIV-19, CoreType=AIV, block dim=32, total_block_num=32, block_remain_len=1048448, block_initial_space=1048576, rsv=0, magic=5aa5bccd
CANN Version: 8.0.RC3, TimeStamp: 20241026152044625
opType=aggregate_msg_split, DumpHead: AIV-20, CoreType=AIV, block dim=32, total_block_num=32, block_remain_len=1048448, block_initial_space=1048576, rsv=0, magic=5aa5bccd
CANN Version: 8.0.RC3, TimeStamp: 20241026152044625
opType=aggregate_msg_split, DumpHead: AIV-21, CoreType=AIV, block dim=32, total_block_num=32, block_remain_len=1048448, block_initial_space=1048576, rsv=0, magic=5aa5bccd
CANN Version: 8.0.RC3, TimeStamp: 20241026152044625
opType=aggregate_msg_split, DumpHead: AIV-22, CoreType=AIV, block dim=32, total_block_num=32, block_remain_len=1048448, block_initial_space=1048576, rsv=0, magic=5aa5bccd
CANN Version: 8.0.RC3, TimeStamp: 20241026152044625
opType=aggregate_msg_split, DumpHead: AIV-23, CoreType=AIV, block dim=32, total_block_num=32, block_remain_len=1048448, block_initial_space=1048576, rsv=0, magic=5aa5bccd
CANN Version: 8.0.RC3, TimeStamp: 20241026152044625
opType=aggregate_msg_split, DumpHead: AIV-24, CoreType=AIV, block dim=32, total_block_num=32, block_remain_len=1048448, block_initial_space=1048576, rsv=0, magic=5aa5bccd
CANN Version: 8.0.RC3, TimeStamp: 20241026152044625
opType=aggregate_msg_split, DumpHead: AIV-25, CoreType=AIV, block dim=32, total_block_num=32, block_remain_len=1048448, block_initial_space=1048576, rsv=0, magic=5aa5bccd
CANN Version: 8.0.RC3, TimeStamp: 20241026152044625
opType=aggregate_msg_split, DumpHead: AIV-26, CoreType=AIV, block dim=32, total_block_num=32, block_remain_len=1048448, block_initial_space=1048576, rsv=0, magic=5aa5bccd
CANN Version: 8.0.RC3, TimeStamp: 20241026152044625
opType=aggregate_msg_split, DumpHead: AIV-27, CoreType=AIV, block dim=32, total_block_num=32, block_remain_len=1048448, block_initial_space=1048576, rsv=0, magic=5aa5bccd
CANN Version: 8.0.RC3, TimeStamp: 20241026152044625
opType=aggregate_msg_split, DumpHead: AIV-28, CoreType=AIV, block dim=32, total_block_num=32, block_remain_len=1048448, block_initial_space=1048576, rsv=0, magic=5aa5bccd
CANN Version: 8.0.RC3, TimeStamp: 20241026152044625
opType=aggregate_msg_split, DumpHead: AIV-29, CoreType=AIV, block dim=32, total_block_num=32, block_remain_len=1048448, block_initial_space=1048576, rsv=0, magic=5aa5bccd
CANN Version: 8.0.RC3, TimeStamp: 20241026152044625
opType=aggregate_msg_split, DumpHead: AIV-30, CoreType=AIV, block dim=32, total_block_num=32, block_remain_len=1048448, block_initial_space=1048576, rsv=0, magic=5aa5bccd
CANN Version: 8.0.RC3, TimeStamp: 20241026152044625
opType=aggregate_msg_split, DumpHead: AIV-31, CoreType=AIV, block dim=32, total_block_num=32, block_remain_len=1048448, block_initial_space=1048576, rsv=0, magic=5aa5bccd
CANN Version: 8.0.RC3, TimeStamp: 20241026152044625
opType=reset_value, DumpHead: AIV-0, CoreType=AIV, block dim=32, total_block_num=32, block_remain_len=1048408, block_initial_space=1048576, rsv=0, magic=5aa5bccd
CANN Version: 8.0.RC3, TimeStamp: 20241026152044625
Reset Value ...
opType=reset_value, DumpHead: AIV-1, CoreType=AIV, block dim=32, total_block_num=32, block_remain_len=1048448, block_initial_space=1048576, rsv=0, magic=5aa5bccd
CANN Version: 8.0.RC3, TimeStamp: 20241026152044625
opType=reset_value, DumpHead: AIV-2, CoreType=AIV, block dim=32, total_block_num=32, block_remain_len=1048448, block_initial_space=1048576, rsv=0, magic=5aa5bccd
CANN Version: 8.0.RC3, TimeStamp: 20241026152044625
opType=reset_value, DumpHead: AIV-3, CoreType=AIV, block dim=32, total_block_num=32, block_remain_len=1048448, block_initial_space=1048576, rsv=0, magic=5aa5bccd
CANN Version: 8.0.RC3, TimeStamp: 20241026152044625
opType=reset_value, DumpHead: AIV-4, CoreType=AIV, block dim=32, total_block_num=32, block_remain_len=1048448, block_initial_space=1048576, rsv=0, magic=5aa5bccd
CANN Version: 8.0.RC3, TimeStamp: 20241026152044625
opType=reset_value, DumpHead: AIV-5, CoreType=AIV, block dim=32, total_block_num=32, block_remain_len=1048448, block_initial_space=1048576, rsv=0, magic=5aa5bccd
CANN Version: 8.0.RC3, TimeStamp: 20241026152044625
opType=reset_value, DumpHead: AIV-6, CoreType=AIV, block dim=32, total_block_num=32, block_remain_len=1048448, block_initial_space=1048576, rsv=0, magic=5aa5bccd
CANN Version: 8.0.RC3, TimeStamp: 20241026152044625
opType=reset_value, DumpHead: AIV-7, CoreType=AIV, block dim=32, total_block_num=32, block_remain_len=1048448, block_initial_space=1048576, rsv=0, magic=5aa5bccd
CANN Version: 8.0.RC3, TimeStamp: 20241026152044625
opType=reset_value, DumpHead: AIV-8, CoreType=AIV, block dim=32, total_block_num=32, block_remain_len=1048448, block_initial_space=1048576, rsv=0, magic=5aa5bccd
CANN Version: 8.0.RC3, TimeStamp: 20241026152044625
opType=reset_value, DumpHead: AIV-9, CoreType=AIV, block dim=32, total_block_num=32, block_remain_len=1048448, block_initial_space=1048576, rsv=0, magic=5aa5bccd
CANN Version: 8.0.RC3, TimeStamp: 20241026152044625
opType=reset_value, DumpHead: AIV-10, CoreType=AIV, block dim=32, total_block_num=32, block_remain_len=1048448, block_initial_space=1048576, rsv=0, magic=5aa5bccd
CANN Version: 8.0.RC3, TimeStamp: 20241026152044625
opType=reset_value, DumpHead: AIV-11, CoreType=AIV, block dim=32, total_block_num=32, block_remain_len=1048448, block_initial_space=1048576, rsv=0, magic=5aa5bccd
CANN Version: 8.0.RC3, TimeStamp: 20241026152044625
opType=reset_value, DumpHead: AIV-12, CoreType=AIV, block dim=32, total_block_num=32, block_remain_len=1048448, block_initial_space=1048576, rsv=0, magic=5aa5bccd
CANN Version: 8.0.RC3, TimeStamp: 20241026152044625
opType=reset_value, DumpHead: AIV-13, CoreType=AIV, block dim=32, total_block_num=32, block_remain_len=1048448, block_initial_space=1048576, rsv=0, magic=5aa5bccd
CANN Version: 8.0.RC3, TimeStamp: 20241026152044625
opType=reset_value, DumpHead: AIV-14, CoreType=AIV, block dim=32, total_block_num=32, block_remain_len=1048448, block_initial_space=1048576, rsv=0, magic=5aa5bccd
CANN Version: 8.0.RC3, TimeStamp: 20241026152044625
opType=reset_value, DumpHead: AIV-15, CoreType=AIV, block dim=32, total_block_num=32, block_remain_len=1048448, block_initial_space=1048576, rsv=0, magic=5aa5bccd
CANN Version: 8.0.RC3, TimeStamp: 20241026152044625
opType=reset_value, DumpHead: AIV-16, CoreType=AIV, block dim=32, total_block_num=32, block_remain_len=1048448, block_initial_space=1048576, rsv=0, magic=5aa5bccd
CANN Version: 8.0.RC3, TimeStamp: 20241026152044625
opType=reset_value, DumpHead: AIV-17, CoreType=AIV, block dim=32, total_block_num=32, block_remain_len=1048448, block_initial_space=1048576, rsv=0, magic=5aa5bccd
CANN Version: 8.0.RC3, TimeStamp: 20241026152044625
opType=reset_value, DumpHead: AIV-18, CoreType=AIV, block dim=32, total_block_num=32, block_remain_len=1048448, block_initial_space=1048576, rsv=0, magic=5aa5bccd
CANN Version: 8.0.RC3, TimeStamp: 20241026152044625
opType=reset_value, DumpHead: AIV-19, CoreType=AIV, block dim=32, total_block_num=32, block_remain_len=1048448, block_initial_space=1048576, rsv=0, magic=5aa5bccd
CANN Version: 8.0.RC3, TimeStamp: 20241026152044625
opType=reset_value, DumpHead: AIV-20, CoreType=AIV, block dim=32, total_block_num=32, block_remain_len=1048448, block_initial_space=1048576, rsv=0, magic=5aa5bccd
CANN Version: 8.0.RC3, TimeStamp: 20241026152044625
opType=reset_value, DumpHead: AIV-21, CoreType=AIV, block dim=32, total_block_num=32, block_remain_len=1048448, block_initial_space=1048576, rsv=0, magic=5aa5bccd
CANN Version: 8.0.RC3, TimeStamp: 20241026152044625
opType=reset_value, DumpHead: AIV-22, CoreType=AIV, block dim=32, total_block_num=32, block_remain_len=1048448, block_initial_space=1048576, rsv=0, magic=5aa5bccd
CANN Version: 8.0.RC3, TimeStamp: 20241026152044625
opType=reset_value, DumpHead: AIV-23, CoreType=AIV, block dim=32, total_block_num=32, block_remain_len=1048448, block_initial_space=1048576, rsv=0, magic=5aa5bccd
CANN Version: 8.0.RC3, TimeStamp: 20241026152044625
opType=reset_value, DumpHead: AIV-24, CoreType=AIV, block dim=32, total_block_num=32, block_remain_len=1048448, block_initial_space=1048576, rsv=0, magic=5aa5bccd
CANN Version: 8.0.RC3, TimeStamp: 20241026152044625
opType=reset_value, DumpHead: AIV-25, CoreType=AIV, block dim=32, total_block_num=32, block_remain_len=1048448, block_initial_space=1048576, rsv=0, magic=5aa5bccd
CANN Version: 8.0.RC3, TimeStamp: 20241026152044625
opType=reset_value, DumpHead: AIV-26, CoreType=AIV, block dim=32, total_block_num=32, block_remain_len=1048448, block_initial_space=1048576, rsv=0, magic=5aa5bccd
CANN Version: 8.0.RC3, TimeStamp: 20241026152044625
opType=reset_value, DumpHead: AIV-27, CoreType=AIV, block dim=32, total_block_num=32, block_remain_len=1048448, block_initial_space=1048576, rsv=0, magic=5aa5bccd
CANN Version: 8.0.RC3, TimeStamp: 20241026152044625
opType=reset_value, DumpHead: AIV-28, CoreType=AIV, block dim=32, total_block_num=32, block_remain_len=1048448, block_initial_space=1048576, rsv=0, magic=5aa5bccd
CANN Version: 8.0.RC3, TimeStamp: 20241026152044625
opType=reset_value, DumpHead: AIV-29, CoreType=AIV, block dim=32, total_block_num=32, block_remain_len=1048448, block_initial_space=1048576, rsv=0, magic=5aa5bccd
CANN Version: 8.0.RC3, TimeStamp: 20241026152044625
opType=reset_value, DumpHead: AIV-30, CoreType=AIV, block dim=32, total_block_num=32, block_remain_len=1048448, block_initial_space=1048576, rsv=0, magic=5aa5bccd
CANN Version: 8.0.RC3, TimeStamp: 20241026152044625
opType=reset_value, DumpHead: AIV-31, CoreType=AIV, block dim=32, total_block_num=32, block_remain_len=1048448, block_initial_space=1048576, rsv=0, magic=5aa5bccd
CANN Version: 8.0.RC3, TimeStamp: 20241026152044625
opType=reset_value, DumpHead: AIV-0, CoreType=AIV, block dim=32, total_block_num=32, block_remain_len=1048408, block_initial_space=1048576, rsv=0, magic=5aa5bccd
CANN Version: 8.0.RC3, TimeStamp: 20241026152044625
Reset Value ...
opType=reset_value, DumpHead: AIV-1, CoreType=AIV, block dim=32, total_block_num=32, block_remain_len=1048448, block_initial_space=1048576, rsv=0, magic=5aa5bccd
CANN Version: 8.0.RC3, TimeStamp: 20241026152044625
opType=reset_value, DumpHead: AIV-2, CoreType=AIV, block dim=32, total_block_num=32, block_remain_len=1048448, block_initial_space=1048576, rsv=0, magic=5aa5bccd
CANN Version: 8.0.RC3, TimeStamp: 20241026152044625
opType=reset_value, DumpHead: AIV-3, CoreType=AIV, block dim=32, total_block_num=32, block_remain_len=1048448, block_initial_space=1048576, rsv=0, magic=5aa5bccd
CANN Version: 8.0.RC3, TimeStamp: 20241026152044625
opType=reset_value, DumpHead: AIV-4, CoreType=AIV, block dim=32, total_block_num=32, block_remain_len=1048448, block_initial_space=1048576, rsv=0, magic=5aa5bccd
CANN Version: 8.0.RC3, TimeStamp: 20241026152044625
opType=reset_value, DumpHead: AIV-5, CoreType=AIV, block dim=32, total_block_num=32, block_remain_len=1048448, block_initial_space=1048576, rsv=0, magic=5aa5bccd
CANN Version: 8.0.RC3, TimeStamp: 20241026152044625
opType=reset_value, DumpHead: AIV-6, CoreType=AIV, block dim=32, total_block_num=32, block_remain_len=1048448, block_initial_space=1048576, rsv=0, magic=5aa5bccd
CANN Version: 8.0.RC3, TimeStamp: 20241026152044625
opType=reset_value, DumpHead: AIV-7, CoreType=AIV, block dim=32, total_block_num=32, block_remain_len=1048448, block_initial_space=1048576, rsv=0, magic=5aa5bccd
CANN Version: 8.0.RC3, TimeStamp: 20241026152044625
opType=reset_value, DumpHead: AIV-8, CoreType=AIV, block dim=32, total_block_num=32, block_remain_len=1048448, block_initial_space=1048576, rsv=0, magic=5aa5bccd
CANN Version: 8.0.RC3, TimeStamp: 20241026152044625
opType=reset_value, DumpHead: AIV-9, CoreType=AIV, block dim=32, total_block_num=32, block_remain_len=1048448, block_initial_space=1048576, rsv=0, magic=5aa5bccd
CANN Version: 8.0.RC3, TimeStamp: 20241026152044625
opType=reset_value, DumpHead: AIV-10, CoreType=AIV, block dim=32, total_block_num=32, block_remain_len=1048448, block_initial_space=1048576, rsv=0, magic=5aa5bccd
CANN Version: 8.0.RC3, TimeStamp: 20241026152044625
opType=reset_value, DumpHead: AIV-11, CoreType=AIV, block dim=32, total_block_num=32, block_remain_len=1048448, block_initial_space=1048576, rsv=0, magic=5aa5bccd
CANN Version: 8.0.RC3, TimeStamp: 20241026152044625
opType=reset_value, DumpHead: AIV-12, CoreType=AIV, block dim=32, total_block_num=32, block_remain_len=1048448, block_initial_space=1048576, rsv=0, magic=5aa5bccd
CANN Version: 8.0.RC3, TimeStamp: 20241026152044625
opType=reset_value, DumpHead: AIV-13, CoreType=AIV, block dim=32, total_block_num=32, block_remain_len=1048448, block_initial_space=1048576, rsv=0, magic=5aa5bccd
CANN Version: 8.0.RC3, TimeStamp: 20241026152044625
opType=reset_value, DumpHead: AIV-14, CoreType=AIV, block dim=32, total_block_num=32, block_remain_len=1048448, block_initial_space=1048576, rsv=0, magic=5aa5bccd
CANN Version: 8.0.RC3, TimeStamp: 20241026152044625
opType=reset_value, DumpHead: AIV-15, CoreType=AIV, block dim=32, total_block_num=32, block_remain_len=1048448, block_initial_space=1048576, rsv=0, magic=5aa5bccd
CANN Version: 8.0.RC3, TimeStamp: 20241026152044625
opType=reset_value, DumpHead: AIV-16, CoreType=AIV, block dim=32, total_block_num=32, block_remain_len=1048448, block_initial_space=1048576, rsv=0, magic=5aa5bccd
CANN Version: 8.0.RC3, TimeStamp: 20241026152044625
opType=reset_value, DumpHead: AIV-17, CoreType=AIV, block dim=32, total_block_num=32, block_remain_len=1048448, block_initial_space=1048576, rsv=0, magic=5aa5bccd
CANN Version: 8.0.RC3, TimeStamp: 20241026152044625
opType=reset_value, DumpHead: AIV-18, CoreType=AIV, block dim=32, total_block_num=32, block_remain_len=1048448, block_initial_space=1048576, rsv=0, magic=5aa5bccd
CANN Version: 8.0.RC3, TimeStamp: 20241026152044625
opType=reset_value, DumpHead: AIV-19, CoreType=AIV, block dim=32, total_block_num=32, block_remain_len=1048448, block_initial_space=1048576, rsv=0, magic=5aa5bccd
CANN Version: 8.0.RC3, TimeStamp: 20241026152044625
opType=reset_value, DumpHead: AIV-20, CoreType=AIV, block dim=32, total_block_num=32, block_remain_len=1048448, block_initial_space=1048576, rsv=0, magic=5aa5bccd
CANN Version: 8.0.RC3, TimeStamp: 20241026152044625
opType=reset_value, DumpHead: AIV-21, CoreType=AIV, block dim=32, total_block_num=32, block_remain_len=1048448, block_initial_space=1048576, rsv=0, magic=5aa5bccd
CANN Version: 8.0.RC3, TimeStamp: 20241026152044625
opType=reset_value, DumpHead: AIV-22, CoreType=AIV, block dim=32, total_block_num=32, block_remain_len=1048448, block_initial_space=1048576, rsv=0, magic=5aa5bccd
CANN Version: 8.0.RC3, TimeStamp: 20241026152044625
opType=reset_value, DumpHead: AIV-23, CoreType=AIV, block dim=32, total_block_num=32, block_remain_len=1048448, block_initial_space=1048576, rsv=0, magic=5aa5bccd
CANN Version: 8.0.RC3, TimeStamp: 20241026152044625
opType=reset_value, DumpHead: AIV-24, CoreType=AIV, block dim=32, total_block_num=32, block_remain_len=1048448, block_initial_space=1048576, rsv=0, magic=5aa5bccd
CANN Version: 8.0.RC3, TimeStamp: 20241026152044625
opType=reset_value, DumpHead: AIV-25, CoreType=AIV, block dim=32, total_block_num=32, block_remain_len=1048448, block_initial_space=1048576, rsv=0, magic=5aa5bccd
CANN Version: 8.0.RC3, TimeStamp: 20241026152044625
opType=reset_value, DumpHead: AIV-26, CoreType=AIV, block dim=32, total_block_num=32, block_remain_len=1048448, block_initial_space=1048576, rsv=0, magic=5aa5bccd
CANN Version: 8.0.RC3, TimeStamp: 20241026152044625
opType=reset_value, DumpHead: AIV-27, CoreType=AIV, block dim=32, total_block_num=32, block_remain_len=1048448, block_initial_space=1048576, rsv=0, magic=5aa5bccd
CANN Version: 8.0.RC3, TimeStamp: 20241026152044625
opType=reset_value, DumpHead: AIV-28, CoreType=AIV, block dim=32, total_block_num=32, block_remain_len=1048448, block_initial_space=1048576, rsv=0, magic=5aa5bccd
CANN Version: 8.0.RC3, TimeStamp: 20241026152044625
opType=reset_value, DumpHead: AIV-29, CoreType=AIV, block dim=32, total_block_num=32, block_remain_len=1048448, block_initial_space=1048576, rsv=0, magic=5aa5bccd
CANN Version: 8.0.RC3, TimeStamp: 20241026152044625
opType=reset_value, DumpHead: AIV-30, CoreType=AIV, block dim=32, total_block_num=32, block_remain_len=1048448, block_initial_space=1048576, rsv=0, magic=5aa5bccd
CANN Version: 8.0.RC3, TimeStamp: 20241026152044625
opType=reset_value, DumpHead: AIV-31, CoreType=AIV, block dim=32, total_block_num=32, block_remain_len=1048448, block_initial_space=1048576, rsv=0, magic=5aa5bccd
CANN Version: 8.0.RC3, TimeStamp: 20241026152044625
opType=reset_value, DumpHead: AIV-0, CoreType=AIV, block dim=32, total_block_num=32, block_remain_len=1048408, block_initial_space=1048576, rsv=0, magic=5aa5bccd
CANN Version: 8.0.RC3, TimeStamp: 20241026152044625
Reset Value ...
opType=reset_value, DumpHead: AIV-1, CoreType=AIV, block dim=32, total_block_num=32, block_remain_len=1048448, block_initial_space=1048576, rsv=0, magic=5aa5bccd
CANN Version: 8.0.RC3, TimeStamp: 20241026152044625
opType=reset_value, DumpHead: AIV-2, CoreType=AIV, block dim=32, total_block_num=32, block_remain_len=1048448, block_initial_space=1048576, rsv=0, magic=5aa5bccd
CANN Version: 8.0.RC3, TimeStamp: 20241026152044625
opType=reset_value, DumpHead: AIV-3, CoreType=AIV, block dim=32, total_block_num=32, block_remain_len=1048448, block_initial_space=1048576, rsv=0, magic=5aa5bccd
CANN Version: 8.0.RC3, TimeStamp: 20241026152044625
opType=reset_value, DumpHead: AIV-4, CoreType=AIV, block dim=32, total_block_num=32, block_remain_len=1048448, block_initial_space=1048576, rsv=0, magic=5aa5bccd
CANN Version: 8.0.RC3, TimeStamp: 20241026152044625
opType=reset_value, DumpHead: AIV-5, CoreType=AIV, block dim=32, total_block_num=32, block_remain_len=1048448, block_initial_space=1048576, rsv=0, magic=5aa5bccd
CANN Version: 8.0.RC3, TimeStamp: 20241026152044625
opType=reset_value, DumpHead: AIV-6, CoreType=AIV, block dim=32, total_block_num=32, block_remain_len=1048448, block_initial_space=1048576, rsv=0, magic=5aa5bccd
CANN Version: 8.0.RC3, TimeStamp: 20241026152044625
opType=reset_value, DumpHead: AIV-7, CoreType=AIV, block dim=32, total_block_num=32, block_remain_len=1048448, block_initial_space=1048576, rsv=0, magic=5aa5bccd
CANN Version: 8.0.RC3, TimeStamp: 20241026152044625
opType=reset_value, DumpHead: AIV-8, CoreType=AIV, block dim=32, total_block_num=32, block_remain_len=1048448, block_initial_space=1048576, rsv=0, magic=5aa5bccd
CANN Version: 8.0.RC3, TimeStamp: 20241026152044625
opType=reset_value, DumpHead: AIV-9, CoreType=AIV, block dim=32, total_block_num=32, block_remain_len=1048448, block_initial_space=1048576, rsv=0, magic=5aa5bccd
CANN Version: 8.0.RC3, TimeStamp: 20241026152044625
opType=reset_value, DumpHead: AIV-10, CoreType=AIV, block dim=32, total_block_num=32, block_remain_len=1048448, block_initial_space=1048576, rsv=0, magic=5aa5bccd
CANN Version: 8.0.RC3, TimeStamp: 20241026152044625
opType=reset_value, DumpHead: AIV-11, CoreType=AIV, block dim=32, total_block_num=32, block_remain_len=1048448, block_initial_space=1048576, rsv=0, magic=5aa5bccd
CANN Version: 8.0.RC3, TimeStamp: 20241026152044625
opType=reset_value, DumpHead: AIV-12, CoreType=AIV, block dim=32, total_block_num=32, block_remain_len=1048448, block_initial_space=1048576, rsv=0, magic=5aa5bccd
CANN Version: 8.0.RC3, TimeStamp: 20241026152044625
opType=reset_value, DumpHead: AIV-13, CoreType=AIV, block dim=32, total_block_num=32, block_remain_len=1048448, block_initial_space=1048576, rsv=0, magic=5aa5bccd
CANN Version: 8.0.RC3, TimeStamp: 20241026152044625
opType=reset_value, DumpHead: AIV-14, CoreType=AIV, block dim=32, total_block_num=32, block_remain_len=1048448, block_initial_space=1048576, rsv=0, magic=5aa5bccd
CANN Version: 8.0.RC3, TimeStamp: 20241026152044625
opType=reset_value, DumpHead: AIV-15, CoreType=AIV, block dim=32, total_block_num=32, block_remain_len=1048448, block_initial_space=1048576, rsv=0, magic=5aa5bccd
CANN Version: 8.0.RC3, TimeStamp: 20241026152044625
opType=reset_value, DumpHead: AIV-16, CoreType=AIV, block dim=32, total_block_num=32, block_remain_len=1048448, block_initial_space=1048576, rsv=0, magic=5aa5bccd
CANN Version: 8.0.RC3, TimeStamp: 20241026152044625
opType=reset_value, DumpHead: AIV-17, CoreType=AIV, block dim=32, total_block_num=32, block_remain_len=1048448, block_initial_space=1048576, rsv=0, magic=5aa5bccd
CANN Version: 8.0.RC3, TimeStamp: 20241026152044625
opType=reset_value, DumpHead: AIV-18, CoreType=AIV, block dim=32, total_block_num=32, block_remain_len=1048448, block_initial_space=1048576, rsv=0, magic=5aa5bccd
CANN Version: 8.0.RC3, TimeStamp: 20241026152044625
opType=reset_value, DumpHead: AIV-19, CoreType=AIV, block dim=32, total_block_num=32, block_remain_len=1048448, block_initial_space=1048576, rsv=0, magic=5aa5bccd
CANN Version: 8.0.RC3, TimeStamp: 20241026152044625
opType=reset_value, DumpHead: AIV-20, CoreType=AIV, block dim=32, total_block_num=32, block_remain_len=1048448, block_initial_space=1048576, rsv=0, magic=5aa5bccd
CANN Version: 8.0.RC3, TimeStamp: 20241026152044625
opType=reset_value, DumpHead: AIV-21, CoreType=AIV, block dim=32, total_block_num=32, block_remain_len=1048448, block_initial_space=1048576, rsv=0, magic=5aa5bccd
CANN Version: 8.0.RC3, TimeStamp: 20241026152044625
opType=reset_value, DumpHead: AIV-22, CoreType=AIV, block dim=32, total_block_num=32, block_remain_len=1048448, block_initial_space=1048576, rsv=0, magic=5aa5bccd
CANN Version: 8.0.RC3, TimeStamp: 20241026152044625
opType=reset_value, DumpHead: AIV-23, CoreType=AIV, block dim=32, total_block_num=32, block_remain_len=1048448, block_initial_space=1048576, rsv=0, magic=5aa5bccd
CANN Version: 8.0.RC3, TimeStamp: 20241026152044625
opType=reset_value, DumpHead: AIV-24, CoreType=AIV, block dim=32, total_block_num=32, block_remain_len=1048448, block_initial_space=1048576, rsv=0, magic=5aa5bccd
CANN Version: 8.0.RC3, TimeStamp: 20241026152044625
opType=reset_value, DumpHead: AIV-25, CoreType=AIV, block dim=32, total_block_num=32, block_remain_len=1048448, block_initial_space=1048576, rsv=0, magic=5aa5bccd
CANN Version: 8.0.RC3, TimeStamp: 20241026152044625
opType=reset_value, DumpHead: AIV-26, CoreType=AIV, block dim=32, total_block_num=32, block_remain_len=1048448, block_initial_space=1048576, rsv=0, magic=5aa5bccd
CANN Version: 8.0.RC3, TimeStamp: 20241026152044625
opType=reset_value, DumpHead: AIV-27, CoreType=AIV, block dim=32, total_block_num=32, block_remain_len=1048448, block_initial_space=1048576, rsv=0, magic=5aa5bccd
CANN Version: 8.0.RC3, TimeStamp: 20241026152044625
opType=reset_value, DumpHead: AIV-28, CoreType=AIV, block dim=32, total_block_num=32, block_remain_len=1048448, block_initial_space=1048576, rsv=0, magic=5aa5bccd
CANN Version: 8.0.RC3, TimeStamp: 20241026152044625
opType=reset_value, DumpHead: AIV-29, CoreType=AIV, block dim=32, total_block_num=32, block_remain_len=1048448, block_initial_space=1048576, rsv=0, magic=5aa5bccd
CANN Version: 8.0.RC3, TimeStamp: 20241026152044625
opType=reset_value, DumpHead: AIV-30, CoreType=AIV, block dim=32, total_block_num=32, block_remain_len=1048448, block_initial_space=1048576, rsv=0, magic=5aa5bccd
CANN Version: 8.0.RC3, TimeStamp: 20241026152044625
opType=reset_value, DumpHead: AIV-31, CoreType=AIV, block dim=32, total_block_num=32, block_remain_len=1048448, block_initial_space=1048576, rsv=0, magic=5aa5bccd
CANN Version: 8.0.RC3, TimeStamp: 20241026152044625
opType=reset_value, DumpHead: AIV-0, CoreType=AIV, block dim=32, total_block_num=32, block_remain_len=1048408, block_initial_space=1048576, rsv=0, magic=5aa5bccd
CANN Version: 8.0.RC3, TimeStamp: 20241026152044625
Reset Value ...
opType=reset_value, DumpHead: AIV-1, CoreType=AIV, block dim=32, total_block_num=32, block_remain_len=1048448, block_initial_space=1048576, rsv=0, magic=5aa5bccd
CANN Version: 8.0.RC3, TimeStamp: 20241026152044625
opType=reset_value, DumpHead: AIV-2, CoreType=AIV, block dim=32, total_block_num=32, block_remain_len=1048448, block_initial_space=1048576, rsv=0, magic=5aa5bccd
CANN Version: 8.0.RC3, TimeStamp: 20241026152044625
opType=reset_value, DumpHead: AIV-3, CoreType=AIV, block dim=32, total_block_num=32, block_remain_len=1048448, block_initial_space=1048576, rsv=0, magic=5aa5bccd
CANN Version: 8.0.RC3, TimeStamp: 20241026152044625
opType=reset_value, DumpHead: AIV-4, CoreType=AIV, block dim=32, total_block_num=32, block_remain_len=1048448, block_initial_space=1048576, rsv=0, magic=5aa5bccd
CANN Version: 8.0.RC3, TimeStamp: 20241026152044625
opType=reset_value, DumpHead: AIV-5, CoreType=AIV, block dim=32, total_block_num=32, block_remain_len=1048448, block_initial_space=1048576, rsv=0, magic=5aa5bccd
CANN Version: 8.0.RC3, TimeStamp: 20241026152044625
opType=reset_value, DumpHead: AIV-6, CoreType=AIV, block dim=32, total_block_num=32, block_remain_len=1048448, block_initial_space=1048576, rsv=0, magic=5aa5bccd
CANN Version: 8.0.RC3, TimeStamp: 20241026152044625
opType=reset_value, DumpHead: AIV-7, CoreType=AIV, block dim=32, total_block_num=32, block_remain_len=1048448, block_initial_space=1048576, rsv=0, magic=5aa5bccd
CANN Version: 8.0.RC3, TimeStamp: 20241026152044625
opType=reset_value, DumpHead: AIV-8, CoreType=AIV, block dim=32, total_block_num=32, block_remain_len=1048448, block_initial_space=1048576, rsv=0, magic=5aa5bccd
CANN Version: 8.0.RC3, TimeStamp: 20241026152044625
opType=reset_value, DumpHead: AIV-9, CoreType=AIV, block dim=32, total_block_num=32, block_remain_len=1048448, block_initial_space=1048576, rsv=0, magic=5aa5bccd
CANN Version: 8.0.RC3, TimeStamp: 20241026152044625
opType=reset_value, DumpHead: AIV-10, CoreType=AIV, block dim=32, total_block_num=32, block_remain_len=1048448, block_initial_space=1048576, rsv=0, magic=5aa5bccd
CANN Version: 8.0.RC3, TimeStamp: 20241026152044625
opType=reset_value, DumpHead: AIV-11, CoreType=AIV, block dim=32, total_block_num=32, block_remain_len=1048448, block_initial_space=1048576, rsv=0, magic=5aa5bccd
CANN Version: 8.0.RC3, TimeStamp: 20241026152044625
opType=reset_value, DumpHead: AIV-12, CoreType=AIV, block dim=32, total_block_num=32, block_remain_len=1048448, block_initial_space=1048576, rsv=0, magic=5aa5bccd
CANN Version: 8.0.RC3, TimeStamp: 20241026152044625
opType=reset_value, DumpHead: AIV-13, CoreType=AIV, block dim=32, total_block_num=32, block_remain_len=1048448, block_initial_space=1048576, rsv=0, magic=5aa5bccd
CANN Version: 8.0.RC3, TimeStamp: 20241026152044625
opType=reset_value, DumpHead: AIV-14, CoreType=AIV, block dim=32, total_block_num=32, block_remain_len=1048448, block_initial_space=1048576, rsv=0, magic=5aa5bccd
CANN Version: 8.0.RC3, TimeStamp: 20241026152044625
opType=reset_value, DumpHead: AIV-15, CoreType=AIV, block dim=32, total_block_num=32, block_remain_len=1048448, block_initial_space=1048576, rsv=0, magic=5aa5bccd
CANN Version: 8.0.RC3, TimeStamp: 20241026152044625
opType=reset_value, DumpHead: AIV-16, CoreType=AIV, block dim=32, total_block_num=32, block_remain_len=1048448, block_initial_space=1048576, rsv=0, magic=5aa5bccd
CANN Version: 8.0.RC3, TimeStamp: 20241026152044625
opType=reset_value, DumpHead: AIV-17, CoreType=AIV, block dim=32, total_block_num=32, block_remain_len=1048448, block_initial_space=1048576, rsv=0, magic=5aa5bccd
CANN Version: 8.0.RC3, TimeStamp: 20241026152044625
opType=reset_value, DumpHead: AIV-18, CoreType=AIV, block dim=32, total_block_num=32, block_remain_len=1048448, block_initial_space=1048576, rsv=0, magic=5aa5bccd
CANN Version: 8.0.RC3, TimeStamp: 20241026152044625
opType=reset_value, DumpHead: AIV-19, CoreType=AIV, block dim=32, total_block_num=32, block_remain_len=1048448, block_initial_space=1048576, rsv=0, magic=5aa5bccd
CANN Version: 8.0.RC3, TimeStamp: 20241026152044625
opType=reset_value, DumpHead: AIV-20, CoreType=AIV, block dim=32, total_block_num=32, block_remain_len=1048448, block_initial_space=1048576, rsv=0, magic=5aa5bccd
CANN Version: 8.0.RC3, TimeStamp: 20241026152044625
opType=reset_value, DumpHead: AIV-21, CoreType=AIV, block dim=32, total_block_num=32, block_remain_len=1048448, block_initial_space=1048576, rsv=0, magic=5aa5bccd
CANN Version: 8.0.RC3, TimeStamp: 20241026152044625
opType=reset_value, DumpHead: AIV-22, CoreType=AIV, block dim=32, total_block_num=32, block_remain_len=1048448, block_initial_space=1048576, rsv=0, magic=5aa5bccd
CANN Version: 8.0.RC3, TimeStamp: 20241026152044625
opType=reset_value, DumpHead: AIV-23, CoreType=AIV, block dim=32, total_block_num=32, block_remain_len=1048448, block_initial_space=1048576, rsv=0, magic=5aa5bccd
CANN Version: 8.0.RC3, TimeStamp: 20241026152044625
opType=reset_value, DumpHead: AIV-24, CoreType=AIV, block dim=32, total_block_num=32, block_remain_len=1048448, block_initial_space=1048576, rsv=0, magic=5aa5bccd
CANN Version: 8.0.RC3, TimeStamp: 20241026152044625
opType=reset_value, DumpHead: AIV-25, CoreType=AIV, block dim=32, total_block_num=32, block_remain_len=1048448, block_initial_space=1048576, rsv=0, magic=5aa5bccd
CANN Version: 8.0.RC3, TimeStamp: 20241026152044625
opType=reset_value, DumpHead: AIV-26, CoreType=AIV, block dim=32, total_block_num=32, block_remain_len=1048448, block_initial_space=1048576, rsv=0, magic=5aa5bccd
CANN Version: 8.0.RC3, TimeStamp: 20241026152044625
opType=reset_value, DumpHead: AIV-27, CoreType=AIV, block dim=32, total_block_num=32, block_remain_len=1048448, block_initial_space=1048576, rsv=0, magic=5aa5bccd
CANN Version: 8.0.RC3, TimeStamp: 20241026152044625
opType=reset_value, DumpHead: AIV-28, CoreType=AIV, block dim=32, total_block_num=32, block_remain_len=1048448, block_initial_space=1048576, rsv=0, magic=5aa5bccd
CANN Version: 8.0.RC3, TimeStamp: 20241026152044625
opType=reset_value, DumpHead: AIV-29, CoreType=AIV, block dim=32, total_block_num=32, block_remain_len=1048448, block_initial_space=1048576, rsv=0, magic=5aa5bccd
CANN Version: 8.0.RC3, TimeStamp: 20241026152044625
opType=reset_value, DumpHead: AIV-30, CoreType=AIV, block dim=32, total_block_num=32, block_remain_len=1048448, block_initial_space=1048576, rsv=0, magic=5aa5bccd
CANN Version: 8.0.RC3, TimeStamp: 20241026152044625
opType=reset_value, DumpHead: AIV-31, CoreType=AIV, block dim=32, total_block_num=32, block_remain_len=1048448, block_initial_space=1048576, rsv=0, magic=5aa5bccd
CANN Version: 8.0.RC3, TimeStamp: 20241026152044625
opType=compute_msg, DumpHead: AIV-0, CoreType=AIV, block dim=32, total_block_num=32, block_remain_len=1048408, block_initial_space=1048576, rsv=0, magic=5aa5bccd
CANN Version: 8.0.RC3, TimeStamp: 20241026152044625
Compute Message ...
opType=compute_msg, DumpHead: AIV-1, CoreType=AIV, block dim=32, total_block_num=32, block_remain_len=1048448, block_initial_space=1048576, rsv=0, magic=5aa5bccd
CANN Version: 8.0.RC3, TimeStamp: 20241026152044625
opType=compute_msg, DumpHead: AIV-2, CoreType=AIV, block dim=32, total_block_num=32, block_remain_len=1048448, block_initial_space=1048576, rsv=0, magic=5aa5bccd
CANN Version: 8.0.RC3, TimeStamp: 20241026152044625
opType=compute_msg, DumpHead: AIV-3, CoreType=AIV, block dim=32, total_block_num=32, block_remain_len=1048448, block_initial_space=1048576, rsv=0, magic=5aa5bccd
CANN Version: 8.0.RC3, TimeStamp: 20241026152044625
opType=compute_msg, DumpHead: AIV-4, CoreType=AIV, block dim=32, total_block_num=32, block_remain_len=1048448, block_initial_space=1048576, rsv=0, magic=5aa5bccd
CANN Version: 8.0.RC3, TimeStamp: 20241026152044625
opType=compute_msg, DumpHead: AIV-5, CoreType=AIV, block dim=32, total_block_num=32, block_remain_len=1048448, block_initial_space=1048576, rsv=0, magic=5aa5bccd
CANN Version: 8.0.RC3, TimeStamp: 20241026152044625
opType=compute_msg, DumpHead: AIV-6, CoreType=AIV, block dim=32, total_block_num=32, block_remain_len=1048448, block_initial_space=1048576, rsv=0, magic=5aa5bccd
CANN Version: 8.0.RC3, TimeStamp: 20241026152044625
opType=compute_msg, DumpHead: AIV-7, CoreType=AIV, block dim=32, total_block_num=32, block_remain_len=1048448, block_initial_space=1048576, rsv=0, magic=5aa5bccd
CANN Version: 8.0.RC3, TimeStamp: 20241026152044625
opType=compute_msg, DumpHead: AIV-8, CoreType=AIV, block dim=32, total_block_num=32, block_remain_len=1048448, block_initial_space=1048576, rsv=0, magic=5aa5bccd
CANN Version: 8.0.RC3, TimeStamp: 20241026152044625
opType=compute_msg, DumpHead: AIV-9, CoreType=AIV, block dim=32, total_block_num=32, block_remain_len=1048448, block_initial_space=1048576, rsv=0, magic=5aa5bccd
CANN Version: 8.0.RC3, TimeStamp: 20241026152044625
opType=compute_msg, DumpHead: AIV-10, CoreType=AIV, block dim=32, total_block_num=32, block_remain_len=1048448, block_initial_space=1048576, rsv=0, magic=5aa5bccd
CANN Version: 8.0.RC3, TimeStamp: 20241026152044625
opType=compute_msg, DumpHead: AIV-11, CoreType=AIV, block dim=32, total_block_num=32, block_remain_len=1048448, block_initial_space=1048576, rsv=0, magic=5aa5bccd
CANN Version: 8.0.RC3, TimeStamp: 20241026152044625
opType=compute_msg, DumpHead: AIV-12, CoreType=AIV, block dim=32, total_block_num=32, block_remain_len=1048448, block_initial_space=1048576, rsv=0, magic=5aa5bccd
CANN Version: 8.0.RC3, TimeStamp: 20241026152044625
opType=compute_msg, DumpHead: AIV-13, CoreType=AIV, block dim=32, total_block_num=32, block_remain_len=1048448, block_initial_space=1048576, rsv=0, magic=5aa5bccd
CANN Version: 8.0.RC3, TimeStamp: 20241026152044625
opType=compute_msg, DumpHead: AIV-14, CoreType=AIV, block dim=32, total_block_num=32, block_remain_len=1048448, block_initial_space=1048576, rsv=0, magic=5aa5bccd
CANN Version: 8.0.RC3, TimeStamp: 20241026152044625
opType=compute_msg, DumpHead: AIV-15, CoreType=AIV, block dim=32, total_block_num=32, block_remain_len=1048448, block_initial_space=1048576, rsv=0, magic=5aa5bccd
CANN Version: 8.0.RC3, TimeStamp: 20241026152044625
opType=compute_msg, DumpHead: AIV-16, CoreType=AIV, block dim=32, total_block_num=32, block_remain_len=1048448, block_initial_space=1048576, rsv=0, magic=5aa5bccd
CANN Version: 8.0.RC3, TimeStamp: 20241026152044625
opType=compute_msg, DumpHead: AIV-17, CoreType=AIV, block dim=32, total_block_num=32, block_remain_len=1048448, block_initial_space=1048576, rsv=0, magic=5aa5bccd
CANN Version: 8.0.RC3, TimeStamp: 20241026152044625
opType=compute_msg, DumpHead: AIV-18, CoreType=AIV, block dim=32, total_block_num=32, block_remain_len=1048448, block_initial_space=1048576, rsv=0, magic=5aa5bccd
CANN Version: 8.0.RC3, TimeStamp: 20241026152044625
opType=compute_msg, DumpHead: AIV-19, CoreType=AIV, block dim=32, total_block_num=32, block_remain_len=1048448, block_initial_space=1048576, rsv=0, magic=5aa5bccd
CANN Version: 8.0.RC3, TimeStamp: 20241026152044625
opType=compute_msg, DumpHead: AIV-20, CoreType=AIV, block dim=32, total_block_num=32, block_remain_len=1048448, block_initial_space=1048576, rsv=0, magic=5aa5bccd
CANN Version: 8.0.RC3, TimeStamp: 20241026152044625
opType=compute_msg, DumpHead: AIV-21, CoreType=AIV, block dim=32, total_block_num=32, block_remain_len=1048448, block_initial_space=1048576, rsv=0, magic=5aa5bccd
CANN Version: 8.0.RC3, TimeStamp: 20241026152044625
opType=compute_msg, DumpHead: AIV-22, CoreType=AIV, block dim=32, total_block_num=32, block_remain_len=1048448, block_initial_space=1048576, rsv=0, magic=5aa5bccd
CANN Version: 8.0.RC3, TimeStamp: 20241026152044625
opType=compute_msg, DumpHead: AIV-23, CoreType=AIV, block dim=32, total_block_num=32, block_remain_len=1048448, block_initial_space=1048576, rsv=0, magic=5aa5bccd
CANN Version: 8.0.RC3, TimeStamp: 20241026152044625
opType=compute_msg, DumpHead: AIV-24, CoreType=AIV, block dim=32, total_block_num=32, block_remain_len=1048448, block_initial_space=1048576, rsv=0, magic=5aa5bccd
CANN Version: 8.0.RC3, TimeStamp: 20241026152044625
opType=compute_msg, DumpHead: AIV-25, CoreType=AIV, block dim=32, total_block_num=32, block_remain_len=1048448, block_initial_space=1048576, rsv=0, magic=5aa5bccd
CANN Version: 8.0.RC3, TimeStamp: 20241026152044625
opType=compute_msg, DumpHead: AIV-26, CoreType=AIV, block dim=32, total_block_num=32, block_remain_len=1048448, block_initial_space=1048576, rsv=0, magic=5aa5bccd
CANN Version: 8.0.RC3, TimeStamp: 20241026152044625
opType=compute_msg, DumpHead: AIV-27, CoreType=AIV, block dim=32, total_block_num=32, block_remain_len=1048448, block_initial_space=1048576, rsv=0, magic=5aa5bccd
CANN Version: 8.0.RC3, TimeStamp: 20241026152044625
opType=compute_msg, DumpHead: AIV-28, CoreType=AIV, block dim=32, total_block_num=32, block_remain_len=1048448, block_initial_space=1048576, rsv=0, magic=5aa5bccd
CANN Version: 8.0.RC3, TimeStamp: 20241026152044625
opType=compute_msg, DumpHead: AIV-29, CoreType=AIV, block dim=32, total_block_num=32, block_remain_len=1048448, block_initial_space=1048576, rsv=0, magic=5aa5bccd
CANN Version: 8.0.RC3, TimeStamp: 20241026152044625
opType=compute_msg, DumpHead: AIV-30, CoreType=AIV, block dim=32, total_block_num=32, block_remain_len=1048448, block_initial_space=1048576, rsv=0, magic=5aa5bccd
CANN Version: 8.0.RC3, TimeStamp: 20241026152044625
opType=compute_msg, DumpHead: AIV-31, CoreType=AIV, block dim=32, total_block_num=32, block_remain_len=1048448, block_initial_space=1048576, rsv=0, magic=5aa5bccd
CANN Version: 8.0.RC3, TimeStamp: 20241026152044625
opType=compute_msg, DumpHead: AIV-0, CoreType=AIV, block dim=32, total_block_num=32, block_remain_len=1048408, block_initial_space=1048576, rsv=0, magic=5aa5bccd
CANN Version: 8.0.RC3, TimeStamp: 20241026152044625
Compute Message ...
opType=compute_msg, DumpHead: AIV-1, CoreType=AIV, block dim=32, total_block_num=32, block_remain_len=1048448, block_initial_space=1048576, rsv=0, magic=5aa5bccd
CANN Version: 8.0.RC3, TimeStamp: 20241026152044625
opType=compute_msg, DumpHead: AIV-2, CoreType=AIV, block dim=32, total_block_num=32, block_remain_len=1048448, block_initial_space=1048576, rsv=0, magic=5aa5bccd
CANN Version: 8.0.RC3, TimeStamp: 20241026152044625
opType=compute_msg, DumpHead: AIV-3, CoreType=AIV, block dim=32, total_block_num=32, block_remain_len=1048448, block_initial_space=1048576, rsv=0, magic=5aa5bccd
CANN Version: 8.0.RC3, TimeStamp: 20241026152044625
opType=compute_msg, DumpHead: AIV-4, CoreType=AIV, block dim=32, total_block_num=32, block_remain_len=1048448, block_initial_space=1048576, rsv=0, magic=5aa5bccd
CANN Version: 8.0.RC3, TimeStamp: 20241026152044625
opType=compute_msg, DumpHead: AIV-5, CoreType=AIV, block dim=32, total_block_num=32, block_remain_len=1048448, block_initial_space=1048576, rsv=0, magic=5aa5bccd
CANN Version: 8.0.RC3, TimeStamp: 20241026152044625
opType=compute_msg, DumpHead: AIV-6, CoreType=AIV, block dim=32, total_block_num=32, block_remain_len=1048448, block_initial_space=1048576, rsv=0, magic=5aa5bccd
CANN Version: 8.0.RC3, TimeStamp: 20241026152044625
opType=compute_msg, DumpHead: AIV-7, CoreType=AIV, block dim=32, total_block_num=32, block_remain_len=1048448, block_initial_space=1048576, rsv=0, magic=5aa5bccd
CANN Version: 8.0.RC3, TimeStamp: 20241026152044625
opType=compute_msg, DumpHead: AIV-8, CoreType=AIV, block dim=32, total_block_num=32, block_remain_len=1048448, block_initial_space=1048576, rsv=0, magic=5aa5bccd
CANN Version: 8.0.RC3, TimeStamp: 20241026152044625
opType=compute_msg, DumpHead: AIV-9, CoreType=AIV, block dim=32, total_block_num=32, block_remain_len=1048448, block_initial_space=1048576, rsv=0, magic=5aa5bccd
CANN Version: 8.0.RC3, TimeStamp: 20241026152044625
opType=compute_msg, DumpHead: AIV-10, CoreType=AIV, block dim=32, total_block_num=32, block_remain_len=1048448, block_initial_space=1048576, rsv=0, magic=5aa5bccd
CANN Version: 8.0.RC3, TimeStamp: 20241026152044625
opType=compute_msg, DumpHead: AIV-11, CoreType=AIV, block dim=32, total_block_num=32, block_remain_len=1048448, block_initial_space=1048576, rsv=0, magic=5aa5bccd
CANN Version: 8.0.RC3, TimeStamp: 20241026152044625
opType=compute_msg, DumpHead: AIV-12, CoreType=AIV, block dim=32, total_block_num=32, block_remain_len=1048448, block_initial_space=1048576, rsv=0, magic=5aa5bccd
CANN Version: 8.0.RC3, TimeStamp: 20241026152044625
opType=compute_msg, DumpHead: AIV-13, CoreType=AIV, block dim=32, total_block_num=32, block_remain_len=1048448, block_initial_space=1048576, rsv=0, magic=5aa5bccd
CANN Version: 8.0.RC3, TimeStamp: 20241026152044625
opType=compute_msg, DumpHead: AIV-14, CoreType=AIV, block dim=32, total_block_num=32, block_remain_len=1048448, block_initial_space=1048576, rsv=0, magic=5aa5bccd
CANN Version: 8.0.RC3, TimeStamp: 20241026152044625
opType=compute_msg, DumpHead: AIV-15, CoreType=AIV, block dim=32, total_block_num=32, block_remain_len=1048448, block_initial_space=1048576, rsv=0, magic=5aa5bccd
CANN Version: 8.0.RC3, TimeStamp: 20241026152044625
opType=compute_msg, DumpHead: AIV-16, CoreType=AIV, block dim=32, total_block_num=32, block_remain_len=1048448, block_initial_space=1048576, rsv=0, magic=5aa5bccd
CANN Version: 8.0.RC3, TimeStamp: 20241026152044625
opType=compute_msg, DumpHead: AIV-17, CoreType=AIV, block dim=32, total_block_num=32, block_remain_len=1048448, block_initial_space=1048576, rsv=0, magic=5aa5bccd
CANN Version: 8.0.RC3, TimeStamp: 20241026152044625
opType=compute_msg, DumpHead: AIV-18, CoreType=AIV, block dim=32, total_block_num=32, block_remain_len=1048448, block_initial_space=1048576, rsv=0, magic=5aa5bccd
CANN Version: 8.0.RC3, TimeStamp: 20241026152044625
opType=compute_msg, DumpHead: AIV-19, CoreType=AIV, block dim=32, total_block_num=32, block_remain_len=1048448, block_initial_space=1048576, rsv=0, magic=5aa5bccd
CANN Version: 8.0.RC3, TimeStamp: 20241026152044625
opType=compute_msg, DumpHead: AIV-20, CoreType=AIV, block dim=32, total_block_num=32, block_remain_len=1048448, block_initial_space=1048576, rsv=0, magic=5aa5bccd
CANN Version: 8.0.RC3, TimeStamp: 20241026152044625
opType=compute_msg, DumpHead: AIV-21, CoreType=AIV, block dim=32, total_block_num=32, block_remain_len=1048448, block_initial_space=1048576, rsv=0, magic=5aa5bccd
CANN Version: 8.0.RC3, TimeStamp: 20241026152044625
opType=compute_msg, DumpHead: AIV-22, CoreType=AIV, block dim=32, total_block_num=32, block_remain_len=1048448, block_initial_space=1048576, rsv=0, magic=5aa5bccd
CANN Version: 8.0.RC3, TimeStamp: 20241026152044625
opType=compute_msg, DumpHead: AIV-23, CoreType=AIV, block dim=32, total_block_num=32, block_remain_len=1048448, block_initial_space=1048576, rsv=0, magic=5aa5bccd
CANN Version: 8.0.RC3, TimeStamp: 20241026152044625
opType=compute_msg, DumpHead: AIV-24, CoreType=AIV, block dim=32, total_block_num=32, block_remain_len=1048448, block_initial_space=1048576, rsv=0, magic=5aa5bccd
CANN Version: 8.0.RC3, TimeStamp: 20241026152044625
opType=compute_msg, DumpHead: AIV-25, CoreType=AIV, block dim=32, total_block_num=32, block_remain_len=1048448, block_initial_space=1048576, rsv=0, magic=5aa5bccd
CANN Version: 8.0.RC3, TimeStamp: 20241026152044625
opType=compute_msg, DumpHead: AIV-26, CoreType=AIV, block dim=32, total_block_num=32, block_remain_len=1048448, block_initial_space=1048576, rsv=0, magic=5aa5bccd
CANN Version: 8.0.RC3, TimeStamp: 20241026152044625
opType=compute_msg, DumpHead: AIV-27, CoreType=AIV, block dim=32, total_block_num=32, block_remain_len=1048448, block_initial_space=1048576, rsv=0, magic=5aa5bccd
CANN Version: 8.0.RC3, TimeStamp: 20241026152044625
opType=compute_msg, DumpHead: AIV-28, CoreType=AIV, block dim=32, total_block_num=32, block_remain_len=1048448, block_initial_space=1048576, rsv=0, magic=5aa5bccd
CANN Version: 8.0.RC3, TimeStamp: 20241026152044625
opType=compute_msg, DumpHead: AIV-29, CoreType=AIV, block dim=32, total_block_num=32, block_remain_len=1048448, block_initial_space=1048576, rsv=0, magic=5aa5bccd
CANN Version: 8.0.RC3, TimeStamp: 20241026152044625
opType=compute_msg, DumpHead: AIV-30, CoreType=AIV, block dim=32, total_block_num=32, block_remain_len=1048448, block_initial_space=1048576, rsv=0, magic=5aa5bccd
CANN Version: 8.0.RC3, TimeStamp: 20241026152044625
opType=compute_msg, DumpHead: AIV-31, CoreType=AIV, block dim=32, total_block_num=32, block_remain_len=1048448, block_initial_space=1048576, rsv=0, magic=5aa5bccd
CANN Version: 8.0.RC3, TimeStamp: 20241026152044625
opType=compute_msg, DumpHead: AIV-0, CoreType=AIV, block dim=32, total_block_num=32, block_remain_len=1048408, block_initial_space=1048576, rsv=0, magic=5aa5bccd
CANN Version: 8.0.RC3, TimeStamp: 20241026152044625
Compute Message ...
opType=compute_msg, DumpHead: AIV-1, CoreType=AIV, block dim=32, total_block_num=32, block_remain_len=1048448, block_initial_space=1048576, rsv=0, magic=5aa5bccd
CANN Version: 8.0.RC3, TimeStamp: 20241026152044625
opType=compute_msg, DumpHead: AIV-2, CoreType=AIV, block dim=32, total_block_num=32, block_remain_len=1048448, block_initial_space=1048576, rsv=0, magic=5aa5bccd
CANN Version: 8.0.RC3, TimeStamp: 20241026152044625
opType=compute_msg, DumpHead: AIV-3, CoreType=AIV, block dim=32, total_block_num=32, block_remain_len=1048448, block_initial_space=1048576, rsv=0, magic=5aa5bccd
CANN Version: 8.0.RC3, TimeStamp: 20241026152044625
opType=compute_msg, DumpHead: AIV-4, CoreType=AIV, block dim=32, total_block_num=32, block_remain_len=1048448, block_initial_space=1048576, rsv=0, magic=5aa5bccd
CANN Version: 8.0.RC3, TimeStamp: 20241026152044625
opType=compute_msg, DumpHead: AIV-5, CoreType=AIV, block dim=32, total_block_num=32, block_remain_len=1048448, block_initial_space=1048576, rsv=0, magic=5aa5bccd
CANN Version: 8.0.RC3, TimeStamp: 20241026152044625
opType=compute_msg, DumpHead: AIV-6, CoreType=AIV, block dim=32, total_block_num=32, block_remain_len=1048448, block_initial_space=1048576, rsv=0, magic=5aa5bccd
CANN Version: 8.0.RC3, TimeStamp: 20241026152044625
opType=compute_msg, DumpHead: AIV-7, CoreType=AIV, block dim=32, total_block_num=32, block_remain_len=1048448, block_initial_space=1048576, rsv=0, magic=5aa5bccd
CANN Version: 8.0.RC3, TimeStamp: 20241026152044625
opType=compute_msg, DumpHead: AIV-8, CoreType=AIV, block dim=32, total_block_num=32, block_remain_len=1048448, block_initial_space=1048576, rsv=0, magic=5aa5bccd
CANN Version: 8.0.RC3, TimeStamp: 20241026152044625
opType=compute_msg, DumpHead: AIV-9, CoreType=AIV, block dim=32, total_block_num=32, block_remain_len=1048448, block_initial_space=1048576, rsv=0, magic=5aa5bccd
CANN Version: 8.0.RC3, TimeStamp: 20241026152044625
opType=compute_msg, DumpHead: AIV-10, CoreType=AIV, block dim=32, total_block_num=32, block_remain_len=1048448, block_initial_space=1048576, rsv=0, magic=5aa5bccd
CANN Version: 8.0.RC3, TimeStamp: 20241026152044625
opType=compute_msg, DumpHead: AIV-11, CoreType=AIV, block dim=32, total_block_num=32, block_remain_len=1048448, block_initial_space=1048576, rsv=0, magic=5aa5bccd
CANN Version: 8.0.RC3, TimeStamp: 20241026152044625
opType=compute_msg, DumpHead: AIV-12, CoreType=AIV, block dim=32, total_block_num=32, block_remain_len=1048448, block_initial_space=1048576, rsv=0, magic=5aa5bccd
CANN Version: 8.0.RC3, TimeStamp: 20241026152044625
opType=compute_msg, DumpHead: AIV-13, CoreType=AIV, block dim=32, total_block_num=32, block_remain_len=1048448, block_initial_space=1048576, rsv=0, magic=5aa5bccd
CANN Version: 8.0.RC3, TimeStamp: 20241026152044625
opType=compute_msg, DumpHead: AIV-14, CoreType=AIV, block dim=32, total_block_num=32, block_remain_len=1048448, block_initial_space=1048576, rsv=0, magic=5aa5bccd
CANN Version: 8.0.RC3, TimeStamp: 20241026152044625
opType=compute_msg, DumpHead: AIV-15, CoreType=AIV, block dim=32, total_block_num=32, block_remain_len=1048448, block_initial_space=1048576, rsv=0, magic=5aa5bccd
CANN Version: 8.0.RC3, TimeStamp: 20241026152044625
opType=compute_msg, DumpHead: AIV-16, CoreType=AIV, block dim=32, total_block_num=32, block_remain_len=1048448, block_initial_space=1048576, rsv=0, magic=5aa5bccd
CANN Version: 8.0.RC3, TimeStamp: 20241026152044625
opType=compute_msg, DumpHead: AIV-17, CoreType=AIV, block dim=32, total_block_num=32, block_remain_len=1048448, block_initial_space=1048576, rsv=0, magic=5aa5bccd
CANN Version: 8.0.RC3, TimeStamp: 20241026152044625
opType=compute_msg, DumpHead: AIV-18, CoreType=AIV, block dim=32, total_block_num=32, block_remain_len=1048448, block_initial_space=1048576, rsv=0, magic=5aa5bccd
CANN Version: 8.0.RC3, TimeStamp: 20241026152044625
opType=compute_msg, DumpHead: AIV-19, CoreType=AIV, block dim=32, total_block_num=32, block_remain_len=1048448, block_initial_space=1048576, rsv=0, magic=5aa5bccd
CANN Version: 8.0.RC3, TimeStamp: 20241026152044625
opType=compute_msg, DumpHead: AIV-20, CoreType=AIV, block dim=32, total_block_num=32, block_remain_len=1048448, block_initial_space=1048576, rsv=0, magic=5aa5bccd
CANN Version: 8.0.RC3, TimeStamp: 20241026152044625
opType=compute_msg, DumpHead: AIV-21, CoreType=AIV, block dim=32, total_block_num=32, block_remain_len=1048448, block_initial_space=1048576, rsv=0, magic=5aa5bccd
CANN Version: 8.0.RC3, TimeStamp: 20241026152044625
opType=compute_msg, DumpHead: AIV-22, CoreType=AIV, block dim=32, total_block_num=32, block_remain_len=1048448, block_initial_space=1048576, rsv=0, magic=5aa5bccd
CANN Version: 8.0.RC3, TimeStamp: 20241026152044625
opType=compute_msg, DumpHead: AIV-23, CoreType=AIV, block dim=32, total_block_num=32, block_remain_len=1048448, block_initial_space=1048576, rsv=0, magic=5aa5bccd
CANN Version: 8.0.RC3, TimeStamp: 20241026152044625
opType=compute_msg, DumpHead: AIV-24, CoreType=AIV, block dim=32, total_block_num=32, block_remain_len=1048448, block_initial_space=1048576, rsv=0, magic=5aa5bccd
CANN Version: 8.0.RC3, TimeStamp: 20241026152044625
opType=compute_msg, DumpHead: AIV-25, CoreType=AIV, block dim=32, total_block_num=32, block_remain_len=1048448, block_initial_space=1048576, rsv=0, magic=5aa5bccd
CANN Version: 8.0.RC3, TimeStamp: 20241026152044625
opType=compute_msg, DumpHead: AIV-26, CoreType=AIV, block dim=32, total_block_num=32, block_remain_len=1048448, block_initial_space=1048576, rsv=0, magic=5aa5bccd
CANN Version: 8.0.RC3, TimeStamp: 20241026152044625
opType=compute_msg, DumpHead: AIV-27, CoreType=AIV, block dim=32, total_block_num=32, block_remain_len=1048448, block_initial_space=1048576, rsv=0, magic=5aa5bccd
CANN Version: 8.0.RC3, TimeStamp: 20241026152044625
opType=compute_msg, DumpHead: AIV-28, CoreType=AIV, block dim=32, total_block_num=32, block_remain_len=1048448, block_initial_space=1048576, rsv=0, magic=5aa5bccd
CANN Version: 8.0.RC3, TimeStamp: 20241026152044625
opType=compute_msg, DumpHead: AIV-29, CoreType=AIV, block dim=32, total_block_num=32, block_remain_len=1048448, block_initial_space=1048576, rsv=0, magic=5aa5bccd
CANN Version: 8.0.RC3, TimeStamp: 20241026152044625
opType=compute_msg, DumpHead: AIV-30, CoreType=AIV, block dim=32, total_block_num=32, block_remain_len=1048448, block_initial_space=1048576, rsv=0, magic=5aa5bccd
CANN Version: 8.0.RC3, TimeStamp: 20241026152044625
opType=compute_msg, DumpHead: AIV-31, CoreType=AIV, block dim=32, total_block_num=32, block_remain_len=1048448, block_initial_space=1048576, rsv=0, magic=5aa5bccd
CANN Version: 8.0.RC3, TimeStamp: 20241026152044625
opType=compute_msg, DumpHead: AIV-0, CoreType=AIV, block dim=32, total_block_num=32, block_remain_len=1048408, block_initial_space=1048576, rsv=0, magic=5aa5bccd
CANN Version: 8.0.RC3, TimeStamp: 20241026152044625
Compute Message ...
opType=compute_msg, DumpHead: AIV-1, CoreType=AIV, block dim=32, total_block_num=32, block_remain_len=1048448, block_initial_space=1048576, rsv=0, magic=5aa5bccd
CANN Version: 8.0.RC3, TimeStamp: 20241026152044625
opType=compute_msg, DumpHead: AIV-2, CoreType=AIV, block dim=32, total_block_num=32, block_remain_len=1048448, block_initial_space=1048576, rsv=0, magic=5aa5bccd
CANN Version: 8.0.RC3, TimeStamp: 20241026152044625
opType=compute_msg, DumpHead: AIV-3, CoreType=AIV, block dim=32, total_block_num=32, block_remain_len=1048448, block_initial_space=1048576, rsv=0, magic=5aa5bccd
CANN Version: 8.0.RC3, TimeStamp: 20241026152044625
opType=compute_msg, DumpHead: AIV-4, CoreType=AIV, block dim=32, total_block_num=32, block_remain_len=1048448, block_initial_space=1048576, rsv=0, magic=5aa5bccd
CANN Version: 8.0.RC3, TimeStamp: 20241026152044625
opType=compute_msg, DumpHead: AIV-5, CoreType=AIV, block dim=32, total_block_num=32, block_remain_len=1048448, block_initial_space=1048576, rsv=0, magic=5aa5bccd
CANN Version: 8.0.RC3, TimeStamp: 20241026152044625
opType=compute_msg, DumpHead: AIV-6, CoreType=AIV, block dim=32, total_block_num=32, block_remain_len=1048448, block_initial_space=1048576, rsv=0, magic=5aa5bccd
CANN Version: 8.0.RC3, TimeStamp: 20241026152044625
opType=compute_msg, DumpHead: AIV-7, CoreType=AIV, block dim=32, total_block_num=32, block_remain_len=1048448, block_initial_space=1048576, rsv=0, magic=5aa5bccd
CANN Version: 8.0.RC3, TimeStamp: 20241026152044625
opType=compute_msg, DumpHead: AIV-8, CoreType=AIV, block dim=32, total_block_num=32, block_remain_len=1048448, block_initial_space=1048576, rsv=0, magic=5aa5bccd
CANN Version: 8.0.RC3, TimeStamp: 20241026152044625
opType=compute_msg, DumpHead: AIV-9, CoreType=AIV, block dim=32, total_block_num=32, block_remain_len=1048448, block_initial_space=1048576, rsv=0, magic=5aa5bccd
CANN Version: 8.0.RC3, TimeStamp: 20241026152044625
opType=compute_msg, DumpHead: AIV-10, CoreType=AIV, block dim=32, total_block_num=32, block_remain_len=1048448, block_initial_space=1048576, rsv=0, magic=5aa5bccd
CANN Version: 8.0.RC3, TimeStamp: 20241026152044625
opType=compute_msg, DumpHead: AIV-11, CoreType=AIV, block dim=32, total_block_num=32, block_remain_len=1048448, block_initial_space=1048576, rsv=0, magic=5aa5bccd
CANN Version: 8.0.RC3, TimeStamp: 20241026152044625
opType=compute_msg, DumpHead: AIV-12, CoreType=AIV, block dim=32, total_block_num=32, block_remain_len=1048448, block_initial_space=1048576, rsv=0, magic=5aa5bccd
CANN Version: 8.0.RC3, TimeStamp: 20241026152044625
opType=compute_msg, DumpHead: AIV-13, CoreType=AIV, block dim=32, total_block_num=32, block_remain_len=1048448, block_initial_space=1048576, rsv=0, magic=5aa5bccd
CANN Version: 8.0.RC3, TimeStamp: 20241026152044625
opType=compute_msg, DumpHead: AIV-14, CoreType=AIV, block dim=32, total_block_num=32, block_remain_len=1048448, block_initial_space=1048576, rsv=0, magic=5aa5bccd
CANN Version: 8.0.RC3, TimeStamp: 20241026152044625
opType=compute_msg, DumpHead: AIV-15, CoreType=AIV, block dim=32, total_block_num=32, block_remain_len=1048448, block_initial_space=1048576, rsv=0, magic=5aa5bccd
CANN Version: 8.0.RC3, TimeStamp: 20241026152044625
opType=compute_msg, DumpHead: AIV-16, CoreType=AIV, block dim=32, total_block_num=32, block_remain_len=1048448, block_initial_space=1048576, rsv=0, magic=5aa5bccd
CANN Version: 8.0.RC3, TimeStamp: 20241026152044625
opType=compute_msg, DumpHead: AIV-17, CoreType=AIV, block dim=32, total_block_num=32, block_remain_len=1048448, block_initial_space=1048576, rsv=0, magic=5aa5bccd
CANN Version: 8.0.RC3, TimeStamp: 20241026152044625
opType=compute_msg, DumpHead: AIV-18, CoreType=AIV, block dim=32, total_block_num=32, block_remain_len=1048448, block_initial_space=1048576, rsv=0, magic=5aa5bccd
CANN Version: 8.0.RC3, TimeStamp: 20241026152044625
opType=compute_msg, DumpHead: AIV-19, CoreType=AIV, block dim=32, total_block_num=32, block_remain_len=1048448, block_initial_space=1048576, rsv=0, magic=5aa5bccd
CANN Version: 8.0.RC3, TimeStamp: 20241026152044625
opType=compute_msg, DumpHead: AIV-20, CoreType=AIV, block dim=32, total_block_num=32, block_remain_len=1048448, block_initial_space=1048576, rsv=0, magic=5aa5bccd
CANN Version: 8.0.RC3, TimeStamp: 20241026152044625
opType=compute_msg, DumpHead: AIV-21, CoreType=AIV, block dim=32, total_block_num=32, block_remain_len=1048448, block_initial_space=1048576, rsv=0, magic=5aa5bccd
CANN Version: 8.0.RC3, TimeStamp: 20241026152044625
opType=compute_msg, DumpHead: AIV-22, CoreType=AIV, block dim=32, total_block_num=32, block_remain_len=1048448, block_initial_space=1048576, rsv=0, magic=5aa5bccd
CANN Version: 8.0.RC3, TimeStamp: 20241026152044625
opType=compute_msg, DumpHead: AIV-23, CoreType=AIV, block dim=32, total_block_num=32, block_remain_len=1048448, block_initial_space=1048576, rsv=0, magic=5aa5bccd
CANN Version: 8.0.RC3, TimeStamp: 20241026152044625
opType=compute_msg, DumpHead: AIV-24, CoreType=AIV, block dim=32, total_block_num=32, block_remain_len=1048448, block_initial_space=1048576, rsv=0, magic=5aa5bccd
CANN Version: 8.0.RC3, TimeStamp: 20241026152044625
opType=compute_msg, DumpHead: AIV-25, CoreType=AIV, block dim=32, total_block_num=32, block_remain_len=1048448, block_initial_space=1048576, rsv=0, magic=5aa5bccd
CANN Version: 8.0.RC3, TimeStamp: 20241026152044625
opType=compute_msg, DumpHead: AIV-26, CoreType=AIV, block dim=32, total_block_num=32, block_remain_len=1048448, block_initial_space=1048576, rsv=0, magic=5aa5bccd
CANN Version: 8.0.RC3, TimeStamp: 20241026152044625
opType=compute_msg, DumpHead: AIV-27, CoreType=AIV, block dim=32, total_block_num=32, block_remain_len=1048448, block_initial_space=1048576, rsv=0, magic=5aa5bccd
CANN Version: 8.0.RC3, TimeStamp: 20241026152044625
opType=compute_msg, DumpHead: AIV-28, CoreType=AIV, block dim=32, total_block_num=32, block_remain_len=1048448, block_initial_space=1048576, rsv=0, magic=5aa5bccd
CANN Version: 8.0.RC3, TimeStamp: 20241026152044625
opType=compute_msg, DumpHead: AIV-29, CoreType=AIV, block dim=32, total_block_num=32, block_remain_len=1048448, block_initial_space=1048576, rsv=0, magic=5aa5bccd
CANN Version: 8.0.RC3, TimeStamp: 20241026152044625
opType=compute_msg, DumpHead: AIV-30, CoreType=AIV, block dim=32, total_block_num=32, block_remain_len=1048448, block_initial_space=1048576, rsv=0, magic=5aa5bccd
CANN Version: 8.0.RC3, TimeStamp: 20241026152044625
opType=compute_msg, DumpHead: AIV-31, CoreType=AIV, block dim=32, total_block_num=32, block_remain_len=1048448, block_initial_space=1048576, rsv=0, magic=5aa5bccd
CANN Version: 8.0.RC3, TimeStamp: 20241026152044625
opType=aggregate_msg_split, DumpHead: AIV-0, CoreType=AIV, block dim=32, total_block_num=32, block_remain_len=1048408, block_initial_space=1048576, rsv=0, magic=5aa5bccd
CANN Version: 8.0.RC3, TimeStamp: 20241026152044625
Aggregate Message ...
opType=aggregate_msg_split, DumpHead: AIV-1, CoreType=AIV, block dim=32, total_block_num=32, block_remain_len=1048448, block_initial_space=1048576, rsv=0, magic=5aa5bccd
CANN Version: 8.0.RC3, TimeStamp: 20241026152044625
opType=aggregate_msg_split, DumpHead: AIV-2, CoreType=AIV, block dim=32, total_block_num=32, block_remain_len=1048448, block_initial_space=1048576, rsv=0, magic=5aa5bccd
CANN Version: 8.0.RC3, TimeStamp: 20241026152044625
opType=aggregate_msg_split, DumpHead: AIV-3, CoreType=AIV, block dim=32, total_block_num=32, block_remain_len=1048448, block_initial_space=1048576, rsv=0, magic=5aa5bccd
CANN Version: 8.0.RC3, TimeStamp: 20241026152044625
opType=aggregate_msg_split, DumpHead: AIV-4, CoreType=AIV, block dim=32, total_block_num=32, block_remain_len=1048448, block_initial_space=1048576, rsv=0, magic=5aa5bccd
CANN Version: 8.0.RC3, TimeStamp: 20241026152044625
opType=aggregate_msg_split, DumpHead: AIV-5, CoreType=AIV, block dim=32, total_block_num=32, block_remain_len=1048448, block_initial_space=1048576, rsv=0, magic=5aa5bccd
CANN Version: 8.0.RC3, TimeStamp: 20241026152044625
opType=aggregate_msg_split, DumpHead: AIV-6, CoreType=AIV, block dim=32, total_block_num=32, block_remain_len=1048448, block_initial_space=1048576, rsv=0, magic=5aa5bccd
CANN Version: 8.0.RC3, TimeStamp: 20241026152044625
opType=aggregate_msg_split, DumpHead: AIV-7, CoreType=AIV, block dim=32, total_block_num=32, block_remain_len=1048448, block_initial_space=1048576, rsv=0, magic=5aa5bccd
CANN Version: 8.0.RC3, TimeStamp: 20241026152044625
opType=aggregate_msg_split, DumpHead: AIV-8, CoreType=AIV, block dim=32, total_block_num=32, block_remain_len=1048448, block_initial_space=1048576, rsv=0, magic=5aa5bccd
CANN Version: 8.0.RC3, TimeStamp: 20241026152044625
opType=aggregate_msg_split, DumpHead: AIV-9, CoreType=AIV, block dim=32, total_block_num=32, block_remain_len=1048448, block_initial_space=1048576, rsv=0, magic=5aa5bccd
CANN Version: 8.0.RC3, TimeStamp: 20241026152044625
opType=aggregate_msg_split, DumpHead: AIV-10, CoreType=AIV, block dim=32, total_block_num=32, block_remain_len=1048448, block_initial_space=1048576, rsv=0, magic=5aa5bccd
CANN Version: 8.0.RC3, TimeStamp: 20241026152044625
opType=aggregate_msg_split, DumpHead: AIV-11, CoreType=AIV, block dim=32, total_block_num=32, block_remain_len=1048448, block_initial_space=1048576, rsv=0, magic=5aa5bccd
CANN Version: 8.0.RC3, TimeStamp: 20241026152044625
opType=aggregate_msg_split, DumpHead: AIV-12, CoreType=AIV, block dim=32, total_block_num=32, block_remain_len=1048448, block_initial_space=1048576, rsv=0, magic=5aa5bccd
CANN Version: 8.0.RC3, TimeStamp: 20241026152044625
opType=aggregate_msg_split, DumpHead: AIV-13, CoreType=AIV, block dim=32, total_block_num=32, block_remain_len=1048448, block_initial_space=1048576, rsv=0, magic=5aa5bccd
CANN Version: 8.0.RC3, TimeStamp: 20241026152044625
opType=aggregate_msg_split, DumpHead: AIV-14, CoreType=AIV, block dim=32, total_block_num=32, block_remain_len=1048448, block_initial_space=1048576, rsv=0, magic=5aa5bccd
CANN Version: 8.0.RC3, TimeStamp: 20241026152044625
opType=aggregate_msg_split, DumpHead: AIV-15, CoreType=AIV, block dim=32, total_block_num=32, block_remain_len=1048448, block_initial_space=1048576, rsv=0, magic=5aa5bccd
CANN Version: 8.0.RC3, TimeStamp: 20241026152044625
opType=aggregate_msg_split, DumpHead: AIV-16, CoreType=AIV, block dim=32, total_block_num=32, block_remain_len=1048448, block_initial_space=1048576, rsv=0, magic=5aa5bccd
CANN Version: 8.0.RC3, TimeStamp: 20241026152044625
opType=aggregate_msg_split, DumpHead: AIV-17, CoreType=AIV, block dim=32, total_block_num=32, block_remain_len=1048448, block_initial_space=1048576, rsv=0, magic=5aa5bccd
CANN Version: 8.0.RC3, TimeStamp: 20241026152044625
opType=aggregate_msg_split, DumpHead: AIV-18, CoreType=AIV, block dim=32, total_block_num=32, block_remain_len=1048448, block_initial_space=1048576, rsv=0, magic=5aa5bccd
CANN Version: 8.0.RC3, TimeStamp: 20241026152044625
opType=aggregate_msg_split, DumpHead: AIV-19, CoreType=AIV, block dim=32, total_block_num=32, block_remain_len=1048448, block_initial_space=1048576, rsv=0, magic=5aa5bccd
CANN Version: 8.0.RC3, TimeStamp: 20241026152044625
opType=aggregate_msg_split, DumpHead: AIV-20, CoreType=AIV, block dim=32, total_block_num=32, block_remain_len=1048448, block_initial_space=1048576, rsv=0, magic=5aa5bccd
CANN Version: 8.0.RC3, TimeStamp: 20241026152044625
opType=aggregate_msg_split, DumpHead: AIV-21, CoreType=AIV, block dim=32, total_block_num=32, block_remain_len=1048448, block_initial_space=1048576, rsv=0, magic=5aa5bccd
CANN Version: 8.0.RC3, TimeStamp: 20241026152044625
opType=aggregate_msg_split, DumpHead: AIV-22, CoreType=AIV, block dim=32, total_block_num=32, block_remain_len=1048448, block_initial_space=1048576, rsv=0, magic=5aa5bccd
CANN Version: 8.0.RC3, TimeStamp: 20241026152044625
opType=aggregate_msg_split, DumpHead: AIV-23, CoreType=AIV, block dim=32, total_block_num=32, block_remain_len=1048448, block_initial_space=1048576, rsv=0, magic=5aa5bccd
CANN Version: 8.0.RC3, TimeStamp: 20241026152044625
opType=aggregate_msg_split, DumpHead: AIV-24, CoreType=AIV, block dim=32, total_block_num=32, block_remain_len=1048448, block_initial_space=1048576, rsv=0, magic=5aa5bccd
CANN Version: 8.0.RC3, TimeStamp: 20241026152044625
opType=aggregate_msg_split, DumpHead: AIV-25, CoreType=AIV, block dim=32, total_block_num=32, block_remain_len=1048448, block_initial_space=1048576, rsv=0, magic=5aa5bccd
CANN Version: 8.0.RC3, TimeStamp: 20241026152044625
opType=aggregate_msg_split, DumpHead: AIV-26, CoreType=AIV, block dim=32, total_block_num=32, block_remain_len=1048448, block_initial_space=1048576, rsv=0, magic=5aa5bccd
CANN Version: 8.0.RC3, TimeStamp: 20241026152044625
opType=aggregate_msg_split, DumpHead: AIV-27, CoreType=AIV, block dim=32, total_block_num=32, block_remain_len=1048448, block_initial_space=1048576, rsv=0, magic=5aa5bccd
CANN Version: 8.0.RC3, TimeStamp: 20241026152044625
opType=aggregate_msg_split, DumpHead: AIV-28, CoreType=AIV, block dim=32, total_block_num=32, block_remain_len=1048448, block_initial_space=1048576, rsv=0, magic=5aa5bccd
CANN Version: 8.0.RC3, TimeStamp: 20241026152044625
opType=aggregate_msg_split, DumpHead: AIV-29, CoreType=AIV, block dim=32, total_block_num=32, block_remain_len=1048448, block_initial_space=1048576, rsv=0, magic=5aa5bccd
CANN Version: 8.0.RC3, TimeStamp: 20241026152044625
opType=aggregate_msg_split, DumpHead: AIV-30, CoreType=AIV, block dim=32, total_block_num=32, block_remain_len=1048448, block_initial_space=1048576, rsv=0, magic=5aa5bccd
CANN Version: 8.0.RC3, TimeStamp: 20241026152044625
opType=aggregate_msg_split, DumpHead: AIV-31, CoreType=AIV, block dim=32, total_block_num=32, block_remain_len=1048448, block_initial_space=1048576, rsv=0, magic=5aa5bccd
CANN Version: 8.0.RC3, TimeStamp: 20241026152044625
opType=aggregate_msg_split, DumpHead: AIV-0, CoreType=AIV, block dim=32, total_block_num=32, block_remain_len=1048408, block_initial_space=1048576, rsv=0, magic=5aa5bccd
CANN Version: 8.0.RC3, TimeStamp: 20241026152044625
Aggregate Message ...
opType=aggregate_msg_split, DumpHead: AIV-1, CoreType=AIV, block dim=32, total_block_num=32, block_remain_len=1048448, block_initial_space=1048576, rsv=0, magic=5aa5bccd
CANN Version: 8.0.RC3, TimeStamp: 20241026152044625
opType=aggregate_msg_split, DumpHead: AIV-2, CoreType=AIV, block dim=32, total_block_num=32, block_remain_len=1048448, block_initial_space=1048576, rsv=0, magic=5aa5bccd
CANN Version: 8.0.RC3, TimeStamp: 20241026152044625
opType=aggregate_msg_split, DumpHead: AIV-3, CoreType=AIV, block dim=32, total_block_num=32, block_remain_len=1048448, block_initial_space=1048576, rsv=0, magic=5aa5bccd
CANN Version: 8.0.RC3, TimeStamp: 20241026152044625
opType=aggregate_msg_split, DumpHead: AIV-4, CoreType=AIV, block dim=32, total_block_num=32, block_remain_len=1048448, block_initial_space=1048576, rsv=0, magic=5aa5bccd
CANN Version: 8.0.RC3, TimeStamp: 20241026152044625
opType=aggregate_msg_split, DumpHead: AIV-5, CoreType=AIV, block dim=32, total_block_num=32, block_remain_len=1048448, block_initial_space=1048576, rsv=0, magic=5aa5bccd
CANN Version: 8.0.RC3, TimeStamp: 20241026152044625
opType=aggregate_msg_split, DumpHead: AIV-6, CoreType=AIV, block dim=32, total_block_num=32, block_remain_len=1048448, block_initial_space=1048576, rsv=0, magic=5aa5bccd
CANN Version: 8.0.RC3, TimeStamp: 20241026152044625
opType=aggregate_msg_split, DumpHead: AIV-7, CoreType=AIV, block dim=32, total_block_num=32, block_remain_len=1048448, block_initial_space=1048576, rsv=0, magic=5aa5bccd
CANN Version: 8.0.RC3, TimeStamp: 20241026152044625
opType=aggregate_msg_split, DumpHead: AIV-8, CoreType=AIV, block dim=32, total_block_num=32, block_remain_len=1048448, block_initial_space=1048576, rsv=0, magic=5aa5bccd
CANN Version: 8.0.RC3, TimeStamp: 20241026152044625
opType=aggregate_msg_split, DumpHead: AIV-9, CoreType=AIV, block dim=32, total_block_num=32, block_remain_len=1048448, block_initial_space=1048576, rsv=0, magic=5aa5bccd
CANN Version: 8.0.RC3, TimeStamp: 20241026152044625
opType=aggregate_msg_split, DumpHead: AIV-10, CoreType=AIV, block dim=32, total_block_num=32, block_remain_len=1048448, block_initial_space=1048576, rsv=0, magic=5aa5bccd
CANN Version: 8.0.RC3, TimeStamp: 20241026152044625
opType=aggregate_msg_split, DumpHead: AIV-11, CoreType=AIV, block dim=32, total_block_num=32, block_remain_len=1048448, block_initial_space=1048576, rsv=0, magic=5aa5bccd
CANN Version: 8.0.RC3, TimeStamp: 20241026152044625
opType=aggregate_msg_split, DumpHead: AIV-12, CoreType=AIV, block dim=32, total_block_num=32, block_remain_len=1048448, block_initial_space=1048576, rsv=0, magic=5aa5bccd
CANN Version: 8.0.RC3, TimeStamp: 20241026152044625
opType=aggregate_msg_split, DumpHead: AIV-13, CoreType=AIV, block dim=32, total_block_num=32, block_remain_len=1048448, block_initial_space=1048576, rsv=0, magic=5aa5bccd
CANN Version: 8.0.RC3, TimeStamp: 20241026152044625
opType=aggregate_msg_split, DumpHead: AIV-14, CoreType=AIV, block dim=32, total_block_num=32, block_remain_len=1048448, block_initial_space=1048576, rsv=0, magic=5aa5bccd
CANN Version: 8.0.RC3, TimeStamp: 20241026152044625
opType=aggregate_msg_split, DumpHead: AIV-15, CoreType=AIV, block dim=32, total_block_num=32, block_remain_len=1048448, block_initial_space=1048576, rsv=0, magic=5aa5bccd
CANN Version: 8.0.RC3, TimeStamp: 20241026152044625
opType=aggregate_msg_split, DumpHead: AIV-16, CoreType=AIV, block dim=32, total_block_num=32, block_remain_len=1048448, block_initial_space=1048576, rsv=0, magic=5aa5bccd
CANN Version: 8.0.RC3, TimeStamp: 20241026152044625
opType=aggregate_msg_split, DumpHead: AIV-17, CoreType=AIV, block dim=32, total_block_num=32, block_remain_len=1048448, block_initial_space=1048576, rsv=0, magic=5aa5bccd
CANN Version: 8.0.RC3, TimeStamp: 20241026152044625
opType=aggregate_msg_split, DumpHead: AIV-18, CoreType=AIV, block dim=32, total_block_num=32, block_remain_len=1048448, block_initial_space=1048576, rsv=0, magic=5aa5bccd
CANN Version: 8.0.RC3, TimeStamp: 20241026152044625
opType=aggregate_msg_split, DumpHead: AIV-19, CoreType=AIV, block dim=32, total_block_num=32, block_remain_len=1048448, block_initial_space=1048576, rsv=0, magic=5aa5bccd
CANN Version: 8.0.RC3, TimeStamp: 20241026152044625
opType=aggregate_msg_split, DumpHead: AIV-20, CoreType=AIV, block dim=32, total_block_num=32, block_remain_len=1048448, block_initial_space=1048576, rsv=0, magic=5aa5bccd
CANN Version: 8.0.RC3, TimeStamp: 20241026152044625
opType=aggregate_msg_split, DumpHead: AIV-21, CoreType=AIV, block dim=32, total_block_num=32, block_remain_len=1048448, block_initial_space=1048576, rsv=0, magic=5aa5bccd
CANN Version: 8.0.RC3, TimeStamp: 20241026152044625
opType=aggregate_msg_split, DumpHead: AIV-22, CoreType=AIV, block dim=32, total_block_num=32, block_remain_len=1048448, block_initial_space=1048576, rsv=0, magic=5aa5bccd
CANN Version: 8.0.RC3, TimeStamp: 20241026152044625
opType=aggregate_msg_split, DumpHead: AIV-23, CoreType=AIV, block dim=32, total_block_num=32, block_remain_len=1048448, block_initial_space=1048576, rsv=0, magic=5aa5bccd
CANN Version: 8.0.RC3, TimeStamp: 20241026152044625
opType=aggregate_msg_split, DumpHead: AIV-24, CoreType=AIV, block dim=32, total_block_num=32, block_remain_len=1048448, block_initial_space=1048576, rsv=0, magic=5aa5bccd
CANN Version: 8.0.RC3, TimeStamp: 20241026152044625
opType=aggregate_msg_split, DumpHead: AIV-25, CoreType=AIV, block dim=32, total_block_num=32, block_remain_len=1048448, block_initial_space=1048576, rsv=0, magic=5aa5bccd
CANN Version: 8.0.RC3, TimeStamp: 20241026152044625
opType=aggregate_msg_split, DumpHead: AIV-26, CoreType=AIV, block dim=32, total_block_num=32, block_remain_len=1048448, block_initial_space=1048576, rsv=0, magic=5aa5bccd
CANN Version: 8.0.RC3, TimeStamp: 20241026152044625
opType=aggregate_msg_split, DumpHead: AIV-27, CoreType=AIV, block dim=32, total_block_num=32, block_remain_len=1048448, block_initial_space=1048576, rsv=0, magic=5aa5bccd
CANN Version: 8.0.RC3, TimeStamp: 20241026152044625
opType=aggregate_msg_split, DumpHead: AIV-28, CoreType=AIV, block dim=32, total_block_num=32, block_remain_len=1048448, block_initial_space=1048576, rsv=0, magic=5aa5bccd
CANN Version: 8.0.RC3, TimeStamp: 20241026152044625
opType=aggregate_msg_split, DumpHead: AIV-29, CoreType=AIV, block dim=32, total_block_num=32, block_remain_len=1048448, block_initial_space=1048576, rsv=0, magic=5aa5bccd
CANN Version: 8.0.RC3, TimeStamp: 20241026152044625
opType=aggregate_msg_split, DumpHead: AIV-30, CoreType=AIV, block dim=32, total_block_num=32, block_remain_len=1048448, block_initial_space=1048576, rsv=0, magic=5aa5bccd
CANN Version: 8.0.RC3, TimeStamp: 20241026152044625
opType=aggregate_msg_split, DumpHead: AIV-31, CoreType=AIV, block dim=32, total_block_num=32, block_remain_len=1048448, block_initial_space=1048576, rsv=0, magic=5aa5bccd
CANN Version: 8.0.RC3, TimeStamp: 20241026152044625
opType=aggregate_msg_split, DumpHead: AIV-0, CoreType=AIV, block dim=32, total_block_num=32, block_remain_len=1048408, block_initial_space=1048576, rsv=0, magic=5aa5bccd
CANN Version: 8.0.RC3, TimeStamp: 20241026152044625
Aggregate Message ...
opType=aggregate_msg_split, DumpHead: AIV-1, CoreType=AIV, block dim=32, total_block_num=32, block_remain_len=1048448, block_initial_space=1048576, rsv=0, magic=5aa5bccd
CANN Version: 8.0.RC3, TimeStamp: 20241026152044625
opType=aggregate_msg_split, DumpHead: AIV-2, CoreType=AIV, block dim=32, total_block_num=32, block_remain_len=1048448, block_initial_space=1048576, rsv=0, magic=5aa5bccd
CANN Version: 8.0.RC3, TimeStamp: 20241026152044625
opType=aggregate_msg_split, DumpHead: AIV-3, CoreType=AIV, block dim=32, total_block_num=32, block_remain_len=1048448, block_initial_space=1048576, rsv=0, magic=5aa5bccd
CANN Version: 8.0.RC3, TimeStamp: 20241026152044625
opType=aggregate_msg_split, DumpHead: AIV-4, CoreType=AIV, block dim=32, total_block_num=32, block_remain_len=1048448, block_initial_space=1048576, rsv=0, magic=5aa5bccd
CANN Version: 8.0.RC3, TimeStamp: 20241026152044625
opType=aggregate_msg_split, DumpHead: AIV-5, CoreType=AIV, block dim=32, total_block_num=32, block_remain_len=1048448, block_initial_space=1048576, rsv=0, magic=5aa5bccd
CANN Version: 8.0.RC3, TimeStamp: 20241026152044625
opType=aggregate_msg_split, DumpHead: AIV-6, CoreType=AIV, block dim=32, total_block_num=32, block_remain_len=1048448, block_initial_space=1048576, rsv=0, magic=5aa5bccd
CANN Version: 8.0.RC3, TimeStamp: 20241026152044625
opType=aggregate_msg_split, DumpHead: AIV-7, CoreType=AIV, block dim=32, total_block_num=32, block_remain_len=1048448, block_initial_space=1048576, rsv=0, magic=5aa5bccd
CANN Version: 8.0.RC3, TimeStamp: 20241026152044625
opType=aggregate_msg_split, DumpHead: AIV-8, CoreType=AIV, block dim=32, total_block_num=32, block_remain_len=1048448, block_initial_space=1048576, rsv=0, magic=5aa5bccd
CANN Version: 8.0.RC3, TimeStamp: 20241026152044625
opType=aggregate_msg_split, DumpHead: AIV-9, CoreType=AIV, block dim=32, total_block_num=32, block_remain_len=1048448, block_initial_space=1048576, rsv=0, magic=5aa5bccd
CANN Version: 8.0.RC3, TimeStamp: 20241026152044625
opType=aggregate_msg_split, DumpHead: AIV-10, CoreType=AIV, block dim=32, total_block_num=32, block_remain_len=1048448, block_initial_space=1048576, rsv=0, magic=5aa5bccd
CANN Version: 8.0.RC3, TimeStamp: 20241026152044625
opType=aggregate_msg_split, DumpHead: AIV-11, CoreType=AIV, block dim=32, total_block_num=32, block_remain_len=1048448, block_initial_space=1048576, rsv=0, magic=5aa5bccd
CANN Version: 8.0.RC3, TimeStamp: 20241026152044625
opType=aggregate_msg_split, DumpHead: AIV-12, CoreType=AIV, block dim=32, total_block_num=32, block_remain_len=1048448, block_initial_space=1048576, rsv=0, magic=5aa5bccd
CANN Version: 8.0.RC3, TimeStamp: 20241026152044625
opType=aggregate_msg_split, DumpHead: AIV-13, CoreType=AIV, block dim=32, total_block_num=32, block_remain_len=1048448, block_initial_space=1048576, rsv=0, magic=5aa5bccd
CANN Version: 8.0.RC3, TimeStamp: 20241026152044625
opType=aggregate_msg_split, DumpHead: AIV-14, CoreType=AIV, block dim=32, total_block_num=32, block_remain_len=1048448, block_initial_space=1048576, rsv=0, magic=5aa5bccd
CANN Version: 8.0.RC3, TimeStamp: 20241026152044625
opType=aggregate_msg_split, DumpHead: AIV-15, CoreType=AIV, block dim=32, total_block_num=32, block_remain_len=1048448, block_initial_space=1048576, rsv=0, magic=5aa5bccd
CANN Version: 8.0.RC3, TimeStamp: 20241026152044625
opType=aggregate_msg_split, DumpHead: AIV-16, CoreType=AIV, block dim=32, total_block_num=32, block_remain_len=1048448, block_initial_space=1048576, rsv=0, magic=5aa5bccd
CANN Version: 8.0.RC3, TimeStamp: 20241026152044625
opType=aggregate_msg_split, DumpHead: AIV-17, CoreType=AIV, block dim=32, total_block_num=32, block_remain_len=1048448, block_initial_space=1048576, rsv=0, magic=5aa5bccd
CANN Version: 8.0.RC3, TimeStamp: 20241026152044625
opType=aggregate_msg_split, DumpHead: AIV-18, CoreType=AIV, block dim=32, total_block_num=32, block_remain_len=1048448, block_initial_space=1048576, rsv=0, magic=5aa5bccd
CANN Version: 8.0.RC3, TimeStamp: 20241026152044625
opType=aggregate_msg_split, DumpHead: AIV-19, CoreType=AIV, block dim=32, total_block_num=32, block_remain_len=1048448, block_initial_space=1048576, rsv=0, magic=5aa5bccd
CANN Version: 8.0.RC3, TimeStamp: 20241026152044625
opType=aggregate_msg_split, DumpHead: AIV-20, CoreType=AIV, block dim=32, total_block_num=32, block_remain_len=1048448, block_initial_space=1048576, rsv=0, magic=5aa5bccd
CANN Version: 8.0.RC3, TimeStamp: 20241026152044625
opType=aggregate_msg_split, DumpHead: AIV-21, CoreType=AIV, block dim=32, total_block_num=32, block_remain_len=1048448, block_initial_space=1048576, rsv=0, magic=5aa5bccd
CANN Version: 8.0.RC3, TimeStamp: 20241026152044625
opType=aggregate_msg_split, DumpHead: AIV-22, CoreType=AIV, block dim=32, total_block_num=32, block_remain_len=1048448, block_initial_space=1048576, rsv=0, magic=5aa5bccd
CANN Version: 8.0.RC3, TimeStamp: 20241026152044625
opType=aggregate_msg_split, DumpHead: AIV-23, CoreType=AIV, block dim=32, total_block_num=32, block_remain_len=1048448, block_initial_space=1048576, rsv=0, magic=5aa5bccd
CANN Version: 8.0.RC3, TimeStamp: 20241026152044625
opType=aggregate_msg_split, DumpHead: AIV-24, CoreType=AIV, block dim=32, total_block_num=32, block_remain_len=1048448, block_initial_space=1048576, rsv=0, magic=5aa5bccd
CANN Version: 8.0.RC3, TimeStamp: 20241026152044625
opType=aggregate_msg_split, DumpHead: AIV-25, CoreType=AIV, block dim=32, total_block_num=32, block_remain_len=1048448, block_initial_space=1048576, rsv=0, magic=5aa5bccd
CANN Version: 8.0.RC3, TimeStamp: 20241026152044625
opType=aggregate_msg_split, DumpHead: AIV-26, CoreType=AIV, block dim=32, total_block_num=32, block_remain_len=1048448, block_initial_space=1048576, rsv=0, magic=5aa5bccd
CANN Version: 8.0.RC3, TimeStamp: 20241026152044625
opType=aggregate_msg_split, DumpHead: AIV-27, CoreType=AIV, block dim=32, total_block_num=32, block_remain_len=1048448, block_initial_space=1048576, rsv=0, magic=5aa5bccd
CANN Version: 8.0.RC3, TimeStamp: 20241026152044625
opType=aggregate_msg_split, DumpHead: AIV-28, CoreType=AIV, block dim=32, total_block_num=32, block_remain_len=1048448, block_initial_space=1048576, rsv=0, magic=5aa5bccd
CANN Version: 8.0.RC3, TimeStamp: 20241026152044625
opType=aggregate_msg_split, DumpHead: AIV-29, CoreType=AIV, block dim=32, total_block_num=32, block_remain_len=1048448, block_initial_space=1048576, rsv=0, magic=5aa5bccd
CANN Version: 8.0.RC3, TimeStamp: 20241026152044625
opType=aggregate_msg_split, DumpHead: AIV-30, CoreType=AIV, block dim=32, total_block_num=32, block_remain_len=1048448, block_initial_space=1048576, rsv=0, magic=5aa5bccd
CANN Version: 8.0.RC3, TimeStamp: 20241026152044625
opType=aggregate_msg_split, DumpHead: AIV-31, CoreType=AIV, block dim=32, total_block_num=32, block_remain_len=1048448, block_initial_space=1048576, rsv=0, magic=5aa5bccd
CANN Version: 8.0.RC3, TimeStamp: 20241026152044625
opType=aggregate_msg_split, DumpHead: AIV-0, CoreType=AIV, block dim=32, total_block_num=32, block_remain_len=1048408, block_initial_space=1048576, rsv=0, magic=5aa5bccd
CANN Version: 8.0.RC3, TimeStamp: 20241026152044625
Aggregate Message ...
opType=aggregate_msg_split, DumpHead: AIV-1, CoreType=AIV, block dim=32, total_block_num=32, block_remain_len=1048448, block_initial_space=1048576, rsv=0, magic=5aa5bccd
CANN Version: 8.0.RC3, TimeStamp: 20241026152044625
opType=aggregate_msg_split, DumpHead: AIV-2, CoreType=AIV, block dim=32, total_block_num=32, block_remain_len=1048448, block_initial_space=1048576, rsv=0, magic=5aa5bccd
CANN Version: 8.0.RC3, TimeStamp: 20241026152044625
opType=aggregate_msg_split, DumpHead: AIV-3, CoreType=AIV, block dim=32, total_block_num=32, block_remain_len=1048448, block_initial_space=1048576, rsv=0, magic=5aa5bccd
CANN Version: 8.0.RC3, TimeStamp: 20241026152044625
opType=aggregate_msg_split, DumpHead: AIV-4, CoreType=AIV, block dim=32, total_block_num=32, block_remain_len=1048448, block_initial_space=1048576, rsv=0, magic=5aa5bccd
CANN Version: 8.0.RC3, TimeStamp: 20241026152044625
opType=aggregate_msg_split, DumpHead: AIV-5, CoreType=AIV, block dim=32, total_block_num=32, block_remain_len=1048448, block_initial_space=1048576, rsv=0, magic=5aa5bccd
CANN Version: 8.0.RC3, TimeStamp: 20241026152044625
opType=aggregate_msg_split, DumpHead: AIV-6, CoreType=AIV, block dim=32, total_block_num=32, block_remain_len=1048448, block_initial_space=1048576, rsv=0, magic=5aa5bccd
CANN Version: 8.0.RC3, TimeStamp: 20241026152044625
opType=aggregate_msg_split, DumpHead: AIV-7, CoreType=AIV, block dim=32, total_block_num=32, block_remain_len=1048448, block_initial_space=1048576, rsv=0, magic=5aa5bccd
CANN Version: 8.0.RC3, TimeStamp: 20241026152044625
opType=aggregate_msg_split, DumpHead: AIV-8, CoreType=AIV, block dim=32, total_block_num=32, block_remain_len=1048448, block_initial_space=1048576, rsv=0, magic=5aa5bccd
CANN Version: 8.0.RC3, TimeStamp: 20241026152044625
opType=aggregate_msg_split, DumpHead: AIV-9, CoreType=AIV, block dim=32, total_block_num=32, block_remain_len=1048448, block_initial_space=1048576, rsv=0, magic=5aa5bccd
CANN Version: 8.0.RC3, TimeStamp: 20241026152044625
opType=aggregate_msg_split, DumpHead: AIV-10, CoreType=AIV, block dim=32, total_block_num=32, block_remain_len=1048448, block_initial_space=1048576, rsv=0, magic=5aa5bccd
CANN Version: 8.0.RC3, TimeStamp: 20241026152044625
opType=aggregate_msg_split, DumpHead: AIV-11, CoreType=AIV, block dim=32, total_block_num=32, block_remain_len=1048448, block_initial_space=1048576, rsv=0, magic=5aa5bccd
CANN Version: 8.0.RC3, TimeStamp: 20241026152044625
opType=aggregate_msg_split, DumpHead: AIV-12, CoreType=AIV, block dim=32, total_block_num=32, block_remain_len=1048448, block_initial_space=1048576, rsv=0, magic=5aa5bccd
CANN Version: 8.0.RC3, TimeStamp: 20241026152044625
opType=aggregate_msg_split, DumpHead: AIV-13, CoreType=AIV, block dim=32, total_block_num=32, block_remain_len=1048448, block_initial_space=1048576, rsv=0, magic=5aa5bccd
CANN Version: 8.0.RC3, TimeStamp: 20241026152044625
opType=aggregate_msg_split, DumpHead: AIV-14, CoreType=AIV, block dim=32, total_block_num=32, block_remain_len=1048448, block_initial_space=1048576, rsv=0, magic=5aa5bccd
CANN Version: 8.0.RC3, TimeStamp: 20241026152044625
opType=aggregate_msg_split, DumpHead: AIV-15, CoreType=AIV, block dim=32, total_block_num=32, block_remain_len=1048448, block_initial_space=1048576, rsv=0, magic=5aa5bccd
CANN Version: 8.0.RC3, TimeStamp: 20241026152044625
opType=aggregate_msg_split, DumpHead: AIV-16, CoreType=AIV, block dim=32, total_block_num=32, block_remain_len=1048448, block_initial_space=1048576, rsv=0, magic=5aa5bccd
CANN Version: 8.0.RC3, TimeStamp: 20241026152044625
opType=aggregate_msg_split, DumpHead: AIV-17, CoreType=AIV, block dim=32, total_block_num=32, block_remain_len=1048448, block_initial_space=1048576, rsv=0, magic=5aa5bccd
CANN Version: 8.0.RC3, TimeStamp: 20241026152044625
opType=aggregate_msg_split, DumpHead: AIV-18, CoreType=AIV, block dim=32, total_block_num=32, block_remain_len=1048448, block_initial_space=1048576, rsv=0, magic=5aa5bccd
CANN Version: 8.0.RC3, TimeStamp: 20241026152044625
opType=aggregate_msg_split, DumpHead: AIV-19, CoreType=AIV, block dim=32, total_block_num=32, block_remain_len=1048448, block_initial_space=1048576, rsv=0, magic=5aa5bccd
CANN Version: 8.0.RC3, TimeStamp: 20241026152044625
opType=aggregate_msg_split, DumpHead: AIV-20, CoreType=AIV, block dim=32, total_block_num=32, block_remain_len=1048448, block_initial_space=1048576, rsv=0, magic=5aa5bccd
CANN Version: 8.0.RC3, TimeStamp: 20241026152044625
opType=aggregate_msg_split, DumpHead: AIV-21, CoreType=AIV, block dim=32, total_block_num=32, block_remain_len=1048448, block_initial_space=1048576, rsv=0, magic=5aa5bccd
CANN Version: 8.0.RC3, TimeStamp: 20241026152044625
opType=aggregate_msg_split, DumpHead: AIV-22, CoreType=AIV, block dim=32, total_block_num=32, block_remain_len=1048448, block_initial_space=1048576, rsv=0, magic=5aa5bccd
CANN Version: 8.0.RC3, TimeStamp: 20241026152044625
opType=aggregate_msg_split, DumpHead: AIV-23, CoreType=AIV, block dim=32, total_block_num=32, block_remain_len=1048448, block_initial_space=1048576, rsv=0, magic=5aa5bccd
CANN Version: 8.0.RC3, TimeStamp: 20241026152044625
opType=aggregate_msg_split, DumpHead: AIV-24, CoreType=AIV, block dim=32, total_block_num=32, block_remain_len=1048448, block_initial_space=1048576, rsv=0, magic=5aa5bccd
CANN Version: 8.0.RC3, TimeStamp: 20241026152044625
opType=aggregate_msg_split, DumpHead: AIV-25, CoreType=AIV, block dim=32, total_block_num=32, block_remain_len=1048448, block_initial_space=1048576, rsv=0, magic=5aa5bccd
CANN Version: 8.0.RC3, TimeStamp: 20241026152044625
opType=aggregate_msg_split, DumpHead: AIV-26, CoreType=AIV, block dim=32, total_block_num=32, block_remain_len=1048448, block_initial_space=1048576, rsv=0, magic=5aa5bccd
CANN Version: 8.0.RC3, TimeStamp: 20241026152044625
opType=aggregate_msg_split, DumpHead: AIV-27, CoreType=AIV, block dim=32, total_block_num=32, block_remain_len=1048448, block_initial_space=1048576, rsv=0, magic=5aa5bccd
CANN Version: 8.0.RC3, TimeStamp: 20241026152044625
opType=aggregate_msg_split, DumpHead: AIV-28, CoreType=AIV, block dim=32, total_block_num=32, block_remain_len=1048448, block_initial_space=1048576, rsv=0, magic=5aa5bccd
CANN Version: 8.0.RC3, TimeStamp: 20241026152044625
opType=aggregate_msg_split, DumpHead: AIV-29, CoreType=AIV, block dim=32, total_block_num=32, block_remain_len=1048448, block_initial_space=1048576, rsv=0, magic=5aa5bccd
CANN Version: 8.0.RC3, TimeStamp: 20241026152044625
opType=aggregate_msg_split, DumpHead: AIV-30, CoreType=AIV, block dim=32, total_block_num=32, block_remain_len=1048448, block_initial_space=1048576, rsv=0, magic=5aa5bccd
CANN Version: 8.0.RC3, TimeStamp: 20241026152044625
opType=aggregate_msg_split, DumpHead: AIV-31, CoreType=AIV, block dim=32, total_block_num=32, block_remain_len=1048448, block_initial_space=1048576, rsv=0, magic=5aa5bccd
CANN Version: 8.0.RC3, TimeStamp: 20241026152044625
opType=reset_value, DumpHead: AIV-0, CoreType=AIV, block dim=32, total_block_num=32, block_remain_len=1048408, block_initial_space=1048576, rsv=0, magic=5aa5bccd
CANN Version: 8.0.RC3, TimeStamp: 20241026152044625
Reset Value ...
opType=reset_value, DumpHead: AIV-1, CoreType=AIV, block dim=32, total_block_num=32, block_remain_len=1048448, block_initial_space=1048576, rsv=0, magic=5aa5bccd
CANN Version: 8.0.RC3, TimeStamp: 20241026152044625
opType=reset_value, DumpHead: AIV-2, CoreType=AIV, block dim=32, total_block_num=32, block_remain_len=1048448, block_initial_space=1048576, rsv=0, magic=5aa5bccd
CANN Version: 8.0.RC3, TimeStamp: 20241026152044625
opType=reset_value, DumpHead: AIV-3, CoreType=AIV, block dim=32, total_block_num=32, block_remain_len=1048448, block_initial_space=1048576, rsv=0, magic=5aa5bccd
CANN Version: 8.0.RC3, TimeStamp: 20241026152044625
opType=reset_value, DumpHead: AIV-4, CoreType=AIV, block dim=32, total_block_num=32, block_remain_len=1048448, block_initial_space=1048576, rsv=0, magic=5aa5bccd
CANN Version: 8.0.RC3, TimeStamp: 20241026152044625
opType=reset_value, DumpHead: AIV-5, CoreType=AIV, block dim=32, total_block_num=32, block_remain_len=1048448, block_initial_space=1048576, rsv=0, magic=5aa5bccd
CANN Version: 8.0.RC3, TimeStamp: 20241026152044625
opType=reset_value, DumpHead: AIV-6, CoreType=AIV, block dim=32, total_block_num=32, block_remain_len=1048448, block_initial_space=1048576, rsv=0, magic=5aa5bccd
CANN Version: 8.0.RC3, TimeStamp: 20241026152044625
opType=reset_value, DumpHead: AIV-7, CoreType=AIV, block dim=32, total_block_num=32, block_remain_len=1048448, block_initial_space=1048576, rsv=0, magic=5aa5bccd
CANN Version: 8.0.RC3, TimeStamp: 20241026152044625
opType=reset_value, DumpHead: AIV-8, CoreType=AIV, block dim=32, total_block_num=32, block_remain_len=1048448, block_initial_space=1048576, rsv=0, magic=5aa5bccd
CANN Version: 8.0.RC3, TimeStamp: 20241026152044625
opType=reset_value, DumpHead: AIV-9, CoreType=AIV, block dim=32, total_block_num=32, block_remain_len=1048448, block_initial_space=1048576, rsv=0, magic=5aa5bccd
CANN Version: 8.0.RC3, TimeStamp: 20241026152044625
opType=reset_value, DumpHead: AIV-10, CoreType=AIV, block dim=32, total_block_num=32, block_remain_len=1048448, block_initial_space=1048576, rsv=0, magic=5aa5bccd
CANN Version: 8.0.RC3, TimeStamp: 20241026152044625
opType=reset_value, DumpHead: AIV-11, CoreType=AIV, block dim=32, total_block_num=32, block_remain_len=1048448, block_initial_space=1048576, rsv=0, magic=5aa5bccd
CANN Version: 8.0.RC3, TimeStamp: 20241026152044625
opType=reset_value, DumpHead: AIV-12, CoreType=AIV, block dim=32, total_block_num=32, block_remain_len=1048448, block_initial_space=1048576, rsv=0, magic=5aa5bccd
CANN Version: 8.0.RC3, TimeStamp: 20241026152044625
opType=reset_value, DumpHead: AIV-13, CoreType=AIV, block dim=32, total_block_num=32, block_remain_len=1048448, block_initial_space=1048576, rsv=0, magic=5aa5bccd
CANN Version: 8.0.RC3, TimeStamp: 20241026152044625
opType=reset_value, DumpHead: AIV-14, CoreType=AIV, block dim=32, total_block_num=32, block_remain_len=1048448, block_initial_space=1048576, rsv=0, magic=5aa5bccd
CANN Version: 8.0.RC3, TimeStamp: 20241026152044625
opType=reset_value, DumpHead: AIV-15, CoreType=AIV, block dim=32, total_block_num=32, block_remain_len=1048448, block_initial_space=1048576, rsv=0, magic=5aa5bccd
CANN Version: 8.0.RC3, TimeStamp: 20241026152044625
opType=reset_value, DumpHead: AIV-16, CoreType=AIV, block dim=32, total_block_num=32, block_remain_len=1048448, block_initial_space=1048576, rsv=0, magic=5aa5bccd
CANN Version: 8.0.RC3, TimeStamp: 20241026152044625
opType=reset_value, DumpHead: AIV-17, CoreType=AIV, block dim=32, total_block_num=32, block_remain_len=1048448, block_initial_space=1048576, rsv=0, magic=5aa5bccd
CANN Version: 8.0.RC3, TimeStamp: 20241026152044625
opType=reset_value, DumpHead: AIV-18, CoreType=AIV, block dim=32, total_block_num=32, block_remain_len=1048448, block_initial_space=1048576, rsv=0, magic=5aa5bccd
CANN Version: 8.0.RC3, TimeStamp: 20241026152044625
opType=reset_value, DumpHead: AIV-19, CoreType=AIV, block dim=32, total_block_num=32, block_remain_len=1048448, block_initial_space=1048576, rsv=0, magic=5aa5bccd
CANN Version: 8.0.RC3, TimeStamp: 20241026152044625
opType=reset_value, DumpHead: AIV-20, CoreType=AIV, block dim=32, total_block_num=32, block_remain_len=1048448, block_initial_space=1048576, rsv=0, magic=5aa5bccd
CANN Version: 8.0.RC3, TimeStamp: 20241026152044625
opType=reset_value, DumpHead: AIV-21, CoreType=AIV, block dim=32, total_block_num=32, block_remain_len=1048448, block_initial_space=1048576, rsv=0, magic=5aa5bccd
CANN Version: 8.0.RC3, TimeStamp: 20241026152044625
opType=reset_value, DumpHead: AIV-22, CoreType=AIV, block dim=32, total_block_num=32, block_remain_len=1048448, block_initial_space=1048576, rsv=0, magic=5aa5bccd
CANN Version: 8.0.RC3, TimeStamp: 20241026152044625
opType=reset_value, DumpHead: AIV-23, CoreType=AIV, block dim=32, total_block_num=32, block_remain_len=1048448, block_initial_space=1048576, rsv=0, magic=5aa5bccd
CANN Version: 8.0.RC3, TimeStamp: 20241026152044625
opType=reset_value, DumpHead: AIV-24, CoreType=AIV, block dim=32, total_block_num=32, block_remain_len=1048448, block_initial_space=1048576, rsv=0, magic=5aa5bccd
CANN Version: 8.0.RC3, TimeStamp: 20241026152044625
opType=reset_value, DumpHead: AIV-25, CoreType=AIV, block dim=32, total_block_num=32, block_remain_len=1048448, block_initial_space=1048576, rsv=0, magic=5aa5bccd
CANN Version: 8.0.RC3, TimeStamp: 20241026152044625
opType=reset_value, DumpHead: AIV-26, CoreType=AIV, block dim=32, total_block_num=32, block_remain_len=1048448, block_initial_space=1048576, rsv=0, magic=5aa5bccd
CANN Version: 8.0.RC3, TimeStamp: 20241026152044625
opType=reset_value, DumpHead: AIV-27, CoreType=AIV, block dim=32, total_block_num=32, block_remain_len=1048448, block_initial_space=1048576, rsv=0, magic=5aa5bccd
CANN Version: 8.0.RC3, TimeStamp: 20241026152044625
opType=reset_value, DumpHead: AIV-28, CoreType=AIV, block dim=32, total_block_num=32, block_remain_len=1048448, block_initial_space=1048576, rsv=0, magic=5aa5bccd
CANN Version: 8.0.RC3, TimeStamp: 20241026152044625
opType=reset_value, DumpHead: AIV-29, CoreType=AIV, block dim=32, total_block_num=32, block_remain_len=1048448, block_initial_space=1048576, rsv=0, magic=5aa5bccd
CANN Version: 8.0.RC3, TimeStamp: 20241026152044625
opType=reset_value, DumpHead: AIV-30, CoreType=AIV, block dim=32, total_block_num=32, block_remain_len=1048448, block_initial_space=1048576, rsv=0, magic=5aa5bccd
CANN Version: 8.0.RC3, TimeStamp: 20241026152044625
opType=reset_value, DumpHead: AIV-31, CoreType=AIV, block dim=32, total_block_num=32, block_remain_len=1048448, block_initial_space=1048576, rsv=0, magic=5aa5bccd
CANN Version: 8.0.RC3, TimeStamp: 20241026152044625
opType=reset_value, DumpHead: AIV-0, CoreType=AIV, block dim=32, total_block_num=32, block_remain_len=1048408, block_initial_space=1048576, rsv=0, magic=5aa5bccd
CANN Version: 8.0.RC3, TimeStamp: 20241026152044625
Reset Value ...
opType=reset_value, DumpHead: AIV-1, CoreType=AIV, block dim=32, total_block_num=32, block_remain_len=1048448, block_initial_space=1048576, rsv=0, magic=5aa5bccd
CANN Version: 8.0.RC3, TimeStamp: 20241026152044625
opType=reset_value, DumpHead: AIV-2, CoreType=AIV, block dim=32, total_block_num=32, block_remain_len=1048448, block_initial_space=1048576, rsv=0, magic=5aa5bccd
CANN Version: 8.0.RC3, TimeStamp: 20241026152044625
opType=reset_value, DumpHead: AIV-3, CoreType=AIV, block dim=32, total_block_num=32, block_remain_len=1048448, block_initial_space=1048576, rsv=0, magic=5aa5bccd
CANN Version: 8.0.RC3, TimeStamp: 20241026152044625
opType=reset_value, DumpHead: AIV-4, CoreType=AIV, block dim=32, total_block_num=32, block_remain_len=1048448, block_initial_space=1048576, rsv=0, magic=5aa5bccd
CANN Version: 8.0.RC3, TimeStamp: 20241026152044625
opType=reset_value, DumpHead: AIV-5, CoreType=AIV, block dim=32, total_block_num=32, block_remain_len=1048448, block_initial_space=1048576, rsv=0, magic=5aa5bccd
CANN Version: 8.0.RC3, TimeStamp: 20241026152044625
opType=reset_value, DumpHead: AIV-6, CoreType=AIV, block dim=32, total_block_num=32, block_remain_len=1048448, block_initial_space=1048576, rsv=0, magic=5aa5bccd
CANN Version: 8.0.RC3, TimeStamp: 20241026152044625
opType=reset_value, DumpHead: AIV-7, CoreType=AIV, block dim=32, total_block_num=32, block_remain_len=1048448, block_initial_space=1048576, rsv=0, magic=5aa5bccd
CANN Version: 8.0.RC3, TimeStamp: 20241026152044625
opType=reset_value, DumpHead: AIV-8, CoreType=AIV, block dim=32, total_block_num=32, block_remain_len=1048448, block_initial_space=1048576, rsv=0, magic=5aa5bccd
CANN Version: 8.0.RC3, TimeStamp: 20241026152044625
opType=reset_value, DumpHead: AIV-9, CoreType=AIV, block dim=32, total_block_num=32, block_remain_len=1048448, block_initial_space=1048576, rsv=0, magic=5aa5bccd
CANN Version: 8.0.RC3, TimeStamp: 20241026152044625
opType=reset_value, DumpHead: AIV-10, CoreType=AIV, block dim=32, total_block_num=32, block_remain_len=1048448, block_initial_space=1048576, rsv=0, magic=5aa5bccd
CANN Version: 8.0.RC3, TimeStamp: 20241026152044625
opType=reset_value, DumpHead: AIV-11, CoreType=AIV, block dim=32, total_block_num=32, block_remain_len=1048448, block_initial_space=1048576, rsv=0, magic=5aa5bccd
CANN Version: 8.0.RC3, TimeStamp: 20241026152044625
opType=reset_value, DumpHead: AIV-12, CoreType=AIV, block dim=32, total_block_num=32, block_remain_len=1048448, block_initial_space=1048576, rsv=0, magic=5aa5bccd
CANN Version: 8.0.RC3, TimeStamp: 20241026152044625
opType=reset_value, DumpHead: AIV-13, CoreType=AIV, block dim=32, total_block_num=32, block_remain_len=1048448, block_initial_space=1048576, rsv=0, magic=5aa5bccd
CANN Version: 8.0.RC3, TimeStamp: 20241026152044625
opType=reset_value, DumpHead: AIV-14, CoreType=AIV, block dim=32, total_block_num=32, block_remain_len=1048448, block_initial_space=1048576, rsv=0, magic=5aa5bccd
CANN Version: 8.0.RC3, TimeStamp: 20241026152044625
opType=reset_value, DumpHead: AIV-15, CoreType=AIV, block dim=32, total_block_num=32, block_remain_len=1048448, block_initial_space=1048576, rsv=0, magic=5aa5bccd
CANN Version: 8.0.RC3, TimeStamp: 20241026152044625
opType=reset_value, DumpHead: AIV-16, CoreType=AIV, block dim=32, total_block_num=32, block_remain_len=1048448, block_initial_space=1048576, rsv=0, magic=5aa5bccd
CANN Version: 8.0.RC3, TimeStamp: 20241026152044625
opType=reset_value, DumpHead: AIV-17, CoreType=AIV, block dim=32, total_block_num=32, block_remain_len=1048448, block_initial_space=1048576, rsv=0, magic=5aa5bccd
CANN Version: 8.0.RC3, TimeStamp: 20241026152044625
opType=reset_value, DumpHead: AIV-18, CoreType=AIV, block dim=32, total_block_num=32, block_remain_len=1048448, block_initial_space=1048576, rsv=0, magic=5aa5bccd
CANN Version: 8.0.RC3, TimeStamp: 20241026152044625
opType=reset_value, DumpHead: AIV-19, CoreType=AIV, block dim=32, total_block_num=32, block_remain_len=1048448, block_initial_space=1048576, rsv=0, magic=5aa5bccd
CANN Version: 8.0.RC3, TimeStamp: 20241026152044625
opType=reset_value, DumpHead: AIV-20, CoreType=AIV, block dim=32, total_block_num=32, block_remain_len=1048448, block_initial_space=1048576, rsv=0, magic=5aa5bccd
CANN Version: 8.0.RC3, TimeStamp: 20241026152044625
opType=reset_value, DumpHead: AIV-21, CoreType=AIV, block dim=32, total_block_num=32, block_remain_len=1048448, block_initial_space=1048576, rsv=0, magic=5aa5bccd
CANN Version: 8.0.RC3, TimeStamp: 20241026152044625
opType=reset_value, DumpHead: AIV-22, CoreType=AIV, block dim=32, total_block_num=32, block_remain_len=1048448, block_initial_space=1048576, rsv=0, magic=5aa5bccd
CANN Version: 8.0.RC3, TimeStamp: 20241026152044625
opType=reset_value, DumpHead: AIV-23, CoreType=AIV, block dim=32, total_block_num=32, block_remain_len=1048448, block_initial_space=1048576, rsv=0, magic=5aa5bccd
CANN Version: 8.0.RC3, TimeStamp: 20241026152044625
opType=reset_value, DumpHead: AIV-24, CoreType=AIV, block dim=32, total_block_num=32, block_remain_len=1048448, block_initial_space=1048576, rsv=0, magic=5aa5bccd
CANN Version: 8.0.RC3, TimeStamp: 20241026152044625
opType=reset_value, DumpHead: AIV-25, CoreType=AIV, block dim=32, total_block_num=32, block_remain_len=1048448, block_initial_space=1048576, rsv=0, magic=5aa5bccd
CANN Version: 8.0.RC3, TimeStamp: 20241026152044625
opType=reset_value, DumpHead: AIV-26, CoreType=AIV, block dim=32, total_block_num=32, block_remain_len=1048448, block_initial_space=1048576, rsv=0, magic=5aa5bccd
CANN Version: 8.0.RC3, TimeStamp: 20241026152044625
opType=reset_value, DumpHead: AIV-27, CoreType=AIV, block dim=32, total_block_num=32, block_remain_len=1048448, block_initial_space=1048576, rsv=0, magic=5aa5bccd
CANN Version: 8.0.RC3, TimeStamp: 20241026152044625
opType=reset_value, DumpHead: AIV-28, CoreType=AIV, block dim=32, total_block_num=32, block_remain_len=1048448, block_initial_space=1048576, rsv=0, magic=5aa5bccd
CANN Version: 8.0.RC3, TimeStamp: 20241026152044625
opType=reset_value, DumpHead: AIV-29, CoreType=AIV, block dim=32, total_block_num=32, block_remain_len=1048448, block_initial_space=1048576, rsv=0, magic=5aa5bccd
CANN Version: 8.0.RC3, TimeStamp: 20241026152044625
opType=reset_value, DumpHead: AIV-30, CoreType=AIV, block dim=32, total_block_num=32, block_remain_len=1048448, block_initial_space=1048576, rsv=0, magic=5aa5bccd
CANN Version: 8.0.RC3, TimeStamp: 20241026152044625
opType=reset_value, DumpHead: AIV-31, CoreType=AIV, block dim=32, total_block_num=32, block_remain_len=1048448, block_initial_space=1048576, rsv=0, magic=5aa5bccd
CANN Version: 8.0.RC3, TimeStamp: 20241026152044625
opType=reset_value, DumpHead: AIV-0, CoreType=AIV, block dim=32, total_block_num=32, block_remain_len=1048408, block_initial_space=1048576, rsv=0, magic=5aa5bccd
CANN Version: 8.0.RC3, TimeStamp: 20241026152044625
Reset Value ...
opType=reset_value, DumpHead: AIV-1, CoreType=AIV, block dim=32, total_block_num=32, block_remain_len=1048448, block_initial_space=1048576, rsv=0, magic=5aa5bccd
CANN Version: 8.0.RC3, TimeStamp: 20241026152044625
opType=reset_value, DumpHead: AIV-2, CoreType=AIV, block dim=32, total_block_num=32, block_remain_len=1048448, block_initial_space=1048576, rsv=0, magic=5aa5bccd
CANN Version: 8.0.RC3, TimeStamp: 20241026152044625
opType=reset_value, DumpHead: AIV-3, CoreType=AIV, block dim=32, total_block_num=32, block_remain_len=1048448, block_initial_space=1048576, rsv=0, magic=5aa5bccd
CANN Version: 8.0.RC3, TimeStamp: 20241026152044625
opType=reset_value, DumpHead: AIV-4, CoreType=AIV, block dim=32, total_block_num=32, block_remain_len=1048448, block_initial_space=1048576, rsv=0, magic=5aa5bccd
CANN Version: 8.0.RC3, TimeStamp: 20241026152044625
opType=reset_value, DumpHead: AIV-5, CoreType=AIV, block dim=32, total_block_num=32, block_remain_len=1048448, block_initial_space=1048576, rsv=0, magic=5aa5bccd
CANN Version: 8.0.RC3, TimeStamp: 20241026152044625
opType=reset_value, DumpHead: AIV-6, CoreType=AIV, block dim=32, total_block_num=32, block_remain_len=1048448, block_initial_space=1048576, rsv=0, magic=5aa5bccd
CANN Version: 8.0.RC3, TimeStamp: 20241026152044625
opType=reset_value, DumpHead: AIV-7, CoreType=AIV, block dim=32, total_block_num=32, block_remain_len=1048448, block_initial_space=1048576, rsv=0, magic=5aa5bccd
CANN Version: 8.0.RC3, TimeStamp: 20241026152044625
opType=reset_value, DumpHead: AIV-8, CoreType=AIV, block dim=32, total_block_num=32, block_remain_len=1048448, block_initial_space=1048576, rsv=0, magic=5aa5bccd
CANN Version: 8.0.RC3, TimeStamp: 20241026152044625
opType=reset_value, DumpHead: AIV-9, CoreType=AIV, block dim=32, total_block_num=32, block_remain_len=1048448, block_initial_space=1048576, rsv=0, magic=5aa5bccd
CANN Version: 8.0.RC3, TimeStamp: 20241026152044625
opType=reset_value, DumpHead: AIV-10, CoreType=AIV, block dim=32, total_block_num=32, block_remain_len=1048448, block_initial_space=1048576, rsv=0, magic=5aa5bccd
CANN Version: 8.0.RC3, TimeStamp: 20241026152044625
opType=reset_value, DumpHead: AIV-11, CoreType=AIV, block dim=32, total_block_num=32, block_remain_len=1048448, block_initial_space=1048576, rsv=0, magic=5aa5bccd
CANN Version: 8.0.RC3, TimeStamp: 20241026152044625
opType=reset_value, DumpHead: AIV-12, CoreType=AIV, block dim=32, total_block_num=32, block_remain_len=1048448, block_initial_space=1048576, rsv=0, magic=5aa5bccd
CANN Version: 8.0.RC3, TimeStamp: 20241026152044625
opType=reset_value, DumpHead: AIV-13, CoreType=AIV, block dim=32, total_block_num=32, block_remain_len=1048448, block_initial_space=1048576, rsv=0, magic=5aa5bccd
CANN Version: 8.0.RC3, TimeStamp: 20241026152044625
opType=reset_value, DumpHead: AIV-14, CoreType=AIV, block dim=32, total_block_num=32, block_remain_len=1048448, block_initial_space=1048576, rsv=0, magic=5aa5bccd
CANN Version: 8.0.RC3, TimeStamp: 20241026152044625
opType=reset_value, DumpHead: AIV-15, CoreType=AIV, block dim=32, total_block_num=32, block_remain_len=1048448, block_initial_space=1048576, rsv=0, magic=5aa5bccd
CANN Version: 8.0.RC3, TimeStamp: 20241026152044625
opType=reset_value, DumpHead: AIV-16, CoreType=AIV, block dim=32, total_block_num=32, block_remain_len=1048448, block_initial_space=1048576, rsv=0, magic=5aa5bccd
CANN Version: 8.0.RC3, TimeStamp: 20241026152044625
opType=reset_value, DumpHead: AIV-17, CoreType=AIV, block dim=32, total_block_num=32, block_remain_len=1048448, block_initial_space=1048576, rsv=0, magic=5aa5bccd
CANN Version: 8.0.RC3, TimeStamp: 20241026152044625
opType=reset_value, DumpHead: AIV-18, CoreType=AIV, block dim=32, total_block_num=32, block_remain_len=1048448, block_initial_space=1048576, rsv=0, magic=5aa5bccd
CANN Version: 8.0.RC3, TimeStamp: 20241026152044625
opType=reset_value, DumpHead: AIV-19, CoreType=AIV, block dim=32, total_block_num=32, block_remain_len=1048448, block_initial_space=1048576, rsv=0, magic=5aa5bccd
CANN Version: 8.0.RC3, TimeStamp: 20241026152044625
opType=reset_value, DumpHead: AIV-20, CoreType=AIV, block dim=32, total_block_num=32, block_remain_len=1048448, block_initial_space=1048576, rsv=0, magic=5aa5bccd
CANN Version: 8.0.RC3, TimeStamp: 20241026152044625
opType=reset_value, DumpHead: AIV-21, CoreType=AIV, block dim=32, total_block_num=32, block_remain_len=1048448, block_initial_space=1048576, rsv=0, magic=5aa5bccd
CANN Version: 8.0.RC3, TimeStamp: 20241026152044625
opType=reset_value, DumpHead: AIV-22, CoreType=AIV, block dim=32, total_block_num=32, block_remain_len=1048448, block_initial_space=1048576, rsv=0, magic=5aa5bccd
CANN Version: 8.0.RC3, TimeStamp: 20241026152044625
opType=reset_value, DumpHead: AIV-23, CoreType=AIV, block dim=32, total_block_num=32, block_remain_len=1048448, block_initial_space=1048576, rsv=0, magic=5aa5bccd
CANN Version: 8.0.RC3, TimeStamp: 20241026152044625
opType=reset_value, DumpHead: AIV-24, CoreType=AIV, block dim=32, total_block_num=32, block_remain_len=1048448, block_initial_space=1048576, rsv=0, magic=5aa5bccd
CANN Version: 8.0.RC3, TimeStamp: 20241026152044625
opType=reset_value, DumpHead: AIV-25, CoreType=AIV, block dim=32, total_block_num=32, block_remain_len=1048448, block_initial_space=1048576, rsv=0, magic=5aa5bccd
CANN Version: 8.0.RC3, TimeStamp: 20241026152044625
opType=reset_value, DumpHead: AIV-26, CoreType=AIV, block dim=32, total_block_num=32, block_remain_len=1048448, block_initial_space=1048576, rsv=0, magic=5aa5bccd
CANN Version: 8.0.RC3, TimeStamp: 20241026152044625
opType=reset_value, DumpHead: AIV-27, CoreType=AIV, block dim=32, total_block_num=32, block_remain_len=1048448, block_initial_space=1048576, rsv=0, magic=5aa5bccd
CANN Version: 8.0.RC3, TimeStamp: 20241026152044625
opType=reset_value, DumpHead: AIV-28, CoreType=AIV, block dim=32, total_block_num=32, block_remain_len=1048448, block_initial_space=1048576, rsv=0, magic=5aa5bccd
CANN Version: 8.0.RC3, TimeStamp: 20241026152044625
opType=reset_value, DumpHead: AIV-29, CoreType=AIV, block dim=32, total_block_num=32, block_remain_len=1048448, block_initial_space=1048576, rsv=0, magic=5aa5bccd
CANN Version: 8.0.RC3, TimeStamp: 20241026152044625
opType=reset_value, DumpHead: AIV-30, CoreType=AIV, block dim=32, total_block_num=32, block_remain_len=1048448, block_initial_space=1048576, rsv=0, magic=5aa5bccd
CANN Version: 8.0.RC3, TimeStamp: 20241026152044625
opType=reset_value, DumpHead: AIV-31, CoreType=AIV, block dim=32, total_block_num=32, block_remain_len=1048448, block_initial_space=1048576, rsv=0, magic=5aa5bccd
CANN Version: 8.0.RC3, TimeStamp: 20241026152044625
opType=reset_value, DumpHead: AIV-0, CoreType=AIV, block dim=32, total_block_num=32, block_remain_len=1048408, block_initial_space=1048576, rsv=0, magic=5aa5bccd
CANN Version: 8.0.RC3, TimeStamp: 20241026152044625
Reset Value ...
opType=reset_value, DumpHead: AIV-1, CoreType=AIV, block dim=32, total_block_num=32, block_remain_len=1048448, block_initial_space=1048576, rsv=0, magic=5aa5bccd
CANN Version: 8.0.RC3, TimeStamp: 20241026152044625
opType=reset_value, DumpHead: AIV-2, CoreType=AIV, block dim=32, total_block_num=32, block_remain_len=1048448, block_initial_space=1048576, rsv=0, magic=5aa5bccd
CANN Version: 8.0.RC3, TimeStamp: 20241026152044625
opType=reset_value, DumpHead: AIV-3, CoreType=AIV, block dim=32, total_block_num=32, block_remain_len=1048448, block_initial_space=1048576, rsv=0, magic=5aa5bccd
CANN Version: 8.0.RC3, TimeStamp: 20241026152044625
opType=reset_value, DumpHead: AIV-4, CoreType=AIV, block dim=32, total_block_num=32, block_remain_len=1048448, block_initial_space=1048576, rsv=0, magic=5aa5bccd
CANN Version: 8.0.RC3, TimeStamp: 20241026152044625
opType=reset_value, DumpHead: AIV-5, CoreType=AIV, block dim=32, total_block_num=32, block_remain_len=1048448, block_initial_space=1048576, rsv=0, magic=5aa5bccd
CANN Version: 8.0.RC3, TimeStamp: 20241026152044625
opType=reset_value, DumpHead: AIV-6, CoreType=AIV, block dim=32, total_block_num=32, block_remain_len=1048448, block_initial_space=1048576, rsv=0, magic=5aa5bccd
CANN Version: 8.0.RC3, TimeStamp: 20241026152044625
opType=reset_value, DumpHead: AIV-7, CoreType=AIV, block dim=32, total_block_num=32, block_remain_len=1048448, block_initial_space=1048576, rsv=0, magic=5aa5bccd
CANN Version: 8.0.RC3, TimeStamp: 20241026152044625
opType=reset_value, DumpHead: AIV-8, CoreType=AIV, block dim=32, total_block_num=32, block_remain_len=1048448, block_initial_space=1048576, rsv=0, magic=5aa5bccd
CANN Version: 8.0.RC3, TimeStamp: 20241026152044625
opType=reset_value, DumpHead: AIV-9, CoreType=AIV, block dim=32, total_block_num=32, block_remain_len=1048448, block_initial_space=1048576, rsv=0, magic=5aa5bccd
CANN Version: 8.0.RC3, TimeStamp: 20241026152044625
opType=reset_value, DumpHead: AIV-10, CoreType=AIV, block dim=32, total_block_num=32, block_remain_len=1048448, block_initial_space=1048576, rsv=0, magic=5aa5bccd
CANN Version: 8.0.RC3, TimeStamp: 20241026152044625
opType=reset_value, DumpHead: AIV-11, CoreType=AIV, block dim=32, total_block_num=32, block_remain_len=1048448, block_initial_space=1048576, rsv=0, magic=5aa5bccd
CANN Version: 8.0.RC3, TimeStamp: 20241026152044625
opType=reset_value, DumpHead: AIV-12, CoreType=AIV, block dim=32, total_block_num=32, block_remain_len=1048448, block_initial_space=1048576, rsv=0, magic=5aa5bccd
CANN Version: 8.0.RC3, TimeStamp: 20241026152044625
opType=reset_value, DumpHead: AIV-13, CoreType=AIV, block dim=32, total_block_num=32, block_remain_len=1048448, block_initial_space=1048576, rsv=0, magic=5aa5bccd
CANN Version: 8.0.RC3, TimeStamp: 20241026152044625
opType=reset_value, DumpHead: AIV-14, CoreType=AIV, block dim=32, total_block_num=32, block_remain_len=1048448, block_initial_space=1048576, rsv=0, magic=5aa5bccd
CANN Version: 8.0.RC3, TimeStamp: 20241026152044625
opType=reset_value, DumpHead: AIV-15, CoreType=AIV, block dim=32, total_block_num=32, block_remain_len=1048448, block_initial_space=1048576, rsv=0, magic=5aa5bccd
CANN Version: 8.0.RC3, TimeStamp: 20241026152044625
opType=reset_value, DumpHead: AIV-16, CoreType=AIV, block dim=32, total_block_num=32, block_remain_len=1048448, block_initial_space=1048576, rsv=0, magic=5aa5bccd
CANN Version: 8.0.RC3, TimeStamp: 20241026152044625
opType=reset_value, DumpHead: AIV-17, CoreType=AIV, block dim=32, total_block_num=32, block_remain_len=1048448, block_initial_space=1048576, rsv=0, magic=5aa5bccd
CANN Version: 8.0.RC3, TimeStamp: 20241026152044625
opType=reset_value, DumpHead: AIV-18, CoreType=AIV, block dim=32, total_block_num=32, block_remain_len=1048448, block_initial_space=1048576, rsv=0, magic=5aa5bccd
CANN Version: 8.0.RC3, TimeStamp: 20241026152044625
opType=reset_value, DumpHead: AIV-19, CoreType=AIV, block dim=32, total_block_num=32, block_remain_len=1048448, block_initial_space=1048576, rsv=0, magic=5aa5bccd
CANN Version: 8.0.RC3, TimeStamp: 20241026152044625
opType=reset_value, DumpHead: AIV-20, CoreType=AIV, block dim=32, total_block_num=32, block_remain_len=1048448, block_initial_space=1048576, rsv=0, magic=5aa5bccd
CANN Version: 8.0.RC3, TimeStamp: 20241026152044625
opType=reset_value, DumpHead: AIV-21, CoreType=AIV, block dim=32, total_block_num=32, block_remain_len=1048448, block_initial_space=1048576, rsv=0, magic=5aa5bccd
CANN Version: 8.0.RC3, TimeStamp: 20241026152044625
opType=reset_value, DumpHead: AIV-22, CoreType=AIV, block dim=32, total_block_num=32, block_remain_len=1048448, block_initial_space=1048576, rsv=0, magic=5aa5bccd
CANN Version: 8.0.RC3, TimeStamp: 20241026152044625
opType=reset_value, DumpHead: AIV-23, CoreType=AIV, block dim=32, total_block_num=32, block_remain_len=1048448, block_initial_space=1048576, rsv=0, magic=5aa5bccd
CANN Version: 8.0.RC3, TimeStamp: 20241026152044625
opType=reset_value, DumpHead: AIV-24, CoreType=AIV, block dim=32, total_block_num=32, block_remain_len=1048448, block_initial_space=1048576, rsv=0, magic=5aa5bccd
CANN Version: 8.0.RC3, TimeStamp: 20241026152044625
opType=reset_value, DumpHead: AIV-25, CoreType=AIV, block dim=32, total_block_num=32, block_remain_len=1048448, block_initial_space=1048576, rsv=0, magic=5aa5bccd
CANN Version: 8.0.RC3, TimeStamp: 20241026152044625
opType=reset_value, DumpHead: AIV-26, CoreType=AIV, block dim=32, total_block_num=32, block_remain_len=1048448, block_initial_space=1048576, rsv=0, magic=5aa5bccd
CANN Version: 8.0.RC3, TimeStamp: 20241026152044625
opType=reset_value, DumpHead: AIV-27, CoreType=AIV, block dim=32, total_block_num=32, block_remain_len=1048448, block_initial_space=1048576, rsv=0, magic=5aa5bccd
CANN Version: 8.0.RC3, TimeStamp: 20241026152044625
opType=reset_value, DumpHead: AIV-28, CoreType=AIV, block dim=32, total_block_num=32, block_remain_len=1048448, block_initial_space=1048576, rsv=0, magic=5aa5bccd
CANN Version: 8.0.RC3, TimeStamp: 20241026152044625
opType=reset_value, DumpHead: AIV-29, CoreType=AIV, block dim=32, total_block_num=32, block_remain_len=1048448, block_initial_space=1048576, rsv=0, magic=5aa5bccd
CANN Version: 8.0.RC3, TimeStamp: 20241026152044625
opType=reset_value, DumpHead: AIV-30, CoreType=AIV, block dim=32, total_block_num=32, block_remain_len=1048448, block_initial_space=1048576, rsv=0, magic=5aa5bccd
CANN Version: 8.0.RC3, TimeStamp: 20241026152044625
opType=reset_value, DumpHead: AIV-31, CoreType=AIV, block dim=32, total_block_num=32, block_remain_len=1048448, block_initial_space=1048576, rsv=0, magic=5aa5bccd
CANN Version: 8.0.RC3, TimeStamp: 20241026152044625
opType=compute_msg, DumpHead: AIV-0, CoreType=AIV, block dim=32, total_block_num=32, block_remain_len=1048408, block_initial_space=1048576, rsv=0, magic=5aa5bccd
CANN Version: 8.0.RC3, TimeStamp: 20241026152044625
Compute Message ...
opType=compute_msg, DumpHead: AIV-1, CoreType=AIV, block dim=32, total_block_num=32, block_remain_len=1048448, block_initial_space=1048576, rsv=0, magic=5aa5bccd
CANN Version: 8.0.RC3, TimeStamp: 20241026152044625
opType=compute_msg, DumpHead: AIV-2, CoreType=AIV, block dim=32, total_block_num=32, block_remain_len=1048448, block_initial_space=1048576, rsv=0, magic=5aa5bccd
CANN Version: 8.0.RC3, TimeStamp: 20241026152044625
opType=compute_msg, DumpHead: AIV-3, CoreType=AIV, block dim=32, total_block_num=32, block_remain_len=1048448, block_initial_space=1048576, rsv=0, magic=5aa5bccd
CANN Version: 8.0.RC3, TimeStamp: 20241026152044625
opType=compute_msg, DumpHead: AIV-4, CoreType=AIV, block dim=32, total_block_num=32, block_remain_len=1048448, block_initial_space=1048576, rsv=0, magic=5aa5bccd
CANN Version: 8.0.RC3, TimeStamp: 20241026152044625
opType=compute_msg, DumpHead: AIV-5, CoreType=AIV, block dim=32, total_block_num=32, block_remain_len=1048448, block_initial_space=1048576, rsv=0, magic=5aa5bccd
CANN Version: 8.0.RC3, TimeStamp: 20241026152044625
opType=compute_msg, DumpHead: AIV-6, CoreType=AIV, block dim=32, total_block_num=32, block_remain_len=1048448, block_initial_space=1048576, rsv=0, magic=5aa5bccd
CANN Version: 8.0.RC3, TimeStamp: 20241026152044625
opType=compute_msg, DumpHead: AIV-7, CoreType=AIV, block dim=32, total_block_num=32, block_remain_len=1048448, block_initial_space=1048576, rsv=0, magic=5aa5bccd
CANN Version: 8.0.RC3, TimeStamp: 20241026152044625
opType=compute_msg, DumpHead: AIV-8, CoreType=AIV, block dim=32, total_block_num=32, block_remain_len=1048448, block_initial_space=1048576, rsv=0, magic=5aa5bccd
CANN Version: 8.0.RC3, TimeStamp: 20241026152044625
opType=compute_msg, DumpHead: AIV-9, CoreType=AIV, block dim=32, total_block_num=32, block_remain_len=1048448, block_initial_space=1048576, rsv=0, magic=5aa5bccd
CANN Version: 8.0.RC3, TimeStamp: 20241026152044625
opType=compute_msg, DumpHead: AIV-10, CoreType=AIV, block dim=32, total_block_num=32, block_remain_len=1048448, block_initial_space=1048576, rsv=0, magic=5aa5bccd
CANN Version: 8.0.RC3, TimeStamp: 20241026152044625
opType=compute_msg, DumpHead: AIV-11, CoreType=AIV, block dim=32, total_block_num=32, block_remain_len=1048448, block_initial_space=1048576, rsv=0, magic=5aa5bccd
CANN Version: 8.0.RC3, TimeStamp: 20241026152044625
opType=compute_msg, DumpHead: AIV-12, CoreType=AIV, block dim=32, total_block_num=32, block_remain_len=1048448, block_initial_space=1048576, rsv=0, magic=5aa5bccd
CANN Version: 8.0.RC3, TimeStamp: 20241026152044625
opType=compute_msg, DumpHead: AIV-13, CoreType=AIV, block dim=32, total_block_num=32, block_remain_len=1048448, block_initial_space=1048576, rsv=0, magic=5aa5bccd
CANN Version: 8.0.RC3, TimeStamp: 20241026152044625
opType=compute_msg, DumpHead: AIV-14, CoreType=AIV, block dim=32, total_block_num=32, block_remain_len=1048448, block_initial_space=1048576, rsv=0, magic=5aa5bccd
CANN Version: 8.0.RC3, TimeStamp: 20241026152044625
opType=compute_msg, DumpHead: AIV-15, CoreType=AIV, block dim=32, total_block_num=32, block_remain_len=1048448, block_initial_space=1048576, rsv=0, magic=5aa5bccd
CANN Version: 8.0.RC3, TimeStamp: 20241026152044625
opType=compute_msg, DumpHead: AIV-16, CoreType=AIV, block dim=32, total_block_num=32, block_remain_len=1048448, block_initial_space=1048576, rsv=0, magic=5aa5bccd
CANN Version: 8.0.RC3, TimeStamp: 20241026152044625
opType=compute_msg, DumpHead: AIV-17, CoreType=AIV, block dim=32, total_block_num=32, block_remain_len=1048448, block_initial_space=1048576, rsv=0, magic=5aa5bccd
CANN Version: 8.0.RC3, TimeStamp: 20241026152044625
opType=compute_msg, DumpHead: AIV-18, CoreType=AIV, block dim=32, total_block_num=32, block_remain_len=1048448, block_initial_space=1048576, rsv=0, magic=5aa5bccd
CANN Version: 8.0.RC3, TimeStamp: 20241026152044625
opType=compute_msg, DumpHead: AIV-19, CoreType=AIV, block dim=32, total_block_num=32, block_remain_len=1048448, block_initial_space=1048576, rsv=0, magic=5aa5bccd
CANN Version: 8.0.RC3, TimeStamp: 20241026152044625
opType=compute_msg, DumpHead: AIV-20, CoreType=AIV, block dim=32, total_block_num=32, block_remain_len=1048448, block_initial_space=1048576, rsv=0, magic=5aa5bccd
CANN Version: 8.0.RC3, TimeStamp: 20241026152044625
opType=compute_msg, DumpHead: AIV-21, CoreType=AIV, block dim=32, total_block_num=32, block_remain_len=1048448, block_initial_space=1048576, rsv=0, magic=5aa5bccd
CANN Version: 8.0.RC3, TimeStamp: 20241026152044625
opType=compute_msg, DumpHead: AIV-22, CoreType=AIV, block dim=32, total_block_num=32, block_remain_len=1048448, block_initial_space=1048576, rsv=0, magic=5aa5bccd
CANN Version: 8.0.RC3, TimeStamp: 20241026152044625
opType=compute_msg, DumpHead: AIV-23, CoreType=AIV, block dim=32, total_block_num=32, block_remain_len=1048448, block_initial_space=1048576, rsv=0, magic=5aa5bccd
CANN Version: 8.0.RC3, TimeStamp: 20241026152044625
opType=compute_msg, DumpHead: AIV-24, CoreType=AIV, block dim=32, total_block_num=32, block_remain_len=1048448, block_initial_space=1048576, rsv=0, magic=5aa5bccd
CANN Version: 8.0.RC3, TimeStamp: 20241026152044625
opType=compute_msg, DumpHead: AIV-25, CoreType=AIV, block dim=32, total_block_num=32, block_remain_len=1048448, block_initial_space=1048576, rsv=0, magic=5aa5bccd
CANN Version: 8.0.RC3, TimeStamp: 20241026152044625
opType=compute_msg, DumpHead: AIV-26, CoreType=AIV, block dim=32, total_block_num=32, block_remain_len=1048448, block_initial_space=1048576, rsv=0, magic=5aa5bccd
CANN Version: 8.0.RC3, TimeStamp: 20241026152044625
opType=compute_msg, DumpHead: AIV-27, CoreType=AIV, block dim=32, total_block_num=32, block_remain_len=1048448, block_initial_space=1048576, rsv=0, magic=5aa5bccd
CANN Version: 8.0.RC3, TimeStamp: 20241026152044625
opType=compute_msg, DumpHead: AIV-28, CoreType=AIV, block dim=32, total_block_num=32, block_remain_len=1048448, block_initial_space=1048576, rsv=0, magic=5aa5bccd
CANN Version: 8.0.RC3, TimeStamp: 20241026152044625
opType=compute_msg, DumpHead: AIV-29, CoreType=AIV, block dim=32, total_block_num=32, block_remain_len=1048448, block_initial_space=1048576, rsv=0, magic=5aa5bccd
CANN Version: 8.0.RC3, TimeStamp: 20241026152044625
opType=compute_msg, DumpHead: AIV-30, CoreType=AIV, block dim=32, total_block_num=32, block_remain_len=1048448, block_initial_space=1048576, rsv=0, magic=5aa5bccd
CANN Version: 8.0.RC3, TimeStamp: 20241026152044625
opType=compute_msg, DumpHead: AIV-31, CoreType=AIV, block dim=32, total_block_num=32, block_remain_len=1048448, block_initial_space=1048576, rsv=0, magic=5aa5bccd
CANN Version: 8.0.RC3, TimeStamp: 20241026152044625
opType=compute_msg, DumpHead: AIV-0, CoreType=AIV, block dim=32, total_block_num=32, block_remain_len=1048408, block_initial_space=1048576, rsv=0, magic=5aa5bccd
CANN Version: 8.0.RC3, TimeStamp: 20241026152044625
Compute Message ...
opType=compute_msg, DumpHead: AIV-1, CoreType=AIV, block dim=32, total_block_num=32, block_remain_len=1048448, block_initial_space=1048576, rsv=0, magic=5aa5bccd
CANN Version: 8.0.RC3, TimeStamp: 20241026152044625
opType=compute_msg, DumpHead: AIV-2, CoreType=AIV, block dim=32, total_block_num=32, block_remain_len=1048448, block_initial_space=1048576, rsv=0, magic=5aa5bccd
CANN Version: 8.0.RC3, TimeStamp: 20241026152044625
opType=compute_msg, DumpHead: AIV-3, CoreType=AIV, block dim=32, total_block_num=32, block_remain_len=1048448, block_initial_space=1048576, rsv=0, magic=5aa5bccd
CANN Version: 8.0.RC3, TimeStamp: 20241026152044625
opType=compute_msg, DumpHead: AIV-4, CoreType=AIV, block dim=32, total_block_num=32, block_remain_len=1048448, block_initial_space=1048576, rsv=0, magic=5aa5bccd
CANN Version: 8.0.RC3, TimeStamp: 20241026152044625
opType=compute_msg, DumpHead: AIV-5, CoreType=AIV, block dim=32, total_block_num=32, block_remain_len=1048448, block_initial_space=1048576, rsv=0, magic=5aa5bccd
CANN Version: 8.0.RC3, TimeStamp: 20241026152044625
opType=compute_msg, DumpHead: AIV-6, CoreType=AIV, block dim=32, total_block_num=32, block_remain_len=1048448, block_initial_space=1048576, rsv=0, magic=5aa5bccd
CANN Version: 8.0.RC3, TimeStamp: 20241026152044625
opType=compute_msg, DumpHead: AIV-7, CoreType=AIV, block dim=32, total_block_num=32, block_remain_len=1048448, block_initial_space=1048576, rsv=0, magic=5aa5bccd
CANN Version: 8.0.RC3, TimeStamp: 20241026152044625
opType=compute_msg, DumpHead: AIV-8, CoreType=AIV, block dim=32, total_block_num=32, block_remain_len=1048448, block_initial_space=1048576, rsv=0, magic=5aa5bccd
CANN Version: 8.0.RC3, TimeStamp: 20241026152044625
opType=compute_msg, DumpHead: AIV-9, CoreType=AIV, block dim=32, total_block_num=32, block_remain_len=1048448, block_initial_space=1048576, rsv=0, magic=5aa5bccd
CANN Version: 8.0.RC3, TimeStamp: 20241026152044625
opType=compute_msg, DumpHead: AIV-10, CoreType=AIV, block dim=32, total_block_num=32, block_remain_len=1048448, block_initial_space=1048576, rsv=0, magic=5aa5bccd
CANN Version: 8.0.RC3, TimeStamp: 20241026152044625
opType=compute_msg, DumpHead: AIV-11, CoreType=AIV, block dim=32, total_block_num=32, block_remain_len=1048448, block_initial_space=1048576, rsv=0, magic=5aa5bccd
CANN Version: 8.0.RC3, TimeStamp: 20241026152044625
opType=compute_msg, DumpHead: AIV-12, CoreType=AIV, block dim=32, total_block_num=32, block_remain_len=1048448, block_initial_space=1048576, rsv=0, magic=5aa5bccd
CANN Version: 8.0.RC3, TimeStamp: 20241026152044625
opType=compute_msg, DumpHead: AIV-13, CoreType=AIV, block dim=32, total_block_num=32, block_remain_len=1048448, block_initial_space=1048576, rsv=0, magic=5aa5bccd
CANN Version: 8.0.RC3, TimeStamp: 20241026152044625
opType=compute_msg, DumpHead: AIV-14, CoreType=AIV, block dim=32, total_block_num=32, block_remain_len=1048448, block_initial_space=1048576, rsv=0, magic=5aa5bccd
CANN Version: 8.0.RC3, TimeStamp: 20241026152044625
opType=compute_msg, DumpHead: AIV-15, CoreType=AIV, block dim=32, total_block_num=32, block_remain_len=1048448, block_initial_space=1048576, rsv=0, magic=5aa5bccd
CANN Version: 8.0.RC3, TimeStamp: 20241026152044625
opType=compute_msg, DumpHead: AIV-16, CoreType=AIV, block dim=32, total_block_num=32, block_remain_len=1048448, block_initial_space=1048576, rsv=0, magic=5aa5bccd
CANN Version: 8.0.RC3, TimeStamp: 20241026152044625
opType=compute_msg, DumpHead: AIV-17, CoreType=AIV, block dim=32, total_block_num=32, block_remain_len=1048448, block_initial_space=1048576, rsv=0, magic=5aa5bccd
CANN Version: 8.0.RC3, TimeStamp: 20241026152044625
opType=compute_msg, DumpHead: AIV-18, CoreType=AIV, block dim=32, total_block_num=32, block_remain_len=1048448, block_initial_space=1048576, rsv=0, magic=5aa5bccd
CANN Version: 8.0.RC3, TimeStamp: 20241026152044625
opType=compute_msg, DumpHead: AIV-19, CoreType=AIV, block dim=32, total_block_num=32, block_remain_len=1048448, block_initial_space=1048576, rsv=0, magic=5aa5bccd
CANN Version: 8.0.RC3, TimeStamp: 20241026152044625
opType=compute_msg, DumpHead: AIV-20, CoreType=AIV, block dim=32, total_block_num=32, block_remain_len=1048448, block_initial_space=1048576, rsv=0, magic=5aa5bccd
CANN Version: 8.0.RC3, TimeStamp: 20241026152044625
opType=compute_msg, DumpHead: AIV-21, CoreType=AIV, block dim=32, total_block_num=32, block_remain_len=1048448, block_initial_space=1048576, rsv=0, magic=5aa5bccd
CANN Version: 8.0.RC3, TimeStamp: 20241026152044625
opType=compute_msg, DumpHead: AIV-22, CoreType=AIV, block dim=32, total_block_num=32, block_remain_len=1048448, block_initial_space=1048576, rsv=0, magic=5aa5bccd
CANN Version: 8.0.RC3, TimeStamp: 20241026152044625
opType=compute_msg, DumpHead: AIV-23, CoreType=AIV, block dim=32, total_block_num=32, block_remain_len=1048448, block_initial_space=1048576, rsv=0, magic=5aa5bccd
CANN Version: 8.0.RC3, TimeStamp: 20241026152044625
opType=compute_msg, DumpHead: AIV-24, CoreType=AIV, block dim=32, total_block_num=32, block_remain_len=1048448, block_initial_space=1048576, rsv=0, magic=5aa5bccd
CANN Version: 8.0.RC3, TimeStamp: 20241026152044625
opType=compute_msg, DumpHead: AIV-25, CoreType=AIV, block dim=32, total_block_num=32, block_remain_len=1048448, block_initial_space=1048576, rsv=0, magic=5aa5bccd
CANN Version: 8.0.RC3, TimeStamp: 20241026152044625
opType=compute_msg, DumpHead: AIV-26, CoreType=AIV, block dim=32, total_block_num=32, block_remain_len=1048448, block_initial_space=1048576, rsv=0, magic=5aa5bccd
CANN Version: 8.0.RC3, TimeStamp: 20241026152044625
opType=compute_msg, DumpHead: AIV-27, CoreType=AIV, block dim=32, total_block_num=32, block_remain_len=1048448, block_initial_space=1048576, rsv=0, magic=5aa5bccd
CANN Version: 8.0.RC3, TimeStamp: 20241026152044625
opType=compute_msg, DumpHead: AIV-28, CoreType=AIV, block dim=32, total_block_num=32, block_remain_len=1048448, block_initial_space=1048576, rsv=0, magic=5aa5bccd
CANN Version: 8.0.RC3, TimeStamp: 20241026152044625
opType=compute_msg, DumpHead: AIV-29, CoreType=AIV, block dim=32, total_block_num=32, block_remain_len=1048448, block_initial_space=1048576, rsv=0, magic=5aa5bccd
CANN Version: 8.0.RC3, TimeStamp: 20241026152044625
opType=compute_msg, DumpHead: AIV-30, CoreType=AIV, block dim=32, total_block_num=32, block_remain_len=1048448, block_initial_space=1048576, rsv=0, magic=5aa5bccd
CANN Version: 8.0.RC3, TimeStamp: 20241026152044625
opType=compute_msg, DumpHead: AIV-31, CoreType=AIV, block dim=32, total_block_num=32, block_remain_len=1048448, block_initial_space=1048576, rsv=0, magic=5aa5bccd
CANN Version: 8.0.RC3, TimeStamp: 20241026152044625
opType=compute_msg, DumpHead: AIV-0, CoreType=AIV, block dim=32, total_block_num=32, block_remain_len=1048408, block_initial_space=1048576, rsv=0, magic=5aa5bccd
CANN Version: 8.0.RC3, TimeStamp: 20241026152044625
Compute Message ...
opType=compute_msg, DumpHead: AIV-1, CoreType=AIV, block dim=32, total_block_num=32, block_remain_len=1048448, block_initial_space=1048576, rsv=0, magic=5aa5bccd
CANN Version: 8.0.RC3, TimeStamp: 20241026152044625
opType=compute_msg, DumpHead: AIV-2, CoreType=AIV, block dim=32, total_block_num=32, block_remain_len=1048448, block_initial_space=1048576, rsv=0, magic=5aa5bccd
CANN Version: 8.0.RC3, TimeStamp: 20241026152044625
opType=compute_msg, DumpHead: AIV-3, CoreType=AIV, block dim=32, total_block_num=32, block_remain_len=1048448, block_initial_space=1048576, rsv=0, magic=5aa5bccd
CANN Version: 8.0.RC3, TimeStamp: 20241026152044625
opType=compute_msg, DumpHead: AIV-4, CoreType=AIV, block dim=32, total_block_num=32, block_remain_len=1048448, block_initial_space=1048576, rsv=0, magic=5aa5bccd
CANN Version: 8.0.RC3, TimeStamp: 20241026152044625
opType=compute_msg, DumpHead: AIV-5, CoreType=AIV, block dim=32, total_block_num=32, block_remain_len=1048448, block_initial_space=1048576, rsv=0, magic=5aa5bccd
CANN Version: 8.0.RC3, TimeStamp: 20241026152044625
opType=compute_msg, DumpHead: AIV-6, CoreType=AIV, block dim=32, total_block_num=32, block_remain_len=1048448, block_initial_space=1048576, rsv=0, magic=5aa5bccd
CANN Version: 8.0.RC3, TimeStamp: 20241026152044625
opType=compute_msg, DumpHead: AIV-7, CoreType=AIV, block dim=32, total_block_num=32, block_remain_len=1048448, block_initial_space=1048576, rsv=0, magic=5aa5bccd
CANN Version: 8.0.RC3, TimeStamp: 20241026152044625
opType=compute_msg, DumpHead: AIV-8, CoreType=AIV, block dim=32, total_block_num=32, block_remain_len=1048448, block_initial_space=1048576, rsv=0, magic=5aa5bccd
CANN Version: 8.0.RC3, TimeStamp: 20241026152044625
opType=compute_msg, DumpHead: AIV-9, CoreType=AIV, block dim=32, total_block_num=32, block_remain_len=1048448, block_initial_space=1048576, rsv=0, magic=5aa5bccd
CANN Version: 8.0.RC3, TimeStamp: 20241026152044625
opType=compute_msg, DumpHead: AIV-10, CoreType=AIV, block dim=32, total_block_num=32, block_remain_len=1048448, block_initial_space=1048576, rsv=0, magic=5aa5bccd
CANN Version: 8.0.RC3, TimeStamp: 20241026152044625
opType=compute_msg, DumpHead: AIV-11, CoreType=AIV, block dim=32, total_block_num=32, block_remain_len=1048448, block_initial_space=1048576, rsv=0, magic=5aa5bccd
CANN Version: 8.0.RC3, TimeStamp: 20241026152044625
opType=compute_msg, DumpHead: AIV-12, CoreType=AIV, block dim=32, total_block_num=32, block_remain_len=1048448, block_initial_space=1048576, rsv=0, magic=5aa5bccd
CANN Version: 8.0.RC3, TimeStamp: 20241026152044625
opType=compute_msg, DumpHead: AIV-13, CoreType=AIV, block dim=32, total_block_num=32, block_remain_len=1048448, block_initial_space=1048576, rsv=0, magic=5aa5bccd
CANN Version: 8.0.RC3, TimeStamp: 20241026152044625
opType=compute_msg, DumpHead: AIV-14, CoreType=AIV, block dim=32, total_block_num=32, block_remain_len=1048448, block_initial_space=1048576, rsv=0, magic=5aa5bccd
CANN Version: 8.0.RC3, TimeStamp: 20241026152044625
opType=compute_msg, DumpHead: AIV-15, CoreType=AIV, block dim=32, total_block_num=32, block_remain_len=1048448, block_initial_space=1048576, rsv=0, magic=5aa5bccd
CANN Version: 8.0.RC3, TimeStamp: 20241026152044625
opType=compute_msg, DumpHead: AIV-16, CoreType=AIV, block dim=32, total_block_num=32, block_remain_len=1048448, block_initial_space=1048576, rsv=0, magic=5aa5bccd
CANN Version: 8.0.RC3, TimeStamp: 20241026152044625
opType=compute_msg, DumpHead: AIV-17, CoreType=AIV, block dim=32, total_block_num=32, block_remain_len=1048448, block_initial_space=1048576, rsv=0, magic=5aa5bccd
CANN Version: 8.0.RC3, TimeStamp: 20241026152044625
opType=compute_msg, DumpHead: AIV-18, CoreType=AIV, block dim=32, total_block_num=32, block_remain_len=1048448, block_initial_space=1048576, rsv=0, magic=5aa5bccd
CANN Version: 8.0.RC3, TimeStamp: 20241026152044625
opType=compute_msg, DumpHead: AIV-19, CoreType=AIV, block dim=32, total_block_num=32, block_remain_len=1048448, block_initial_space=1048576, rsv=0, magic=5aa5bccd
CANN Version: 8.0.RC3, TimeStamp: 20241026152044625
opType=compute_msg, DumpHead: AIV-20, CoreType=AIV, block dim=32, total_block_num=32, block_remain_len=1048448, block_initial_space=1048576, rsv=0, magic=5aa5bccd
CANN Version: 8.0.RC3, TimeStamp: 20241026152044625
opType=compute_msg, DumpHead: AIV-21, CoreType=AIV, block dim=32, total_block_num=32, block_remain_len=1048448, block_initial_space=1048576, rsv=0, magic=5aa5bccd
CANN Version: 8.0.RC3, TimeStamp: 20241026152044625
opType=compute_msg, DumpHead: AIV-22, CoreType=AIV, block dim=32, total_block_num=32, block_remain_len=1048448, block_initial_space=1048576, rsv=0, magic=5aa5bccd
CANN Version: 8.0.RC3, TimeStamp: 20241026152044625
opType=compute_msg, DumpHead: AIV-23, CoreType=AIV, block dim=32, total_block_num=32, block_remain_len=1048448, block_initial_space=1048576, rsv=0, magic=5aa5bccd
CANN Version: 8.0.RC3, TimeStamp: 20241026152044625
opType=compute_msg, DumpHead: AIV-24, CoreType=AIV, block dim=32, total_block_num=32, block_remain_len=1048448, block_initial_space=1048576, rsv=0, magic=5aa5bccd
CANN Version: 8.0.RC3, TimeStamp: 20241026152044625
opType=compute_msg, DumpHead: AIV-25, CoreType=AIV, block dim=32, total_block_num=32, block_remain_len=1048448, block_initial_space=1048576, rsv=0, magic=5aa5bccd
CANN Version: 8.0.RC3, TimeStamp: 20241026152044625
opType=compute_msg, DumpHead: AIV-26, CoreType=AIV, block dim=32, total_block_num=32, block_remain_len=1048448, block_initial_space=1048576, rsv=0, magic=5aa5bccd
CANN Version: 8.0.RC3, TimeStamp: 20241026152044625
opType=compute_msg, DumpHead: AIV-27, CoreType=AIV, block dim=32, total_block_num=32, block_remain_len=1048448, block_initial_space=1048576, rsv=0, magic=5aa5bccd
CANN Version: 8.0.RC3, TimeStamp: 20241026152044625
opType=compute_msg, DumpHead: AIV-28, CoreType=AIV, block dim=32, total_block_num=32, block_remain_len=1048448, block_initial_space=1048576, rsv=0, magic=5aa5bccd
CANN Version: 8.0.RC3, TimeStamp: 20241026152044625
opType=compute_msg, DumpHead: AIV-29, CoreType=AIV, block dim=32, total_block_num=32, block_remain_len=1048448, block_initial_space=1048576, rsv=0, magic=5aa5bccd
CANN Version: 8.0.RC3, TimeStamp: 20241026152044625
opType=compute_msg, DumpHead: AIV-30, CoreType=AIV, block dim=32, total_block_num=32, block_remain_len=1048448, block_initial_space=1048576, rsv=0, magic=5aa5bccd
CANN Version: 8.0.RC3, TimeStamp: 20241026152044625
opType=compute_msg, DumpHead: AIV-31, CoreType=AIV, block dim=32, total_block_num=32, block_remain_len=1048448, block_initial_space=1048576, rsv=0, magic=5aa5bccd
CANN Version: 8.0.RC3, TimeStamp: 20241026152044625
opType=compute_msg, DumpHead: AIV-0, CoreType=AIV, block dim=32, total_block_num=32, block_remain_len=1048408, block_initial_space=1048576, rsv=0, magic=5aa5bccd
CANN Version: 8.0.RC3, TimeStamp: 20241026152044625
Compute Message ...
opType=compute_msg, DumpHead: AIV-1, CoreType=AIV, block dim=32, total_block_num=32, block_remain_len=1048448, block_initial_space=1048576, rsv=0, magic=5aa5bccd
CANN Version: 8.0.RC3, TimeStamp: 20241026152044625
opType=compute_msg, DumpHead: AIV-2, CoreType=AIV, block dim=32, total_block_num=32, block_remain_len=1048448, block_initial_space=1048576, rsv=0, magic=5aa5bccd
CANN Version: 8.0.RC3, TimeStamp: 20241026152044625
opType=compute_msg, DumpHead: AIV-3, CoreType=AIV, block dim=32, total_block_num=32, block_remain_len=1048448, block_initial_space=1048576, rsv=0, magic=5aa5bccd
CANN Version: 8.0.RC3, TimeStamp: 20241026152044625
opType=compute_msg, DumpHead: AIV-4, CoreType=AIV, block dim=32, total_block_num=32, block_remain_len=1048448, block_initial_space=1048576, rsv=0, magic=5aa5bccd
CANN Version: 8.0.RC3, TimeStamp: 20241026152044625
opType=compute_msg, DumpHead: AIV-5, CoreType=AIV, block dim=32, total_block_num=32, block_remain_len=1048448, block_initial_space=1048576, rsv=0, magic=5aa5bccd
CANN Version: 8.0.RC3, TimeStamp: 20241026152044625
opType=compute_msg, DumpHead: AIV-6, CoreType=AIV, block dim=32, total_block_num=32, block_remain_len=1048448, block_initial_space=1048576, rsv=0, magic=5aa5bccd
CANN Version: 8.0.RC3, TimeStamp: 20241026152044625
opType=compute_msg, DumpHead: AIV-7, CoreType=AIV, block dim=32, total_block_num=32, block_remain_len=1048448, block_initial_space=1048576, rsv=0, magic=5aa5bccd
CANN Version: 8.0.RC3, TimeStamp: 20241026152044625
opType=compute_msg, DumpHead: AIV-8, CoreType=AIV, block dim=32, total_block_num=32, block_remain_len=1048448, block_initial_space=1048576, rsv=0, magic=5aa5bccd
CANN Version: 8.0.RC3, TimeStamp: 20241026152044625
opType=compute_msg, DumpHead: AIV-9, CoreType=AIV, block dim=32, total_block_num=32, block_remain_len=1048448, block_initial_space=1048576, rsv=0, magic=5aa5bccd
CANN Version: 8.0.RC3, TimeStamp: 20241026152044625
opType=compute_msg, DumpHead: AIV-10, CoreType=AIV, block dim=32, total_block_num=32, block_remain_len=1048448, block_initial_space=1048576, rsv=0, magic=5aa5bccd
CANN Version: 8.0.RC3, TimeStamp: 20241026152044625
opType=compute_msg, DumpHead: AIV-11, CoreType=AIV, block dim=32, total_block_num=32, block_remain_len=1048448, block_initial_space=1048576, rsv=0, magic=5aa5bccd
CANN Version: 8.0.RC3, TimeStamp: 20241026152044625
opType=compute_msg, DumpHead: AIV-12, CoreType=AIV, block dim=32, total_block_num=32, block_remain_len=1048448, block_initial_space=1048576, rsv=0, magic=5aa5bccd
CANN Version: 8.0.RC3, TimeStamp: 20241026152044625
opType=compute_msg, DumpHead: AIV-13, CoreType=AIV, block dim=32, total_block_num=32, block_remain_len=1048448, block_initial_space=1048576, rsv=0, magic=5aa5bccd
CANN Version: 8.0.RC3, TimeStamp: 20241026152044625
opType=compute_msg, DumpHead: AIV-14, CoreType=AIV, block dim=32, total_block_num=32, block_remain_len=1048448, block_initial_space=1048576, rsv=0, magic=5aa5bccd
CANN Version: 8.0.RC3, TimeStamp: 20241026152044625
opType=compute_msg, DumpHead: AIV-15, CoreType=AIV, block dim=32, total_block_num=32, block_remain_len=1048448, block_initial_space=1048576, rsv=0, magic=5aa5bccd
CANN Version: 8.0.RC3, TimeStamp: 20241026152044625
opType=compute_msg, DumpHead: AIV-16, CoreType=AIV, block dim=32, total_block_num=32, block_remain_len=1048448, block_initial_space=1048576, rsv=0, magic=5aa5bccd
CANN Version: 8.0.RC3, TimeStamp: 20241026152044625
opType=compute_msg, DumpHead: AIV-17, CoreType=AIV, block dim=32, total_block_num=32, block_remain_len=1048448, block_initial_space=1048576, rsv=0, magic=5aa5bccd
CANN Version: 8.0.RC3, TimeStamp: 20241026152044625
opType=compute_msg, DumpHead: AIV-18, CoreType=AIV, block dim=32, total_block_num=32, block_remain_len=1048448, block_initial_space=1048576, rsv=0, magic=5aa5bccd
CANN Version: 8.0.RC3, TimeStamp: 20241026152044625
opType=compute_msg, DumpHead: AIV-19, CoreType=AIV, block dim=32, total_block_num=32, block_remain_len=1048448, block_initial_space=1048576, rsv=0, magic=5aa5bccd
CANN Version: 8.0.RC3, TimeStamp: 20241026152044625
opType=compute_msg, DumpHead: AIV-20, CoreType=AIV, block dim=32, total_block_num=32, block_remain_len=1048448, block_initial_space=1048576, rsv=0, magic=5aa5bccd
CANN Version: 8.0.RC3, TimeStamp: 20241026152044625
opType=compute_msg, DumpHead: AIV-21, CoreType=AIV, block dim=32, total_block_num=32, block_remain_len=1048448, block_initial_space=1048576, rsv=0, magic=5aa5bccd
CANN Version: 8.0.RC3, TimeStamp: 20241026152044625
opType=compute_msg, DumpHead: AIV-22, CoreType=AIV, block dim=32, total_block_num=32, block_remain_len=1048448, block_initial_space=1048576, rsv=0, magic=5aa5bccd
CANN Version: 8.0.RC3, TimeStamp: 20241026152044625
opType=compute_msg, DumpHead: AIV-23, CoreType=AIV, block dim=32, total_block_num=32, block_remain_len=1048448, block_initial_space=1048576, rsv=0, magic=5aa5bccd
CANN Version: 8.0.RC3, TimeStamp: 20241026152044625
opType=compute_msg, DumpHead: AIV-24, CoreType=AIV, block dim=32, total_block_num=32, block_remain_len=1048448, block_initial_space=1048576, rsv=0, magic=5aa5bccd
CANN Version: 8.0.RC3, TimeStamp: 20241026152044625
opType=compute_msg, DumpHead: AIV-25, CoreType=AIV, block dim=32, total_block_num=32, block_remain_len=1048448, block_initial_space=1048576, rsv=0, magic=5aa5bccd
CANN Version: 8.0.RC3, TimeStamp: 20241026152044625
opType=compute_msg, DumpHead: AIV-26, CoreType=AIV, block dim=32, total_block_num=32, block_remain_len=1048448, block_initial_space=1048576, rsv=0, magic=5aa5bccd
CANN Version: 8.0.RC3, TimeStamp: 20241026152044625
opType=compute_msg, DumpHead: AIV-27, CoreType=AIV, block dim=32, total_block_num=32, block_remain_len=1048448, block_initial_space=1048576, rsv=0, magic=5aa5bccd
CANN Version: 8.0.RC3, TimeStamp: 20241026152044625
opType=compute_msg, DumpHead: AIV-28, CoreType=AIV, block dim=32, total_block_num=32, block_remain_len=1048448, block_initial_space=1048576, rsv=0, magic=5aa5bccd
CANN Version: 8.0.RC3, TimeStamp: 20241026152044625
opType=compute_msg, DumpHead: AIV-29, CoreType=AIV, block dim=32, total_block_num=32, block_remain_len=1048448, block_initial_space=1048576, rsv=0, magic=5aa5bccd
CANN Version: 8.0.RC3, TimeStamp: 20241026152044625
opType=compute_msg, DumpHead: AIV-30, CoreType=AIV, block dim=32, total_block_num=32, block_remain_len=1048448, block_initial_space=1048576, rsv=0, magic=5aa5bccd
CANN Version: 8.0.RC3, TimeStamp: 20241026152044625
opType=compute_msg, DumpHead: AIV-31, CoreType=AIV, block dim=32, total_block_num=32, block_remain_len=1048448, block_initial_space=1048576, rsv=0, magic=5aa5bccd
CANN Version: 8.0.RC3, TimeStamp: 20241026152044625
opType=aggregate_msg_split, DumpHead: AIV-0, CoreType=AIV, block dim=32, total_block_num=32, block_remain_len=1048408, block_initial_space=1048576, rsv=0, magic=5aa5bccd
CANN Version: 8.0.RC3, TimeStamp: 20241026152044625
Aggregate Message ...
opType=aggregate_msg_split, DumpHead: AIV-1, CoreType=AIV, block dim=32, total_block_num=32, block_remain_len=1048448, block_initial_space=1048576, rsv=0, magic=5aa5bccd
CANN Version: 8.0.RC3, TimeStamp: 20241026152044625
opType=aggregate_msg_split, DumpHead: AIV-2, CoreType=AIV, block dim=32, total_block_num=32, block_remain_len=1048448, block_initial_space=1048576, rsv=0, magic=5aa5bccd
CANN Version: 8.0.RC3, TimeStamp: 20241026152044625
opType=aggregate_msg_split, DumpHead: AIV-3, CoreType=AIV, block dim=32, total_block_num=32, block_remain_len=1048448, block_initial_space=1048576, rsv=0, magic=5aa5bccd
CANN Version: 8.0.RC3, TimeStamp: 20241026152044625
opType=aggregate_msg_split, DumpHead: AIV-4, CoreType=AIV, block dim=32, total_block_num=32, block_remain_len=1048448, block_initial_space=1048576, rsv=0, magic=5aa5bccd
CANN Version: 8.0.RC3, TimeStamp: 20241026152044625
opType=aggregate_msg_split, DumpHead: AIV-5, CoreType=AIV, block dim=32, total_block_num=32, block_remain_len=1048448, block_initial_space=1048576, rsv=0, magic=5aa5bccd
CANN Version: 8.0.RC3, TimeStamp: 20241026152044625
opType=aggregate_msg_split, DumpHead: AIV-6, CoreType=AIV, block dim=32, total_block_num=32, block_remain_len=1048448, block_initial_space=1048576, rsv=0, magic=5aa5bccd
CANN Version: 8.0.RC3, TimeStamp: 20241026152044625
opType=aggregate_msg_split, DumpHead: AIV-7, CoreType=AIV, block dim=32, total_block_num=32, block_remain_len=1048448, block_initial_space=1048576, rsv=0, magic=5aa5bccd
CANN Version: 8.0.RC3, TimeStamp: 20241026152044625
opType=aggregate_msg_split, DumpHead: AIV-8, CoreType=AIV, block dim=32, total_block_num=32, block_remain_len=1048448, block_initial_space=1048576, rsv=0, magic=5aa5bccd
CANN Version: 8.0.RC3, TimeStamp: 20241026152044625
opType=aggregate_msg_split, DumpHead: AIV-9, CoreType=AIV, block dim=32, total_block_num=32, block_remain_len=1048448, block_initial_space=1048576, rsv=0, magic=5aa5bccd
CANN Version: 8.0.RC3, TimeStamp: 20241026152044625
opType=aggregate_msg_split, DumpHead: AIV-10, CoreType=AIV, block dim=32, total_block_num=32, block_remain_len=1048448, block_initial_space=1048576, rsv=0, magic=5aa5bccd
CANN Version: 8.0.RC3, TimeStamp: 20241026152044625
opType=aggregate_msg_split, DumpHead: AIV-11, CoreType=AIV, block dim=32, total_block_num=32, block_remain_len=1048448, block_initial_space=1048576, rsv=0, magic=5aa5bccd
CANN Version: 8.0.RC3, TimeStamp: 20241026152044625
opType=aggregate_msg_split, DumpHead: AIV-12, CoreType=AIV, block dim=32, total_block_num=32, block_remain_len=1048448, block_initial_space=1048576, rsv=0, magic=5aa5bccd
CANN Version: 8.0.RC3, TimeStamp: 20241026152044625
opType=aggregate_msg_split, DumpHead: AIV-13, CoreType=AIV, block dim=32, total_block_num=32, block_remain_len=1048448, block_initial_space=1048576, rsv=0, magic=5aa5bccd
CANN Version: 8.0.RC3, TimeStamp: 20241026152044625
opType=aggregate_msg_split, DumpHead: AIV-14, CoreType=AIV, block dim=32, total_block_num=32, block_remain_len=1048448, block_initial_space=1048576, rsv=0, magic=5aa5bccd
CANN Version: 8.0.RC3, TimeStamp: 20241026152044625
opType=aggregate_msg_split, DumpHead: AIV-15, CoreType=AIV, block dim=32, total_block_num=32, block_remain_len=1048448, block_initial_space=1048576, rsv=0, magic=5aa5bccd
CANN Version: 8.0.RC3, TimeStamp: 20241026152044625
opType=aggregate_msg_split, DumpHead: AIV-16, CoreType=AIV, block dim=32, total_block_num=32, block_remain_len=1048448, block_initial_space=1048576, rsv=0, magic=5aa5bccd
CANN Version: 8.0.RC3, TimeStamp: 20241026152044625
opType=aggregate_msg_split, DumpHead: AIV-17, CoreType=AIV, block dim=32, total_block_num=32, block_remain_len=1048448, block_initial_space=1048576, rsv=0, magic=5aa5bccd
CANN Version: 8.0.RC3, TimeStamp: 20241026152044625
opType=aggregate_msg_split, DumpHead: AIV-18, CoreType=AIV, block dim=32, total_block_num=32, block_remain_len=1048448, block_initial_space=1048576, rsv=0, magic=5aa5bccd
CANN Version: 8.0.RC3, TimeStamp: 20241026152044625
opType=aggregate_msg_split, DumpHead: AIV-19, CoreType=AIV, block dim=32, total_block_num=32, block_remain_len=1048448, block_initial_space=1048576, rsv=0, magic=5aa5bccd
CANN Version: 8.0.RC3, TimeStamp: 20241026152044625
opType=aggregate_msg_split, DumpHead: AIV-20, CoreType=AIV, block dim=32, total_block_num=32, block_remain_len=1048448, block_initial_space=1048576, rsv=0, magic=5aa5bccd
CANN Version: 8.0.RC3, TimeStamp: 20241026152044625
opType=aggregate_msg_split, DumpHead: AIV-21, CoreType=AIV, block dim=32, total_block_num=32, block_remain_len=1048448, block_initial_space=1048576, rsv=0, magic=5aa5bccd
CANN Version: 8.0.RC3, TimeStamp: 20241026152044625
opType=aggregate_msg_split, DumpHead: AIV-22, CoreType=AIV, block dim=32, total_block_num=32, block_remain_len=1048448, block_initial_space=1048576, rsv=0, magic=5aa5bccd
CANN Version: 8.0.RC3, TimeStamp: 20241026152044625
opType=aggregate_msg_split, DumpHead: AIV-23, CoreType=AIV, block dim=32, total_block_num=32, block_remain_len=1048448, block_initial_space=1048576, rsv=0, magic=5aa5bccd
CANN Version: 8.0.RC3, TimeStamp: 20241026152044625
opType=aggregate_msg_split, DumpHead: AIV-24, CoreType=AIV, block dim=32, total_block_num=32, block_remain_len=1048448, block_initial_space=1048576, rsv=0, magic=5aa5bccd
CANN Version: 8.0.RC3, TimeStamp: 20241026152044625
opType=aggregate_msg_split, DumpHead: AIV-25, CoreType=AIV, block dim=32, total_block_num=32, block_remain_len=1048448, block_initial_space=1048576, rsv=0, magic=5aa5bccd
CANN Version: 8.0.RC3, TimeStamp: 20241026152044625
opType=aggregate_msg_split, DumpHead: AIV-26, CoreType=AIV, block dim=32, total_block_num=32, block_remain_len=1048448, block_initial_space=1048576, rsv=0, magic=5aa5bccd
CANN Version: 8.0.RC3, TimeStamp: 20241026152044625
opType=aggregate_msg_split, DumpHead: AIV-27, CoreType=AIV, block dim=32, total_block_num=32, block_remain_len=1048448, block_initial_space=1048576, rsv=0, magic=5aa5bccd
CANN Version: 8.0.RC3, TimeStamp: 20241026152044625
opType=aggregate_msg_split, DumpHead: AIV-28, CoreType=AIV, block dim=32, total_block_num=32, block_remain_len=1048448, block_initial_space=1048576, rsv=0, magic=5aa5bccd
CANN Version: 8.0.RC3, TimeStamp: 20241026152044625
opType=aggregate_msg_split, DumpHead: AIV-29, CoreType=AIV, block dim=32, total_block_num=32, block_remain_len=1048448, block_initial_space=1048576, rsv=0, magic=5aa5bccd
CANN Version: 8.0.RC3, TimeStamp: 20241026152044625
opType=aggregate_msg_split, DumpHead: AIV-30, CoreType=AIV, block dim=32, total_block_num=32, block_remain_len=1048448, block_initial_space=1048576, rsv=0, magic=5aa5bccd
CANN Version: 8.0.RC3, TimeStamp: 20241026152044625
opType=aggregate_msg_split, DumpHead: AIV-31, CoreType=AIV, block dim=32, total_block_num=32, block_remain_len=1048448, block_initial_space=1048576, rsv=0, magic=5aa5bccd
CANN Version: 8.0.RC3, TimeStamp: 20241026152044625
opType=aggregate_msg_split, DumpHead: AIV-0, CoreType=AIV, block dim=32, total_block_num=32, block_remain_len=1048408, block_initial_space=1048576, rsv=0, magic=5aa5bccd
CANN Version: 8.0.RC3, TimeStamp: 20241026152044625
Aggregate Message ...
opType=aggregate_msg_split, DumpHead: AIV-1, CoreType=AIV, block dim=32, total_block_num=32, block_remain_len=1048448, block_initial_space=1048576, rsv=0, magic=5aa5bccd
CANN Version: 8.0.RC3, TimeStamp: 20241026152044625
opType=aggregate_msg_split, DumpHead: AIV-2, CoreType=AIV, block dim=32, total_block_num=32, block_remain_len=1048448, block_initial_space=1048576, rsv=0, magic=5aa5bccd
CANN Version: 8.0.RC3, TimeStamp: 20241026152044625
opType=aggregate_msg_split, DumpHead: AIV-3, CoreType=AIV, block dim=32, total_block_num=32, block_remain_len=1048448, block_initial_space=1048576, rsv=0, magic=5aa5bccd
CANN Version: 8.0.RC3, TimeStamp: 20241026152044625
opType=aggregate_msg_split, DumpHead: AIV-4, CoreType=AIV, block dim=32, total_block_num=32, block_remain_len=1048448, block_initial_space=1048576, rsv=0, magic=5aa5bccd
CANN Version: 8.0.RC3, TimeStamp: 20241026152044625
opType=aggregate_msg_split, DumpHead: AIV-5, CoreType=AIV, block dim=32, total_block_num=32, block_remain_len=1048448, block_initial_space=1048576, rsv=0, magic=5aa5bccd
CANN Version: 8.0.RC3, TimeStamp: 20241026152044625
opType=aggregate_msg_split, DumpHead: AIV-6, CoreType=AIV, block dim=32, total_block_num=32, block_remain_len=1048448, block_initial_space=1048576, rsv=0, magic=5aa5bccd
CANN Version: 8.0.RC3, TimeStamp: 20241026152044625
opType=aggregate_msg_split, DumpHead: AIV-7, CoreType=AIV, block dim=32, total_block_num=32, block_remain_len=1048448, block_initial_space=1048576, rsv=0, magic=5aa5bccd
CANN Version: 8.0.RC3, TimeStamp: 20241026152044625
opType=aggregate_msg_split, DumpHead: AIV-8, CoreType=AIV, block dim=32, total_block_num=32, block_remain_len=1048448, block_initial_space=1048576, rsv=0, magic=5aa5bccd
CANN Version: 8.0.RC3, TimeStamp: 20241026152044625
opType=aggregate_msg_split, DumpHead: AIV-9, CoreType=AIV, block dim=32, total_block_num=32, block_remain_len=1048448, block_initial_space=1048576, rsv=0, magic=5aa5bccd
CANN Version: 8.0.RC3, TimeStamp: 20241026152044625
opType=aggregate_msg_split, DumpHead: AIV-10, CoreType=AIV, block dim=32, total_block_num=32, block_remain_len=1048448, block_initial_space=1048576, rsv=0, magic=5aa5bccd
CANN Version: 8.0.RC3, TimeStamp: 20241026152044625
opType=aggregate_msg_split, DumpHead: AIV-11, CoreType=AIV, block dim=32, total_block_num=32, block_remain_len=1048448, block_initial_space=1048576, rsv=0, magic=5aa5bccd
CANN Version: 8.0.RC3, TimeStamp: 20241026152044625
opType=aggregate_msg_split, DumpHead: AIV-12, CoreType=AIV, block dim=32, total_block_num=32, block_remain_len=1048448, block_initial_space=1048576, rsv=0, magic=5aa5bccd
CANN Version: 8.0.RC3, TimeStamp: 20241026152044625
opType=aggregate_msg_split, DumpHead: AIV-13, CoreType=AIV, block dim=32, total_block_num=32, block_remain_len=1048448, block_initial_space=1048576, rsv=0, magic=5aa5bccd
CANN Version: 8.0.RC3, TimeStamp: 20241026152044625
opType=aggregate_msg_split, DumpHead: AIV-14, CoreType=AIV, block dim=32, total_block_num=32, block_remain_len=1048448, block_initial_space=1048576, rsv=0, magic=5aa5bccd
CANN Version: 8.0.RC3, TimeStamp: 20241026152044625
opType=aggregate_msg_split, DumpHead: AIV-15, CoreType=AIV, block dim=32, total_block_num=32, block_remain_len=1048448, block_initial_space=1048576, rsv=0, magic=5aa5bccd
CANN Version: 8.0.RC3, TimeStamp: 20241026152044625
opType=aggregate_msg_split, DumpHead: AIV-16, CoreType=AIV, block dim=32, total_block_num=32, block_remain_len=1048448, block_initial_space=1048576, rsv=0, magic=5aa5bccd
CANN Version: 8.0.RC3, TimeStamp: 20241026152044625
opType=aggregate_msg_split, DumpHead: AIV-17, CoreType=AIV, block dim=32, total_block_num=32, block_remain_len=1048448, block_initial_space=1048576, rsv=0, magic=5aa5bccd
CANN Version: 8.0.RC3, TimeStamp: 20241026152044625
opType=aggregate_msg_split, DumpHead: AIV-18, CoreType=AIV, block dim=32, total_block_num=32, block_remain_len=1048448, block_initial_space=1048576, rsv=0, magic=5aa5bccd
CANN Version: 8.0.RC3, TimeStamp: 20241026152044625
opType=aggregate_msg_split, DumpHead: AIV-19, CoreType=AIV, block dim=32, total_block_num=32, block_remain_len=1048448, block_initial_space=1048576, rsv=0, magic=5aa5bccd
CANN Version: 8.0.RC3, TimeStamp: 20241026152044625
opType=aggregate_msg_split, DumpHead: AIV-20, CoreType=AIV, block dim=32, total_block_num=32, block_remain_len=1048448, block_initial_space=1048576, rsv=0, magic=5aa5bccd
CANN Version: 8.0.RC3, TimeStamp: 20241026152044625
opType=aggregate_msg_split, DumpHead: AIV-21, CoreType=AIV, block dim=32, total_block_num=32, block_remain_len=1048448, block_initial_space=1048576, rsv=0, magic=5aa5bccd
CANN Version: 8.0.RC3, TimeStamp: 20241026152044625
opType=aggregate_msg_split, DumpHead: AIV-22, CoreType=AIV, block dim=32, total_block_num=32, block_remain_len=1048448, block_initial_space=1048576, rsv=0, magic=5aa5bccd
CANN Version: 8.0.RC3, TimeStamp: 20241026152044625
opType=aggregate_msg_split, DumpHead: AIV-23, CoreType=AIV, block dim=32, total_block_num=32, block_remain_len=1048448, block_initial_space=1048576, rsv=0, magic=5aa5bccd
CANN Version: 8.0.RC3, TimeStamp: 20241026152044625
opType=aggregate_msg_split, DumpHead: AIV-24, CoreType=AIV, block dim=32, total_block_num=32, block_remain_len=1048448, block_initial_space=1048576, rsv=0, magic=5aa5bccd
CANN Version: 8.0.RC3, TimeStamp: 20241026152044625
opType=aggregate_msg_split, DumpHead: AIV-25, CoreType=AIV, block dim=32, total_block_num=32, block_remain_len=1048448, block_initial_space=1048576, rsv=0, magic=5aa5bccd
CANN Version: 8.0.RC3, TimeStamp: 20241026152044625
opType=aggregate_msg_split, DumpHead: AIV-26, CoreType=AIV, block dim=32, total_block_num=32, block_remain_len=1048448, block_initial_space=1048576, rsv=0, magic=5aa5bccd
CANN Version: 8.0.RC3, TimeStamp: 20241026152044625
opType=aggregate_msg_split, DumpHead: AIV-27, CoreType=AIV, block dim=32, total_block_num=32, block_remain_len=1048448, block_initial_space=1048576, rsv=0, magic=5aa5bccd
CANN Version: 8.0.RC3, TimeStamp: 20241026152044625
opType=aggregate_msg_split, DumpHead: AIV-28, CoreType=AIV, block dim=32, total_block_num=32, block_remain_len=1048448, block_initial_space=1048576, rsv=0, magic=5aa5bccd
CANN Version: 8.0.RC3, TimeStamp: 20241026152044625
opType=aggregate_msg_split, DumpHead: AIV-29, CoreType=AIV, block dim=32, total_block_num=32, block_remain_len=1048448, block_initial_space=1048576, rsv=0, magic=5aa5bccd
CANN Version: 8.0.RC3, TimeStamp: 20241026152044625
opType=aggregate_msg_split, DumpHead: AIV-30, CoreType=AIV, block dim=32, total_block_num=32, block_remain_len=1048448, block_initial_space=1048576, rsv=0, magic=5aa5bccd
CANN Version: 8.0.RC3, TimeStamp: 20241026152044625
opType=aggregate_msg_split, DumpHead: AIV-31, CoreType=AIV, block dim=32, total_block_num=32, block_remain_len=1048448, block_initial_space=1048576, rsv=0, magic=5aa5bccd
CANN Version: 8.0.RC3, TimeStamp: 20241026152044625
opType=aggregate_msg_split, DumpHead: AIV-0, CoreType=AIV, block dim=32, total_block_num=32, block_remain_len=1048408, block_initial_space=1048576, rsv=0, magic=5aa5bccd
CANN Version: 8.0.RC3, TimeStamp: 20241026152044625
Aggregate Message ...
opType=aggregate_msg_split, DumpHead: AIV-1, CoreType=AIV, block dim=32, total_block_num=32, block_remain_len=1048448, block_initial_space=1048576, rsv=0, magic=5aa5bccd
CANN Version: 8.0.RC3, TimeStamp: 20241026152044625
opType=aggregate_msg_split, DumpHead: AIV-2, CoreType=AIV, block dim=32, total_block_num=32, block_remain_len=1048448, block_initial_space=1048576, rsv=0, magic=5aa5bccd
CANN Version: 8.0.RC3, TimeStamp: 20241026152044625
opType=aggregate_msg_split, DumpHead: AIV-3, CoreType=AIV, block dim=32, total_block_num=32, block_remain_len=1048448, block_initial_space=1048576, rsv=0, magic=5aa5bccd
CANN Version: 8.0.RC3, TimeStamp: 20241026152044625
opType=aggregate_msg_split, DumpHead: AIV-4, CoreType=AIV, block dim=32, total_block_num=32, block_remain_len=1048448, block_initial_space=1048576, rsv=0, magic=5aa5bccd
CANN Version: 8.0.RC3, TimeStamp: 20241026152044625
opType=aggregate_msg_split, DumpHead: AIV-5, CoreType=AIV, block dim=32, total_block_num=32, block_remain_len=1048448, block_initial_space=1048576, rsv=0, magic=5aa5bccd
CANN Version: 8.0.RC3, TimeStamp: 20241026152044625
opType=aggregate_msg_split, DumpHead: AIV-6, CoreType=AIV, block dim=32, total_block_num=32, block_remain_len=1048448, block_initial_space=1048576, rsv=0, magic=5aa5bccd
CANN Version: 8.0.RC3, TimeStamp: 20241026152044625
opType=aggregate_msg_split, DumpHead: AIV-7, CoreType=AIV, block dim=32, total_block_num=32, block_remain_len=1048448, block_initial_space=1048576, rsv=0, magic=5aa5bccd
CANN Version: 8.0.RC3, TimeStamp: 20241026152044625
opType=aggregate_msg_split, DumpHead: AIV-8, CoreType=AIV, block dim=32, total_block_num=32, block_remain_len=1048448, block_initial_space=1048576, rsv=0, magic=5aa5bccd
CANN Version: 8.0.RC3, TimeStamp: 20241026152044625
opType=aggregate_msg_split, DumpHead: AIV-9, CoreType=AIV, block dim=32, total_block_num=32, block_remain_len=1048448, block_initial_space=1048576, rsv=0, magic=5aa5bccd
CANN Version: 8.0.RC3, TimeStamp: 20241026152044625
opType=aggregate_msg_split, DumpHead: AIV-10, CoreType=AIV, block dim=32, total_block_num=32, block_remain_len=1048448, block_initial_space=1048576, rsv=0, magic=5aa5bccd
CANN Version: 8.0.RC3, TimeStamp: 20241026152044625
opType=aggregate_msg_split, DumpHead: AIV-11, CoreType=AIV, block dim=32, total_block_num=32, block_remain_len=1048448, block_initial_space=1048576, rsv=0, magic=5aa5bccd
CANN Version: 8.0.RC3, TimeStamp: 20241026152044625
opType=aggregate_msg_split, DumpHead: AIV-12, CoreType=AIV, block dim=32, total_block_num=32, block_remain_len=1048448, block_initial_space=1048576, rsv=0, magic=5aa5bccd
CANN Version: 8.0.RC3, TimeStamp: 20241026152044625
opType=aggregate_msg_split, DumpHead: AIV-13, CoreType=AIV, block dim=32, total_block_num=32, block_remain_len=1048448, block_initial_space=1048576, rsv=0, magic=5aa5bccd
CANN Version: 8.0.RC3, TimeStamp: 20241026152044625
opType=aggregate_msg_split, DumpHead: AIV-14, CoreType=AIV, block dim=32, total_block_num=32, block_remain_len=1048448, block_initial_space=1048576, rsv=0, magic=5aa5bccd
CANN Version: 8.0.RC3, TimeStamp: 20241026152044625
opType=aggregate_msg_split, DumpHead: AIV-15, CoreType=AIV, block dim=32, total_block_num=32, block_remain_len=1048448, block_initial_space=1048576, rsv=0, magic=5aa5bccd
CANN Version: 8.0.RC3, TimeStamp: 20241026152044625
opType=aggregate_msg_split, DumpHead: AIV-16, CoreType=AIV, block dim=32, total_block_num=32, block_remain_len=1048448, block_initial_space=1048576, rsv=0, magic=5aa5bccd
CANN Version: 8.0.RC3, TimeStamp: 20241026152044625
opType=aggregate_msg_split, DumpHead: AIV-17, CoreType=AIV, block dim=32, total_block_num=32, block_remain_len=1048448, block_initial_space=1048576, rsv=0, magic=5aa5bccd
CANN Version: 8.0.RC3, TimeStamp: 20241026152044625
opType=aggregate_msg_split, DumpHead: AIV-18, CoreType=AIV, block dim=32, total_block_num=32, block_remain_len=1048448, block_initial_space=1048576, rsv=0, magic=5aa5bccd
CANN Version: 8.0.RC3, TimeStamp: 20241026152044625
opType=aggregate_msg_split, DumpHead: AIV-19, CoreType=AIV, block dim=32, total_block_num=32, block_remain_len=1048448, block_initial_space=1048576, rsv=0, magic=5aa5bccd
CANN Version: 8.0.RC3, TimeStamp: 20241026152044625
opType=aggregate_msg_split, DumpHead: AIV-20, CoreType=AIV, block dim=32, total_block_num=32, block_remain_len=1048448, block_initial_space=1048576, rsv=0, magic=5aa5bccd
CANN Version: 8.0.RC3, TimeStamp: 20241026152044625
opType=aggregate_msg_split, DumpHead: AIV-21, CoreType=AIV, block dim=32, total_block_num=32, block_remain_len=1048448, block_initial_space=1048576, rsv=0, magic=5aa5bccd
CANN Version: 8.0.RC3, TimeStamp: 20241026152044625
opType=aggregate_msg_split, DumpHead: AIV-22, CoreType=AIV, block dim=32, total_block_num=32, block_remain_len=1048448, block_initial_space=1048576, rsv=0, magic=5aa5bccd
CANN Version: 8.0.RC3, TimeStamp: 20241026152044625
opType=aggregate_msg_split, DumpHead: AIV-23, CoreType=AIV, block dim=32, total_block_num=32, block_remain_len=1048448, block_initial_space=1048576, rsv=0, magic=5aa5bccd
CANN Version: 8.0.RC3, TimeStamp: 20241026152044625
opType=aggregate_msg_split, DumpHead: AIV-24, CoreType=AIV, block dim=32, total_block_num=32, block_remain_len=1048448, block_initial_space=1048576, rsv=0, magic=5aa5bccd
CANN Version: 8.0.RC3, TimeStamp: 20241026152044625
opType=aggregate_msg_split, DumpHead: AIV-25, CoreType=AIV, block dim=32, total_block_num=32, block_remain_len=1048448, block_initial_space=1048576, rsv=0, magic=5aa5bccd
CANN Version: 8.0.RC3, TimeStamp: 20241026152044625
opType=aggregate_msg_split, DumpHead: AIV-26, CoreType=AIV, block dim=32, total_block_num=32, block_remain_len=1048448, block_initial_space=1048576, rsv=0, magic=5aa5bccd
CANN Version: 8.0.RC3, TimeStamp: 20241026152044625
opType=aggregate_msg_split, DumpHead: AIV-27, CoreType=AIV, block dim=32, total_block_num=32, block_remain_len=1048448, block_initial_space=1048576, rsv=0, magic=5aa5bccd
CANN Version: 8.0.RC3, TimeStamp: 20241026152044625
opType=aggregate_msg_split, DumpHead: AIV-28, CoreType=AIV, block dim=32, total_block_num=32, block_remain_len=1048448, block_initial_space=1048576, rsv=0, magic=5aa5bccd
CANN Version: 8.0.RC3, TimeStamp: 20241026152044625
opType=aggregate_msg_split, DumpHead: AIV-29, CoreType=AIV, block dim=32, total_block_num=32, block_remain_len=1048448, block_initial_space=1048576, rsv=0, magic=5aa5bccd
CANN Version: 8.0.RC3, TimeStamp: 20241026152044625
opType=aggregate_msg_split, DumpHead: AIV-30, CoreType=AIV, block dim=32, total_block_num=32, block_remain_len=1048448, block_initial_space=1048576, rsv=0, magic=5aa5bccd
CANN Version: 8.0.RC3, TimeStamp: 20241026152044625
opType=aggregate_msg_split, DumpHead: AIV-31, CoreType=AIV, block dim=32, total_block_num=32, block_remain_len=1048448, block_initial_space=1048576, rsv=0, magic=5aa5bccd
CANN Version: 8.0.RC3, TimeStamp: 20241026152044625
opType=aggregate_msg_split, DumpHead: AIV-0, CoreType=AIV, block dim=32, total_block_num=32, block_remain_len=1048408, block_initial_space=1048576, rsv=0, magic=5aa5bccd
CANN Version: 8.0.RC3, TimeStamp: 20241026152044625
Aggregate Message ...
opType=aggregate_msg_split, DumpHead: AIV-1, CoreType=AIV, block dim=32, total_block_num=32, block_remain_len=1048448, block_initial_space=1048576, rsv=0, magic=5aa5bccd
CANN Version: 8.0.RC3, TimeStamp: 20241026152044625
opType=aggregate_msg_split, DumpHead: AIV-2, CoreType=AIV, block dim=32, total_block_num=32, block_remain_len=1048448, block_initial_space=1048576, rsv=0, magic=5aa5bccd
CANN Version: 8.0.RC3, TimeStamp: 20241026152044625
opType=aggregate_msg_split, DumpHead: AIV-3, CoreType=AIV, block dim=32, total_block_num=32, block_remain_len=1048448, block_initial_space=1048576, rsv=0, magic=5aa5bccd
CANN Version: 8.0.RC3, TimeStamp: 20241026152044625
opType=aggregate_msg_split, DumpHead: AIV-4, CoreType=AIV, block dim=32, total_block_num=32, block_remain_len=1048448, block_initial_space=1048576, rsv=0, magic=5aa5bccd
CANN Version: 8.0.RC3, TimeStamp: 20241026152044625
opType=aggregate_msg_split, DumpHead: AIV-5, CoreType=AIV, block dim=32, total_block_num=32, block_remain_len=1048448, block_initial_space=1048576, rsv=0, magic=5aa5bccd
CANN Version: 8.0.RC3, TimeStamp: 20241026152044625
opType=aggregate_msg_split, DumpHead: AIV-6, CoreType=AIV, block dim=32, total_block_num=32, block_remain_len=1048448, block_initial_space=1048576, rsv=0, magic=5aa5bccd
CANN Version: 8.0.RC3, TimeStamp: 20241026152044625
opType=aggregate_msg_split, DumpHead: AIV-7, CoreType=AIV, block dim=32, total_block_num=32, block_remain_len=1048448, block_initial_space=1048576, rsv=0, magic=5aa5bccd
CANN Version: 8.0.RC3, TimeStamp: 20241026152044625
opType=aggregate_msg_split, DumpHead: AIV-8, CoreType=AIV, block dim=32, total_block_num=32, block_remain_len=1048448, block_initial_space=1048576, rsv=0, magic=5aa5bccd
CANN Version: 8.0.RC3, TimeStamp: 20241026152044625
opType=aggregate_msg_split, DumpHead: AIV-9, CoreType=AIV, block dim=32, total_block_num=32, block_remain_len=1048448, block_initial_space=1048576, rsv=0, magic=5aa5bccd
CANN Version: 8.0.RC3, TimeStamp: 20241026152044625
opType=aggregate_msg_split, DumpHead: AIV-10, CoreType=AIV, block dim=32, total_block_num=32, block_remain_len=1048448, block_initial_space=1048576, rsv=0, magic=5aa5bccd
CANN Version: 8.0.RC3, TimeStamp: 20241026152044625
opType=aggregate_msg_split, DumpHead: AIV-11, CoreType=AIV, block dim=32, total_block_num=32, block_remain_len=1048448, block_initial_space=1048576, rsv=0, magic=5aa5bccd
CANN Version: 8.0.RC3, TimeStamp: 20241026152044625
opType=aggregate_msg_split, DumpHead: AIV-12, CoreType=AIV, block dim=32, total_block_num=32, block_remain_len=1048448, block_initial_space=1048576, rsv=0, magic=5aa5bccd
CANN Version: 8.0.RC3, TimeStamp: 20241026152044625
opType=aggregate_msg_split, DumpHead: AIV-13, CoreType=AIV, block dim=32, total_block_num=32, block_remain_len=1048448, block_initial_space=1048576, rsv=0, magic=5aa5bccd
CANN Version: 8.0.RC3, TimeStamp: 20241026152044625
opType=aggregate_msg_split, DumpHead: AIV-14, CoreType=AIV, block dim=32, total_block_num=32, block_remain_len=1048448, block_initial_space=1048576, rsv=0, magic=5aa5bccd
CANN Version: 8.0.RC3, TimeStamp: 20241026152044625
opType=aggregate_msg_split, DumpHead: AIV-15, CoreType=AIV, block dim=32, total_block_num=32, block_remain_len=1048448, block_initial_space=1048576, rsv=0, magic=5aa5bccd
CANN Version: 8.0.RC3, TimeStamp: 20241026152044625
opType=aggregate_msg_split, DumpHead: AIV-16, CoreType=AIV, block dim=32, total_block_num=32, block_remain_len=1048448, block_initial_space=1048576, rsv=0, magic=5aa5bccd
CANN Version: 8.0.RC3, TimeStamp: 20241026152044625
opType=aggregate_msg_split, DumpHead: AIV-17, CoreType=AIV, block dim=32, total_block_num=32, block_remain_len=1048448, block_initial_space=1048576, rsv=0, magic=5aa5bccd
CANN Version: 8.0.RC3, TimeStamp: 20241026152044625
opType=aggregate_msg_split, DumpHead: AIV-18, CoreType=AIV, block dim=32, total_block_num=32, block_remain_len=1048448, block_initial_space=1048576, rsv=0, magic=5aa5bccd
CANN Version: 8.0.RC3, TimeStamp: 20241026152044625
opType=aggregate_msg_split, DumpHead: AIV-19, CoreType=AIV, block dim=32, total_block_num=32, block_remain_len=1048448, block_initial_space=1048576, rsv=0, magic=5aa5bccd
CANN Version: 8.0.RC3, TimeStamp: 20241026152044625
opType=aggregate_msg_split, DumpHead: AIV-20, CoreType=AIV, block dim=32, total_block_num=32, block_remain_len=1048448, block_initial_space=1048576, rsv=0, magic=5aa5bccd
CANN Version: 8.0.RC3, TimeStamp: 20241026152044625
opType=aggregate_msg_split, DumpHead: AIV-21, CoreType=AIV, block dim=32, total_block_num=32, block_remain_len=1048448, block_initial_space=1048576, rsv=0, magic=5aa5bccd
CANN Version: 8.0.RC3, TimeStamp: 20241026152044625
opType=aggregate_msg_split, DumpHead: AIV-22, CoreType=AIV, block dim=32, total_block_num=32, block_remain_len=1048448, block_initial_space=1048576, rsv=0, magic=5aa5bccd
CANN Version: 8.0.RC3, TimeStamp: 20241026152044625
opType=aggregate_msg_split, DumpHead: AIV-23, CoreType=AIV, block dim=32, total_block_num=32, block_remain_len=1048448, block_initial_space=1048576, rsv=0, magic=5aa5bccd
CANN Version: 8.0.RC3, TimeStamp: 20241026152044625
opType=aggregate_msg_split, DumpHead: AIV-24, CoreType=AIV, block dim=32, total_block_num=32, block_remain_len=1048448, block_initial_space=1048576, rsv=0, magic=5aa5bccd
CANN Version: 8.0.RC3, TimeStamp: 20241026152044625
opType=aggregate_msg_split, DumpHead: AIV-25, CoreType=AIV, block dim=32, total_block_num=32, block_remain_len=1048448, block_initial_space=1048576, rsv=0, magic=5aa5bccd
CANN Version: 8.0.RC3, TimeStamp: 20241026152044625
opType=aggregate_msg_split, DumpHead: AIV-26, CoreType=AIV, block dim=32, total_block_num=32, block_remain_len=1048448, block_initial_space=1048576, rsv=0, magic=5aa5bccd
CANN Version: 8.0.RC3, TimeStamp: 20241026152044625
opType=aggregate_msg_split, DumpHead: AIV-27, CoreType=AIV, block dim=32, total_block_num=32, block_remain_len=1048448, block_initial_space=1048576, rsv=0, magic=5aa5bccd
CANN Version: 8.0.RC3, TimeStamp: 20241026152044625
opType=aggregate_msg_split, DumpHead: AIV-28, CoreType=AIV, block dim=32, total_block_num=32, block_remain_len=1048448, block_initial_space=1048576, rsv=0, magic=5aa5bccd
CANN Version: 8.0.RC3, TimeStamp: 20241026152044625
opType=aggregate_msg_split, DumpHead: AIV-29, CoreType=AIV, block dim=32, total_block_num=32, block_remain_len=1048448, block_initial_space=1048576, rsv=0, magic=5aa5bccd
CANN Version: 8.0.RC3, TimeStamp: 20241026152044625
opType=aggregate_msg_split, DumpHead: AIV-30, CoreType=AIV, block dim=32, total_block_num=32, block_remain_len=1048448, block_initial_space=1048576, rsv=0, magic=5aa5bccd
CANN Version: 8.0.RC3, TimeStamp: 20241026152044625
opType=aggregate_msg_split, DumpHead: AIV-31, CoreType=AIV, block dim=32, total_block_num=32, block_remain_len=1048448, block_initial_space=1048576, rsv=0, magic=5aa5bccd
CANN Version: 8.0.RC3, TimeStamp: 20241026152044625
opType=reset_value, DumpHead: AIV-0, CoreType=AIV, block dim=32, total_block_num=32, block_remain_len=1048408, block_initial_space=1048576, rsv=0, magic=5aa5bccd
CANN Version: 8.0.RC3, TimeStamp: 20241026152044625
Reset Value ...
opType=reset_value, DumpHead: AIV-1, CoreType=AIV, block dim=32, total_block_num=32, block_remain_len=1048448, block_initial_space=1048576, rsv=0, magic=5aa5bccd
CANN Version: 8.0.RC3, TimeStamp: 20241026152044625
opType=reset_value, DumpHead: AIV-2, CoreType=AIV, block dim=32, total_block_num=32, block_remain_len=1048448, block_initial_space=1048576, rsv=0, magic=5aa5bccd
CANN Version: 8.0.RC3, TimeStamp: 20241026152044625
opType=reset_value, DumpHead: AIV-3, CoreType=AIV, block dim=32, total_block_num=32, block_remain_len=1048448, block_initial_space=1048576, rsv=0, magic=5aa5bccd
CANN Version: 8.0.RC3, TimeStamp: 20241026152044625
opType=reset_value, DumpHead: AIV-4, CoreType=AIV, block dim=32, total_block_num=32, block_remain_len=1048448, block_initial_space=1048576, rsv=0, magic=5aa5bccd
CANN Version: 8.0.RC3, TimeStamp: 20241026152044625
opType=reset_value, DumpHead: AIV-5, CoreType=AIV, block dim=32, total_block_num=32, block_remain_len=1048448, block_initial_space=1048576, rsv=0, magic=5aa5bccd
CANN Version: 8.0.RC3, TimeStamp: 20241026152044625
opType=reset_value, DumpHead: AIV-6, CoreType=AIV, block dim=32, total_block_num=32, block_remain_len=1048448, block_initial_space=1048576, rsv=0, magic=5aa5bccd
CANN Version: 8.0.RC3, TimeStamp: 20241026152044625
opType=reset_value, DumpHead: AIV-7, CoreType=AIV, block dim=32, total_block_num=32, block_remain_len=1048448, block_initial_space=1048576, rsv=0, magic=5aa5bccd
CANN Version: 8.0.RC3, TimeStamp: 20241026152044625
opType=reset_value, DumpHead: AIV-8, CoreType=AIV, block dim=32, total_block_num=32, block_remain_len=1048448, block_initial_space=1048576, rsv=0, magic=5aa5bccd
CANN Version: 8.0.RC3, TimeStamp: 20241026152044625
opType=reset_value, DumpHead: AIV-9, CoreType=AIV, block dim=32, total_block_num=32, block_remain_len=1048448, block_initial_space=1048576, rsv=0, magic=5aa5bccd
CANN Version: 8.0.RC3, TimeStamp: 20241026152044625
opType=reset_value, DumpHead: AIV-10, CoreType=AIV, block dim=32, total_block_num=32, block_remain_len=1048448, block_initial_space=1048576, rsv=0, magic=5aa5bccd
CANN Version: 8.0.RC3, TimeStamp: 20241026152044625
opType=reset_value, DumpHead: AIV-11, CoreType=AIV, block dim=32, total_block_num=32, block_remain_len=1048448, block_initial_space=1048576, rsv=0, magic=5aa5bccd
CANN Version: 8.0.RC3, TimeStamp: 20241026152044625
opType=reset_value, DumpHead: AIV-12, CoreType=AIV, block dim=32, total_block_num=32, block_remain_len=1048448, block_initial_space=1048576, rsv=0, magic=5aa5bccd
CANN Version: 8.0.RC3, TimeStamp: 20241026152044625
opType=reset_value, DumpHead: AIV-13, CoreType=AIV, block dim=32, total_block_num=32, block_remain_len=1048448, block_initial_space=1048576, rsv=0, magic=5aa5bccd
CANN Version: 8.0.RC3, TimeStamp: 20241026152044625
opType=reset_value, DumpHead: AIV-14, CoreType=AIV, block dim=32, total_block_num=32, block_remain_len=1048448, block_initial_space=1048576, rsv=0, magic=5aa5bccd
CANN Version: 8.0.RC3, TimeStamp: 20241026152044625
opType=reset_value, DumpHead: AIV-15, CoreType=AIV, block dim=32, total_block_num=32, block_remain_len=1048448, block_initial_space=1048576, rsv=0, magic=5aa5bccd
CANN Version: 8.0.RC3, TimeStamp: 20241026152044625
opType=reset_value, DumpHead: AIV-16, CoreType=AIV, block dim=32, total_block_num=32, block_remain_len=1048448, block_initial_space=1048576, rsv=0, magic=5aa5bccd
CANN Version: 8.0.RC3, TimeStamp: 20241026152044625
opType=reset_value, DumpHead: AIV-17, CoreType=AIV, block dim=32, total_block_num=32, block_remain_len=1048448, block_initial_space=1048576, rsv=0, magic=5aa5bccd
CANN Version: 8.0.RC3, TimeStamp: 20241026152044625
opType=reset_value, DumpHead: AIV-18, CoreType=AIV, block dim=32, total_block_num=32, block_remain_len=1048448, block_initial_space=1048576, rsv=0, magic=5aa5bccd
CANN Version: 8.0.RC3, TimeStamp: 20241026152044625
opType=reset_value, DumpHead: AIV-19, CoreType=AIV, block dim=32, total_block_num=32, block_remain_len=1048448, block_initial_space=1048576, rsv=0, magic=5aa5bccd
CANN Version: 8.0.RC3, TimeStamp: 20241026152044625
opType=reset_value, DumpHead: AIV-20, CoreType=AIV, block dim=32, total_block_num=32, block_remain_len=1048448, block_initial_space=1048576, rsv=0, magic=5aa5bccd
CANN Version: 8.0.RC3, TimeStamp: 20241026152044625
opType=reset_value, DumpHead: AIV-21, CoreType=AIV, block dim=32, total_block_num=32, block_remain_len=1048448, block_initial_space=1048576, rsv=0, magic=5aa5bccd
CANN Version: 8.0.RC3, TimeStamp: 20241026152044625
opType=reset_value, DumpHead: AIV-22, CoreType=AIV, block dim=32, total_block_num=32, block_remain_len=1048448, block_initial_space=1048576, rsv=0, magic=5aa5bccd
CANN Version: 8.0.RC3, TimeStamp: 20241026152044625
opType=reset_value, DumpHead: AIV-23, CoreType=AIV, block dim=32, total_block_num=32, block_remain_len=1048448, block_initial_space=1048576, rsv=0, magic=5aa5bccd
CANN Version: 8.0.RC3, TimeStamp: 20241026152044625
opType=reset_value, DumpHead: AIV-24, CoreType=AIV, block dim=32, total_block_num=32, block_remain_len=1048448, block_initial_space=1048576, rsv=0, magic=5aa5bccd
CANN Version: 8.0.RC3, TimeStamp: 20241026152044625
opType=reset_value, DumpHead: AIV-25, CoreType=AIV, block dim=32, total_block_num=32, block_remain_len=1048448, block_initial_space=1048576, rsv=0, magic=5aa5bccd
CANN Version: 8.0.RC3, TimeStamp: 20241026152044625
opType=reset_value, DumpHead: AIV-26, CoreType=AIV, block dim=32, total_block_num=32, block_remain_len=1048448, block_initial_space=1048576, rsv=0, magic=5aa5bccd
CANN Version: 8.0.RC3, TimeStamp: 20241026152044625
opType=reset_value, DumpHead: AIV-27, CoreType=AIV, block dim=32, total_block_num=32, block_remain_len=1048448, block_initial_space=1048576, rsv=0, magic=5aa5bccd
CANN Version: 8.0.RC3, TimeStamp: 20241026152044625
opType=reset_value, DumpHead: AIV-28, CoreType=AIV, block dim=32, total_block_num=32, block_remain_len=1048448, block_initial_space=1048576, rsv=0, magic=5aa5bccd
CANN Version: 8.0.RC3, TimeStamp: 20241026152044625
opType=reset_value, DumpHead: AIV-29, CoreType=AIV, block dim=32, total_block_num=32, block_remain_len=1048448, block_initial_space=1048576, rsv=0, magic=5aa5bccd
CANN Version: 8.0.RC3, TimeStamp: 20241026152044625
opType=reset_value, DumpHead: AIV-30, CoreType=AIV, block dim=32, total_block_num=32, block_remain_len=1048448, block_initial_space=1048576, rsv=0, magic=5aa5bccd
CANN Version: 8.0.RC3, TimeStamp: 20241026152044625
opType=reset_value, DumpHead: AIV-31, CoreType=AIV, block dim=32, total_block_num=32, block_remain_len=1048448, block_initial_space=1048576, rsv=0, magic=5aa5bccd
CANN Version: 8.0.RC3, TimeStamp: 20241026152044625
opType=reset_value, DumpHead: AIV-0, CoreType=AIV, block dim=32, total_block_num=32, block_remain_len=1048408, block_initial_space=1048576, rsv=0, magic=5aa5bccd
CANN Version: 8.0.RC3, TimeStamp: 20241026152044625
Reset Value ...
opType=reset_value, DumpHead: AIV-1, CoreType=AIV, block dim=32, total_block_num=32, block_remain_len=1048448, block_initial_space=1048576, rsv=0, magic=5aa5bccd
CANN Version: 8.0.RC3, TimeStamp: 20241026152044625
opType=reset_value, DumpHead: AIV-2, CoreType=AIV, block dim=32, total_block_num=32, block_remain_len=1048448, block_initial_space=1048576, rsv=0, magic=5aa5bccd
CANN Version: 8.0.RC3, TimeStamp: 20241026152044625
opType=reset_value, DumpHead: AIV-3, CoreType=AIV, block dim=32, total_block_num=32, block_remain_len=1048448, block_initial_space=1048576, rsv=0, magic=5aa5bccd
CANN Version: 8.0.RC3, TimeStamp: 20241026152044625
opType=reset_value, DumpHead: AIV-4, CoreType=AIV, block dim=32, total_block_num=32, block_remain_len=1048448, block_initial_space=1048576, rsv=0, magic=5aa5bccd
CANN Version: 8.0.RC3, TimeStamp: 20241026152044625
opType=reset_value, DumpHead: AIV-5, CoreType=AIV, block dim=32, total_block_num=32, block_remain_len=1048448, block_initial_space=1048576, rsv=0, magic=5aa5bccd
CANN Version: 8.0.RC3, TimeStamp: 20241026152044625
opType=reset_value, DumpHead: AIV-6, CoreType=AIV, block dim=32, total_block_num=32, block_remain_len=1048448, block_initial_space=1048576, rsv=0, magic=5aa5bccd
CANN Version: 8.0.RC3, TimeStamp: 20241026152044625
opType=reset_value, DumpHead: AIV-7, CoreType=AIV, block dim=32, total_block_num=32, block_remain_len=1048448, block_initial_space=1048576, rsv=0, magic=5aa5bccd
CANN Version: 8.0.RC3, TimeStamp: 20241026152044625
opType=reset_value, DumpHead: AIV-8, CoreType=AIV, block dim=32, total_block_num=32, block_remain_len=1048448, block_initial_space=1048576, rsv=0, magic=5aa5bccd
CANN Version: 8.0.RC3, TimeStamp: 20241026152044625
opType=reset_value, DumpHead: AIV-9, CoreType=AIV, block dim=32, total_block_num=32, block_remain_len=1048448, block_initial_space=1048576, rsv=0, magic=5aa5bccd
CANN Version: 8.0.RC3, TimeStamp: 20241026152044625
opType=reset_value, DumpHead: AIV-10, CoreType=AIV, block dim=32, total_block_num=32, block_remain_len=1048448, block_initial_space=1048576, rsv=0, magic=5aa5bccd
CANN Version: 8.0.RC3, TimeStamp: 20241026152044625
opType=reset_value, DumpHead: AIV-11, CoreType=AIV, block dim=32, total_block_num=32, block_remain_len=1048448, block_initial_space=1048576, rsv=0, magic=5aa5bccd
CANN Version: 8.0.RC3, TimeStamp: 20241026152044625
opType=reset_value, DumpHead: AIV-12, CoreType=AIV, block dim=32, total_block_num=32, block_remain_len=1048448, block_initial_space=1048576, rsv=0, magic=5aa5bccd
CANN Version: 8.0.RC3, TimeStamp: 20241026152044625
opType=reset_value, DumpHead: AIV-13, CoreType=AIV, block dim=32, total_block_num=32, block_remain_len=1048448, block_initial_space=1048576, rsv=0, magic=5aa5bccd
CANN Version: 8.0.RC3, TimeStamp: 20241026152044625
opType=reset_value, DumpHead: AIV-14, CoreType=AIV, block dim=32, total_block_num=32, block_remain_len=1048448, block_initial_space=1048576, rsv=0, magic=5aa5bccd
CANN Version: 8.0.RC3, TimeStamp: 20241026152044625
opType=reset_value, DumpHead: AIV-15, CoreType=AIV, block dim=32, total_block_num=32, block_remain_len=1048448, block_initial_space=1048576, rsv=0, magic=5aa5bccd
CANN Version: 8.0.RC3, TimeStamp: 20241026152044625
opType=reset_value, DumpHead: AIV-16, CoreType=AIV, block dim=32, total_block_num=32, block_remain_len=1048448, block_initial_space=1048576, rsv=0, magic=5aa5bccd
CANN Version: 8.0.RC3, TimeStamp: 20241026152044625
opType=reset_value, DumpHead: AIV-17, CoreType=AIV, block dim=32, total_block_num=32, block_remain_len=1048448, block_initial_space=1048576, rsv=0, magic=5aa5bccd
CANN Version: 8.0.RC3, TimeStamp: 20241026152044625
opType=reset_value, DumpHead: AIV-18, CoreType=AIV, block dim=32, total_block_num=32, block_remain_len=1048448, block_initial_space=1048576, rsv=0, magic=5aa5bccd
CANN Version: 8.0.RC3, TimeStamp: 20241026152044625
opType=reset_value, DumpHead: AIV-19, CoreType=AIV, block dim=32, total_block_num=32, block_remain_len=1048448, block_initial_space=1048576, rsv=0, magic=5aa5bccd
CANN Version: 8.0.RC3, TimeStamp: 20241026152044625
opType=reset_value, DumpHead: AIV-20, CoreType=AIV, block dim=32, total_block_num=32, block_remain_len=1048448, block_initial_space=1048576, rsv=0, magic=5aa5bccd
CANN Version: 8.0.RC3, TimeStamp: 20241026152044625
opType=reset_value, DumpHead: AIV-21, CoreType=AIV, block dim=32, total_block_num=32, block_remain_len=1048448, block_initial_space=1048576, rsv=0, magic=5aa5bccd
CANN Version: 8.0.RC3, TimeStamp: 20241026152044625
opType=reset_value, DumpHead: AIV-22, CoreType=AIV, block dim=32, total_block_num=32, block_remain_len=1048448, block_initial_space=1048576, rsv=0, magic=5aa5bccd
CANN Version: 8.0.RC3, TimeStamp: 20241026152044625
opType=reset_value, DumpHead: AIV-23, CoreType=AIV, block dim=32, total_block_num=32, block_remain_len=1048448, block_initial_space=1048576, rsv=0, magic=5aa5bccd
CANN Version: 8.0.RC3, TimeStamp: 20241026152044625
opType=reset_value, DumpHead: AIV-24, CoreType=AIV, block dim=32, total_block_num=32, block_remain_len=1048448, block_initial_space=1048576, rsv=0, magic=5aa5bccd
CANN Version: 8.0.RC3, TimeStamp: 20241026152044625
opType=reset_value, DumpHead: AIV-25, CoreType=AIV, block dim=32, total_block_num=32, block_remain_len=1048448, block_initial_space=1048576, rsv=0, magic=5aa5bccd
CANN Version: 8.0.RC3, TimeStamp: 20241026152044625
opType=reset_value, DumpHead: AIV-26, CoreType=AIV, block dim=32, total_block_num=32, block_remain_len=1048448, block_initial_space=1048576, rsv=0, magic=5aa5bccd
CANN Version: 8.0.RC3, TimeStamp: 20241026152044625
opType=reset_value, DumpHead: AIV-27, CoreType=AIV, block dim=32, total_block_num=32, block_remain_len=1048448, block_initial_space=1048576, rsv=0, magic=5aa5bccd
CANN Version: 8.0.RC3, TimeStamp: 20241026152044625
opType=reset_value, DumpHead: AIV-28, CoreType=AIV, block dim=32, total_block_num=32, block_remain_len=1048448, block_initial_space=1048576, rsv=0, magic=5aa5bccd
CANN Version: 8.0.RC3, TimeStamp: 20241026152044625
opType=reset_value, DumpHead: AIV-29, CoreType=AIV, block dim=32, total_block_num=32, block_remain_len=1048448, block_initial_space=1048576, rsv=0, magic=5aa5bccd
CANN Version: 8.0.RC3, TimeStamp: 20241026152044625
opType=reset_value, DumpHead: AIV-30, CoreType=AIV, block dim=32, total_block_num=32, block_remain_len=1048448, block_initial_space=1048576, rsv=0, magic=5aa5bccd
CANN Version: 8.0.RC3, TimeStamp: 20241026152044625
opType=reset_value, DumpHead: AIV-31, CoreType=AIV, block dim=32, total_block_num=32, block_remain_len=1048448, block_initial_space=1048576, rsv=0, magic=5aa5bccd
CANN Version: 8.0.RC3, TimeStamp: 20241026152044625
opType=reset_value, DumpHead: AIV-0, CoreType=AIV, block dim=32, total_block_num=32, block_remain_len=1048408, block_initial_space=1048576, rsv=0, magic=5aa5bccd
CANN Version: 8.0.RC3, TimeStamp: 20241026152044625
Reset Value ...
opType=reset_value, DumpHead: AIV-1, CoreType=AIV, block dim=32, total_block_num=32, block_remain_len=1048448, block_initial_space=1048576, rsv=0, magic=5aa5bccd
CANN Version: 8.0.RC3, TimeStamp: 20241026152044625
opType=reset_value, DumpHead: AIV-2, CoreType=AIV, block dim=32, total_block_num=32, block_remain_len=1048448, block_initial_space=1048576, rsv=0, magic=5aa5bccd
CANN Version: 8.0.RC3, TimeStamp: 20241026152044625
opType=reset_value, DumpHead: AIV-3, CoreType=AIV, block dim=32, total_block_num=32, block_remain_len=1048448, block_initial_space=1048576, rsv=0, magic=5aa5bccd
CANN Version: 8.0.RC3, TimeStamp: 20241026152044625
opType=reset_value, DumpHead: AIV-4, CoreType=AIV, block dim=32, total_block_num=32, block_remain_len=1048448, block_initial_space=1048576, rsv=0, magic=5aa5bccd
CANN Version: 8.0.RC3, TimeStamp: 20241026152044625
opType=reset_value, DumpHead: AIV-5, CoreType=AIV, block dim=32, total_block_num=32, block_remain_len=1048448, block_initial_space=1048576, rsv=0, magic=5aa5bccd
CANN Version: 8.0.RC3, TimeStamp: 20241026152044625
opType=reset_value, DumpHead: AIV-6, CoreType=AIV, block dim=32, total_block_num=32, block_remain_len=1048448, block_initial_space=1048576, rsv=0, magic=5aa5bccd
CANN Version: 8.0.RC3, TimeStamp: 20241026152044625
opType=reset_value, DumpHead: AIV-7, CoreType=AIV, block dim=32, total_block_num=32, block_remain_len=1048448, block_initial_space=1048576, rsv=0, magic=5aa5bccd
CANN Version: 8.0.RC3, TimeStamp: 20241026152044625
opType=reset_value, DumpHead: AIV-8, CoreType=AIV, block dim=32, total_block_num=32, block_remain_len=1048448, block_initial_space=1048576, rsv=0, magic=5aa5bccd
CANN Version: 8.0.RC3, TimeStamp: 20241026152044625
opType=reset_value, DumpHead: AIV-9, CoreType=AIV, block dim=32, total_block_num=32, block_remain_len=1048448, block_initial_space=1048576, rsv=0, magic=5aa5bccd
CANN Version: 8.0.RC3, TimeStamp: 20241026152044625
opType=reset_value, DumpHead: AIV-10, CoreType=AIV, block dim=32, total_block_num=32, block_remain_len=1048448, block_initial_space=1048576, rsv=0, magic=5aa5bccd
CANN Version: 8.0.RC3, TimeStamp: 20241026152044625
opType=reset_value, DumpHead: AIV-11, CoreType=AIV, block dim=32, total_block_num=32, block_remain_len=1048448, block_initial_space=1048576, rsv=0, magic=5aa5bccd
CANN Version: 8.0.RC3, TimeStamp: 20241026152044625
opType=reset_value, DumpHead: AIV-12, CoreType=AIV, block dim=32, total_block_num=32, block_remain_len=1048448, block_initial_space=1048576, rsv=0, magic=5aa5bccd
CANN Version: 8.0.RC3, TimeStamp: 20241026152044625
opType=reset_value, DumpHead: AIV-13, CoreType=AIV, block dim=32, total_block_num=32, block_remain_len=1048448, block_initial_space=1048576, rsv=0, magic=5aa5bccd
CANN Version: 8.0.RC3, TimeStamp: 20241026152044625
opType=reset_value, DumpHead: AIV-14, CoreType=AIV, block dim=32, total_block_num=32, block_remain_len=1048448, block_initial_space=1048576, rsv=0, magic=5aa5bccd
CANN Version: 8.0.RC3, TimeStamp: 20241026152044625
opType=reset_value, DumpHead: AIV-15, CoreType=AIV, block dim=32, total_block_num=32, block_remain_len=1048448, block_initial_space=1048576, rsv=0, magic=5aa5bccd
CANN Version: 8.0.RC3, TimeStamp: 20241026152044625
opType=reset_value, DumpHead: AIV-16, CoreType=AIV, block dim=32, total_block_num=32, block_remain_len=1048448, block_initial_space=1048576, rsv=0, magic=5aa5bccd
CANN Version: 8.0.RC3, TimeStamp: 20241026152044625
opType=reset_value, DumpHead: AIV-17, CoreType=AIV, block dim=32, total_block_num=32, block_remain_len=1048448, block_initial_space=1048576, rsv=0, magic=5aa5bccd
CANN Version: 8.0.RC3, TimeStamp: 20241026152044625
opType=reset_value, DumpHead: AIV-18, CoreType=AIV, block dim=32, total_block_num=32, block_remain_len=1048448, block_initial_space=1048576, rsv=0, magic=5aa5bccd
CANN Version: 8.0.RC3, TimeStamp: 20241026152044625
opType=reset_value, DumpHead: AIV-19, CoreType=AIV, block dim=32, total_block_num=32, block_remain_len=1048448, block_initial_space=1048576, rsv=0, magic=5aa5bccd
CANN Version: 8.0.RC3, TimeStamp: 20241026152044625
opType=reset_value, DumpHead: AIV-20, CoreType=AIV, block dim=32, total_block_num=32, block_remain_len=1048448, block_initial_space=1048576, rsv=0, magic=5aa5bccd
CANN Version: 8.0.RC3, TimeStamp: 20241026152044625
opType=reset_value, DumpHead: AIV-21, CoreType=AIV, block dim=32, total_block_num=32, block_remain_len=1048448, block_initial_space=1048576, rsv=0, magic=5aa5bccd
CANN Version: 8.0.RC3, TimeStamp: 20241026152044625
opType=reset_value, DumpHead: AIV-22, CoreType=AIV, block dim=32, total_block_num=32, block_remain_len=1048448, block_initial_space=1048576, rsv=0, magic=5aa5bccd
CANN Version: 8.0.RC3, TimeStamp: 20241026152044625
opType=reset_value, DumpHead: AIV-23, CoreType=AIV, block dim=32, total_block_num=32, block_remain_len=1048448, block_initial_space=1048576, rsv=0, magic=5aa5bccd
CANN Version: 8.0.RC3, TimeStamp: 20241026152044625
opType=reset_value, DumpHead: AIV-24, CoreType=AIV, block dim=32, total_block_num=32, block_remain_len=1048448, block_initial_space=1048576, rsv=0, magic=5aa5bccd
CANN Version: 8.0.RC3, TimeStamp: 20241026152044625
opType=reset_value, DumpHead: AIV-25, CoreType=AIV, block dim=32, total_block_num=32, block_remain_len=1048448, block_initial_space=1048576, rsv=0, magic=5aa5bccd
CANN Version: 8.0.RC3, TimeStamp: 20241026152044625
opType=reset_value, DumpHead: AIV-26, CoreType=AIV, block dim=32, total_block_num=32, block_remain_len=1048448, block_initial_space=1048576, rsv=0, magic=5aa5bccd
CANN Version: 8.0.RC3, TimeStamp: 20241026152044625
opType=reset_value, DumpHead: AIV-27, CoreType=AIV, block dim=32, total_block_num=32, block_remain_len=1048448, block_initial_space=1048576, rsv=0, magic=5aa5bccd
CANN Version: 8.0.RC3, TimeStamp: 20241026152044625
opType=reset_value, DumpHead: AIV-28, CoreType=AIV, block dim=32, total_block_num=32, block_remain_len=1048448, block_initial_space=1048576, rsv=0, magic=5aa5bccd
CANN Version: 8.0.RC3, TimeStamp: 20241026152044625
opType=reset_value, DumpHead: AIV-29, CoreType=AIV, block dim=32, total_block_num=32, block_remain_len=1048448, block_initial_space=1048576, rsv=0, magic=5aa5bccd
CANN Version: 8.0.RC3, TimeStamp: 20241026152044625
opType=reset_value, DumpHead: AIV-30, CoreType=AIV, block dim=32, total_block_num=32, block_remain_len=1048448, block_initial_space=1048576, rsv=0, magic=5aa5bccd
CANN Version: 8.0.RC3, TimeStamp: 20241026152044625
opType=reset_value, DumpHead: AIV-31, CoreType=AIV, block dim=32, total_block_num=32, block_remain_len=1048448, block_initial_space=1048576, rsv=0, magic=5aa5bccd
CANN Version: 8.0.RC3, TimeStamp: 20241026152044625
opType=reset_value, DumpHead: AIV-0, CoreType=AIV, block dim=32, total_block_num=32, block_remain_len=1048408, block_initial_space=1048576, rsv=0, magic=5aa5bccd
CANN Version: 8.0.RC3, TimeStamp: 20241026152044625
Reset Value ...
opType=reset_value, DumpHead: AIV-1, CoreType=AIV, block dim=32, total_block_num=32, block_remain_len=1048448, block_initial_space=1048576, rsv=0, magic=5aa5bccd
CANN Version: 8.0.RC3, TimeStamp: 20241026152044625
opType=reset_value, DumpHead: AIV-2, CoreType=AIV, block dim=32, total_block_num=32, block_remain_len=1048448, block_initial_space=1048576, rsv=0, magic=5aa5bccd
CANN Version: 8.0.RC3, TimeStamp: 20241026152044625
opType=reset_value, DumpHead: AIV-3, CoreType=AIV, block dim=32, total_block_num=32, block_remain_len=1048448, block_initial_space=1048576, rsv=0, magic=5aa5bccd
CANN Version: 8.0.RC3, TimeStamp: 20241026152044625
opType=reset_value, DumpHead: AIV-4, CoreType=AIV, block dim=32, total_block_num=32, block_remain_len=1048448, block_initial_space=1048576, rsv=0, magic=5aa5bccd
CANN Version: 8.0.RC3, TimeStamp: 20241026152044625
opType=reset_value, DumpHead: AIV-5, CoreType=AIV, block dim=32, total_block_num=32, block_remain_len=1048448, block_initial_space=1048576, rsv=0, magic=5aa5bccd
CANN Version: 8.0.RC3, TimeStamp: 20241026152044625
opType=reset_value, DumpHead: AIV-6, CoreType=AIV, block dim=32, total_block_num=32, block_remain_len=1048448, block_initial_space=1048576, rsv=0, magic=5aa5bccd
CANN Version: 8.0.RC3, TimeStamp: 20241026152044625
opType=reset_value, DumpHead: AIV-7, CoreType=AIV, block dim=32, total_block_num=32, block_remain_len=1048448, block_initial_space=1048576, rsv=0, magic=5aa5bccd
CANN Version: 8.0.RC3, TimeStamp: 20241026152044625
opType=reset_value, DumpHead: AIV-8, CoreType=AIV, block dim=32, total_block_num=32, block_remain_len=1048448, block_initial_space=1048576, rsv=0, magic=5aa5bccd
CANN Version: 8.0.RC3, TimeStamp: 20241026152044625
opType=reset_value, DumpHead: AIV-9, CoreType=AIV, block dim=32, total_block_num=32, block_remain_len=1048448, block_initial_space=1048576, rsv=0, magic=5aa5bccd
CANN Version: 8.0.RC3, TimeStamp: 20241026152044625
opType=reset_value, DumpHead: AIV-10, CoreType=AIV, block dim=32, total_block_num=32, block_remain_len=1048448, block_initial_space=1048576, rsv=0, magic=5aa5bccd
CANN Version: 8.0.RC3, TimeStamp: 20241026152044625
opType=reset_value, DumpHead: AIV-11, CoreType=AIV, block dim=32, total_block_num=32, block_remain_len=1048448, block_initial_space=1048576, rsv=0, magic=5aa5bccd
CANN Version: 8.0.RC3, TimeStamp: 20241026152044625
opType=reset_value, DumpHead: AIV-12, CoreType=AIV, block dim=32, total_block_num=32, block_remain_len=1048448, block_initial_space=1048576, rsv=0, magic=5aa5bccd
CANN Version: 8.0.RC3, TimeStamp: 20241026152044625
opType=reset_value, DumpHead: AIV-13, CoreType=AIV, block dim=32, total_block_num=32, block_remain_len=1048448, block_initial_space=1048576, rsv=0, magic=5aa5bccd
CANN Version: 8.0.RC3, TimeStamp: 20241026152044625
opType=reset_value, DumpHead: AIV-14, CoreType=AIV, block dim=32, total_block_num=32, block_remain_len=1048448, block_initial_space=1048576, rsv=0, magic=5aa5bccd
CANN Version: 8.0.RC3, TimeStamp: 20241026152044625
opType=reset_value, DumpHead: AIV-15, CoreType=AIV, block dim=32, total_block_num=32, block_remain_len=1048448, block_initial_space=1048576, rsv=0, magic=5aa5bccd
CANN Version: 8.0.RC3, TimeStamp: 20241026152044625
opType=reset_value, DumpHead: AIV-16, CoreType=AIV, block dim=32, total_block_num=32, block_remain_len=1048448, block_initial_space=1048576, rsv=0, magic=5aa5bccd
CANN Version: 8.0.RC3, TimeStamp: 20241026152044625
opType=reset_value, DumpHead: AIV-17, CoreType=AIV, block dim=32, total_block_num=32, block_remain_len=1048448, block_initial_space=1048576, rsv=0, magic=5aa5bccd
CANN Version: 8.0.RC3, TimeStamp: 20241026152044625
opType=reset_value, DumpHead: AIV-18, CoreType=AIV, block dim=32, total_block_num=32, block_remain_len=1048448, block_initial_space=1048576, rsv=0, magic=5aa5bccd
CANN Version: 8.0.RC3, TimeStamp: 20241026152044625
opType=reset_value, DumpHead: AIV-19, CoreType=AIV, block dim=32, total_block_num=32, block_remain_len=1048448, block_initial_space=1048576, rsv=0, magic=5aa5bccd
CANN Version: 8.0.RC3, TimeStamp: 20241026152044625
opType=reset_value, DumpHead: AIV-20, CoreType=AIV, block dim=32, total_block_num=32, block_remain_len=1048448, block_initial_space=1048576, rsv=0, magic=5aa5bccd
CANN Version: 8.0.RC3, TimeStamp: 20241026152044625
opType=reset_value, DumpHead: AIV-21, CoreType=AIV, block dim=32, total_block_num=32, block_remain_len=1048448, block_initial_space=1048576, rsv=0, magic=5aa5bccd
CANN Version: 8.0.RC3, TimeStamp: 20241026152044625
opType=reset_value, DumpHead: AIV-22, CoreType=AIV, block dim=32, total_block_num=32, block_remain_len=1048448, block_initial_space=1048576, rsv=0, magic=5aa5bccd
CANN Version: 8.0.RC3, TimeStamp: 20241026152044625
opType=reset_value, DumpHead: AIV-23, CoreType=AIV, block dim=32, total_block_num=32, block_remain_len=1048448, block_initial_space=1048576, rsv=0, magic=5aa5bccd
CANN Version: 8.0.RC3, TimeStamp: 20241026152044625
opType=reset_value, DumpHead: AIV-24, CoreType=AIV, block dim=32, total_block_num=32, block_remain_len=1048448, block_initial_space=1048576, rsv=0, magic=5aa5bccd
CANN Version: 8.0.RC3, TimeStamp: 20241026152044625
opType=reset_value, DumpHead: AIV-25, CoreType=AIV, block dim=32, total_block_num=32, block_remain_len=1048448, block_initial_space=1048576, rsv=0, magic=5aa5bccd
CANN Version: 8.0.RC3, TimeStamp: 20241026152044625
opType=reset_value, DumpHead: AIV-26, CoreType=AIV, block dim=32, total_block_num=32, block_remain_len=1048448, block_initial_space=1048576, rsv=0, magic=5aa5bccd
CANN Version: 8.0.RC3, TimeStamp: 20241026152044625
opType=reset_value, DumpHead: AIV-27, CoreType=AIV, block dim=32, total_block_num=32, block_remain_len=1048448, block_initial_space=1048576, rsv=0, magic=5aa5bccd
CANN Version: 8.0.RC3, TimeStamp: 20241026152044625
opType=reset_value, DumpHead: AIV-28, CoreType=AIV, block dim=32, total_block_num=32, block_remain_len=1048448, block_initial_space=1048576, rsv=0, magic=5aa5bccd
CANN Version: 8.0.RC3, TimeStamp: 20241026152044625
opType=reset_value, DumpHead: AIV-29, CoreType=AIV, block dim=32, total_block_num=32, block_remain_len=1048448, block_initial_space=1048576, rsv=0, magic=5aa5bccd
CANN Version: 8.0.RC3, TimeStamp: 20241026152044625
opType=reset_value, DumpHead: AIV-30, CoreType=AIV, block dim=32, total_block_num=32, block_remain_len=1048448, block_initial_space=1048576, rsv=0, magic=5aa5bccd
CANN Version: 8.0.RC3, TimeStamp: 20241026152044625
opType=reset_value, DumpHead: AIV-31, CoreType=AIV, block dim=32, total_block_num=32, block_remain_len=1048448, block_initial_space=1048576, rsv=0, magic=5aa5bccd
CANN Version: 8.0.RC3, TimeStamp: 20241026152044625
opType=compute_msg, DumpHead: AIV-0, CoreType=AIV, block dim=32, total_block_num=32, block_remain_len=1048408, block_initial_space=1048576, rsv=0, magic=5aa5bccd
CANN Version: 8.0.RC3, TimeStamp: 20241026152044625
Compute Message ...
opType=compute_msg, DumpHead: AIV-1, CoreType=AIV, block dim=32, total_block_num=32, block_remain_len=1048448, block_initial_space=1048576, rsv=0, magic=5aa5bccd
CANN Version: 8.0.RC3, TimeStamp: 20241026152044625
opType=compute_msg, DumpHead: AIV-2, CoreType=AIV, block dim=32, total_block_num=32, block_remain_len=1048448, block_initial_space=1048576, rsv=0, magic=5aa5bccd
CANN Version: 8.0.RC3, TimeStamp: 20241026152044625
opType=compute_msg, DumpHead: AIV-3, CoreType=AIV, block dim=32, total_block_num=32, block_remain_len=1048448, block_initial_space=1048576, rsv=0, magic=5aa5bccd
CANN Version: 8.0.RC3, TimeStamp: 20241026152044625
opType=compute_msg, DumpHead: AIV-4, CoreType=AIV, block dim=32, total_block_num=32, block_remain_len=1048448, block_initial_space=1048576, rsv=0, magic=5aa5bccd
CANN Version: 8.0.RC3, TimeStamp: 20241026152044625
opType=compute_msg, DumpHead: AIV-5, CoreType=AIV, block dim=32, total_block_num=32, block_remain_len=1048448, block_initial_space=1048576, rsv=0, magic=5aa5bccd
CANN Version: 8.0.RC3, TimeStamp: 20241026152044625
opType=compute_msg, DumpHead: AIV-6, CoreType=AIV, block dim=32, total_block_num=32, block_remain_len=1048448, block_initial_space=1048576, rsv=0, magic=5aa5bccd
CANN Version: 8.0.RC3, TimeStamp: 20241026152044625
opType=compute_msg, DumpHead: AIV-7, CoreType=AIV, block dim=32, total_block_num=32, block_remain_len=1048448, block_initial_space=1048576, rsv=0, magic=5aa5bccd
CANN Version: 8.0.RC3, TimeStamp: 20241026152044625
opType=compute_msg, DumpHead: AIV-8, CoreType=AIV, block dim=32, total_block_num=32, block_remain_len=1048448, block_initial_space=1048576, rsv=0, magic=5aa5bccd
CANN Version: 8.0.RC3, TimeStamp: 20241026152044625
opType=compute_msg, DumpHead: AIV-9, CoreType=AIV, block dim=32, total_block_num=32, block_remain_len=1048448, block_initial_space=1048576, rsv=0, magic=5aa5bccd
CANN Version: 8.0.RC3, TimeStamp: 20241026152044625
opType=compute_msg, DumpHead: AIV-10, CoreType=AIV, block dim=32, total_block_num=32, block_remain_len=1048448, block_initial_space=1048576, rsv=0, magic=5aa5bccd
CANN Version: 8.0.RC3, TimeStamp: 20241026152044625
opType=compute_msg, DumpHead: AIV-11, CoreType=AIV, block dim=32, total_block_num=32, block_remain_len=1048448, block_initial_space=1048576, rsv=0, magic=5aa5bccd
CANN Version: 8.0.RC3, TimeStamp: 20241026152044625
opType=compute_msg, DumpHead: AIV-12, CoreType=AIV, block dim=32, total_block_num=32, block_remain_len=1048448, block_initial_space=1048576, rsv=0, magic=5aa5bccd
CANN Version: 8.0.RC3, TimeStamp: 20241026152044625
opType=compute_msg, DumpHead: AIV-13, CoreType=AIV, block dim=32, total_block_num=32, block_remain_len=1048448, block_initial_space=1048576, rsv=0, magic=5aa5bccd
CANN Version: 8.0.RC3, TimeStamp: 20241026152044625
opType=compute_msg, DumpHead: AIV-14, CoreType=AIV, block dim=32, total_block_num=32, block_remain_len=1048448, block_initial_space=1048576, rsv=0, magic=5aa5bccd
CANN Version: 8.0.RC3, TimeStamp: 20241026152044625
opType=compute_msg, DumpHead: AIV-15, CoreType=AIV, block dim=32, total_block_num=32, block_remain_len=1048448, block_initial_space=1048576, rsv=0, magic=5aa5bccd
CANN Version: 8.0.RC3, TimeStamp: 20241026152044625
opType=compute_msg, DumpHead: AIV-16, CoreType=AIV, block dim=32, total_block_num=32, block_remain_len=1048448, block_initial_space=1048576, rsv=0, magic=5aa5bccd
CANN Version: 8.0.RC3, TimeStamp: 20241026152044625
opType=compute_msg, DumpHead: AIV-17, CoreType=AIV, block dim=32, total_block_num=32, block_remain_len=1048448, block_initial_space=1048576, rsv=0, magic=5aa5bccd
CANN Version: 8.0.RC3, TimeStamp: 20241026152044625
opType=compute_msg, DumpHead: AIV-18, CoreType=AIV, block dim=32, total_block_num=32, block_remain_len=1048448, block_initial_space=1048576, rsv=0, magic=5aa5bccd
CANN Version: 8.0.RC3, TimeStamp: 20241026152044625
opType=compute_msg, DumpHead: AIV-19, CoreType=AIV, block dim=32, total_block_num=32, block_remain_len=1048448, block_initial_space=1048576, rsv=0, magic=5aa5bccd
CANN Version: 8.0.RC3, TimeStamp: 20241026152044625
opType=compute_msg, DumpHead: AIV-20, CoreType=AIV, block dim=32, total_block_num=32, block_remain_len=1048448, block_initial_space=1048576, rsv=0, magic=5aa5bccd
CANN Version: 8.0.RC3, TimeStamp: 20241026152044625
opType=compute_msg, DumpHead: AIV-21, CoreType=AIV, block dim=32, total_block_num=32, block_remain_len=1048448, block_initial_space=1048576, rsv=0, magic=5aa5bccd
CANN Version: 8.0.RC3, TimeStamp: 20241026152044625
opType=compute_msg, DumpHead: AIV-22, CoreType=AIV, block dim=32, total_block_num=32, block_remain_len=1048448, block_initial_space=1048576, rsv=0, magic=5aa5bccd
CANN Version: 8.0.RC3, TimeStamp: 20241026152044625
opType=compute_msg, DumpHead: AIV-23, CoreType=AIV, block dim=32, total_block_num=32, block_remain_len=1048448, block_initial_space=1048576, rsv=0, magic=5aa5bccd
CANN Version: 8.0.RC3, TimeStamp: 20241026152044625
opType=compute_msg, DumpHead: AIV-24, CoreType=AIV, block dim=32, total_block_num=32, block_remain_len=1048448, block_initial_space=1048576, rsv=0, magic=5aa5bccd
CANN Version: 8.0.RC3, TimeStamp: 20241026152044625
opType=compute_msg, DumpHead: AIV-25, CoreType=AIV, block dim=32, total_block_num=32, block_remain_len=1048448, block_initial_space=1048576, rsv=0, magic=5aa5bccd
CANN Version: 8.0.RC3, TimeStamp: 20241026152044625
opType=compute_msg, DumpHead: AIV-26, CoreType=AIV, block dim=32, total_block_num=32, block_remain_len=1048448, block_initial_space=1048576, rsv=0, magic=5aa5bccd
CANN Version: 8.0.RC3, TimeStamp: 20241026152044625
opType=compute_msg, DumpHead: AIV-27, CoreType=AIV, block dim=32, total_block_num=32, block_remain_len=1048448, block_initial_space=1048576, rsv=0, magic=5aa5bccd
CANN Version: 8.0.RC3, TimeStamp: 20241026152044625
opType=compute_msg, DumpHead: AIV-28, CoreType=AIV, block dim=32, total_block_num=32, block_remain_len=1048448, block_initial_space=1048576, rsv=0, magic=5aa5bccd
CANN Version: 8.0.RC3, TimeStamp: 20241026152044625
opType=compute_msg, DumpHead: AIV-29, CoreType=AIV, block dim=32, total_block_num=32, block_remain_len=1048448, block_initial_space=1048576, rsv=0, magic=5aa5bccd
CANN Version: 8.0.RC3, TimeStamp: 20241026152044625
opType=compute_msg, DumpHead: AIV-30, CoreType=AIV, block dim=32, total_block_num=32, block_remain_len=1048448, block_initial_space=1048576, rsv=0, magic=5aa5bccd
CANN Version: 8.0.RC3, TimeStamp: 20241026152044625
opType=compute_msg, DumpHead: AIV-31, CoreType=AIV, block dim=32, total_block_num=32, block_remain_len=1048448, block_initial_space=1048576, rsv=0, magic=5aa5bccd
CANN Version: 8.0.RC3, TimeStamp: 20241026152044625
opType=compute_msg, DumpHead: AIV-0, CoreType=AIV, block dim=32, total_block_num=32, block_remain_len=1048408, block_initial_space=1048576, rsv=0, magic=5aa5bccd
CANN Version: 8.0.RC3, TimeStamp: 20241026152044625
Compute Message ...
opType=compute_msg, DumpHead: AIV-1, CoreType=AIV, block dim=32, total_block_num=32, block_remain_len=1048448, block_initial_space=1048576, rsv=0, magic=5aa5bccd
CANN Version: 8.0.RC3, TimeStamp: 20241026152044625
opType=compute_msg, DumpHead: AIV-2, CoreType=AIV, block dim=32, total_block_num=32, block_remain_len=1048448, block_initial_space=1048576, rsv=0, magic=5aa5bccd
CANN Version: 8.0.RC3, TimeStamp: 20241026152044625
opType=compute_msg, DumpHead: AIV-3, CoreType=AIV, block dim=32, total_block_num=32, block_remain_len=1048448, block_initial_space=1048576, rsv=0, magic=5aa5bccd
CANN Version: 8.0.RC3, TimeStamp: 20241026152044625
opType=compute_msg, DumpHead: AIV-4, CoreType=AIV, block dim=32, total_block_num=32, block_remain_len=1048448, block_initial_space=1048576, rsv=0, magic=5aa5bccd
CANN Version: 8.0.RC3, TimeStamp: 20241026152044625
opType=compute_msg, DumpHead: AIV-5, CoreType=AIV, block dim=32, total_block_num=32, block_remain_len=1048448, block_initial_space=1048576, rsv=0, magic=5aa5bccd
CANN Version: 8.0.RC3, TimeStamp: 20241026152044625
opType=compute_msg, DumpHead: AIV-6, CoreType=AIV, block dim=32, total_block_num=32, block_remain_len=1048448, block_initial_space=1048576, rsv=0, magic=5aa5bccd
CANN Version: 8.0.RC3, TimeStamp: 20241026152044625
opType=compute_msg, DumpHead: AIV-7, CoreType=AIV, block dim=32, total_block_num=32, block_remain_len=1048448, block_initial_space=1048576, rsv=0, magic=5aa5bccd
CANN Version: 8.0.RC3, TimeStamp: 20241026152044625
opType=compute_msg, DumpHead: AIV-8, CoreType=AIV, block dim=32, total_block_num=32, block_remain_len=1048448, block_initial_space=1048576, rsv=0, magic=5aa5bccd
CANN Version: 8.0.RC3, TimeStamp: 20241026152044625
opType=compute_msg, DumpHead: AIV-9, CoreType=AIV, block dim=32, total_block_num=32, block_remain_len=1048448, block_initial_space=1048576, rsv=0, magic=5aa5bccd
CANN Version: 8.0.RC3, TimeStamp: 20241026152044625
opType=compute_msg, DumpHead: AIV-10, CoreType=AIV, block dim=32, total_block_num=32, block_remain_len=1048448, block_initial_space=1048576, rsv=0, magic=5aa5bccd
CANN Version: 8.0.RC3, TimeStamp: 20241026152044625
opType=compute_msg, DumpHead: AIV-11, CoreType=AIV, block dim=32, total_block_num=32, block_remain_len=1048448, block_initial_space=1048576, rsv=0, magic=5aa5bccd
CANN Version: 8.0.RC3, TimeStamp: 20241026152044625
opType=compute_msg, DumpHead: AIV-12, CoreType=AIV, block dim=32, total_block_num=32, block_remain_len=1048448, block_initial_space=1048576, rsv=0, magic=5aa5bccd
CANN Version: 8.0.RC3, TimeStamp: 20241026152044625
opType=compute_msg, DumpHead: AIV-13, CoreType=AIV, block dim=32, total_block_num=32, block_remain_len=1048448, block_initial_space=1048576, rsv=0, magic=5aa5bccd
CANN Version: 8.0.RC3, TimeStamp: 20241026152044625
opType=compute_msg, DumpHead: AIV-14, CoreType=AIV, block dim=32, total_block_num=32, block_remain_len=1048448, block_initial_space=1048576, rsv=0, magic=5aa5bccd
CANN Version: 8.0.RC3, TimeStamp: 20241026152044625
opType=compute_msg, DumpHead: AIV-15, CoreType=AIV, block dim=32, total_block_num=32, block_remain_len=1048448, block_initial_space=1048576, rsv=0, magic=5aa5bccd
CANN Version: 8.0.RC3, TimeStamp: 20241026152044625
opType=compute_msg, DumpHead: AIV-16, CoreType=AIV, block dim=32, total_block_num=32, block_remain_len=1048448, block_initial_space=1048576, rsv=0, magic=5aa5bccd
CANN Version: 8.0.RC3, TimeStamp: 20241026152044625
opType=compute_msg, DumpHead: AIV-17, CoreType=AIV, block dim=32, total_block_num=32, block_remain_len=1048448, block_initial_space=1048576, rsv=0, magic=5aa5bccd
CANN Version: 8.0.RC3, TimeStamp: 20241026152044625
opType=compute_msg, DumpHead: AIV-18, CoreType=AIV, block dim=32, total_block_num=32, block_remain_len=1048448, block_initial_space=1048576, rsv=0, magic=5aa5bccd
CANN Version: 8.0.RC3, TimeStamp: 20241026152044625
opType=compute_msg, DumpHead: AIV-19, CoreType=AIV, block dim=32, total_block_num=32, block_remain_len=1048448, block_initial_space=1048576, rsv=0, magic=5aa5bccd
CANN Version: 8.0.RC3, TimeStamp: 20241026152044625
opType=compute_msg, DumpHead: AIV-20, CoreType=AIV, block dim=32, total_block_num=32, block_remain_len=1048448, block_initial_space=1048576, rsv=0, magic=5aa5bccd
CANN Version: 8.0.RC3, TimeStamp: 20241026152044625
opType=compute_msg, DumpHead: AIV-21, CoreType=AIV, block dim=32, total_block_num=32, block_remain_len=1048448, block_initial_space=1048576, rsv=0, magic=5aa5bccd
CANN Version: 8.0.RC3, TimeStamp: 20241026152044625
opType=compute_msg, DumpHead: AIV-22, CoreType=AIV, block dim=32, total_block_num=32, block_remain_len=1048448, block_initial_space=1048576, rsv=0, magic=5aa5bccd
CANN Version: 8.0.RC3, TimeStamp: 20241026152044625
opType=compute_msg, DumpHead: AIV-23, CoreType=AIV, block dim=32, total_block_num=32, block_remain_len=1048448, block_initial_space=1048576, rsv=0, magic=5aa5bccd
CANN Version: 8.0.RC3, TimeStamp: 20241026152044625
opType=compute_msg, DumpHead: AIV-24, CoreType=AIV, block dim=32, total_block_num=32, block_remain_len=1048448, block_initial_space=1048576, rsv=0, magic=5aa5bccd
CANN Version: 8.0.RC3, TimeStamp: 20241026152044625
opType=compute_msg, DumpHead: AIV-25, CoreType=AIV, block dim=32, total_block_num=32, block_remain_len=1048448, block_initial_space=1048576, rsv=0, magic=5aa5bccd
CANN Version: 8.0.RC3, TimeStamp: 20241026152044625
opType=compute_msg, DumpHead: AIV-26, CoreType=AIV, block dim=32, total_block_num=32, block_remain_len=1048448, block_initial_space=1048576, rsv=0, magic=5aa5bccd
CANN Version: 8.0.RC3, TimeStamp: 20241026152044625
opType=compute_msg, DumpHead: AIV-27, CoreType=AIV, block dim=32, total_block_num=32, block_remain_len=1048448, block_initial_space=1048576, rsv=0, magic=5aa5bccd
CANN Version: 8.0.RC3, TimeStamp: 20241026152044625
opType=compute_msg, DumpHead: AIV-28, CoreType=AIV, block dim=32, total_block_num=32, block_remain_len=1048448, block_initial_space=1048576, rsv=0, magic=5aa5bccd
CANN Version: 8.0.RC3, TimeStamp: 20241026152044625
opType=compute_msg, DumpHead: AIV-29, CoreType=AIV, block dim=32, total_block_num=32, block_remain_len=1048448, block_initial_space=1048576, rsv=0, magic=5aa5bccd
CANN Version: 8.0.RC3, TimeStamp: 20241026152044625
opType=compute_msg, DumpHead: AIV-30, CoreType=AIV, block dim=32, total_block_num=32, block_remain_len=1048448, block_initial_space=1048576, rsv=0, magic=5aa5bccd
CANN Version: 8.0.RC3, TimeStamp: 20241026152044625
opType=compute_msg, DumpHead: AIV-31, CoreType=AIV, block dim=32, total_block_num=32, block_remain_len=1048448, block_initial_space=1048576, rsv=0, magic=5aa5bccd
CANN Version: 8.0.RC3, TimeStamp: 20241026152044625
opType=compute_msg, DumpHead: AIV-0, CoreType=AIV, block dim=32, total_block_num=32, block_remain_len=1048408, block_initial_space=1048576, rsv=0, magic=5aa5bccd
CANN Version: 8.0.RC3, TimeStamp: 20241026152044625
Compute Message ...
opType=compute_msg, DumpHead: AIV-1, CoreType=AIV, block dim=32, total_block_num=32, block_remain_len=1048448, block_initial_space=1048576, rsv=0, magic=5aa5bccd
CANN Version: 8.0.RC3, TimeStamp: 20241026152044625
opType=compute_msg, DumpHead: AIV-2, CoreType=AIV, block dim=32, total_block_num=32, block_remain_len=1048448, block_initial_space=1048576, rsv=0, magic=5aa5bccd
CANN Version: 8.0.RC3, TimeStamp: 20241026152044625
opType=compute_msg, DumpHead: AIV-3, CoreType=AIV, block dim=32, total_block_num=32, block_remain_len=1048448, block_initial_space=1048576, rsv=0, magic=5aa5bccd
CANN Version: 8.0.RC3, TimeStamp: 20241026152044625
opType=compute_msg, DumpHead: AIV-4, CoreType=AIV, block dim=32, total_block_num=32, block_remain_len=1048448, block_initial_space=1048576, rsv=0, magic=5aa5bccd
CANN Version: 8.0.RC3, TimeStamp: 20241026152044625
opType=compute_msg, DumpHead: AIV-5, CoreType=AIV, block dim=32, total_block_num=32, block_remain_len=1048448, block_initial_space=1048576, rsv=0, magic=5aa5bccd
CANN Version: 8.0.RC3, TimeStamp: 20241026152044625
opType=compute_msg, DumpHead: AIV-6, CoreType=AIV, block dim=32, total_block_num=32, block_remain_len=1048448, block_initial_space=1048576, rsv=0, magic=5aa5bccd
CANN Version: 8.0.RC3, TimeStamp: 20241026152044625
opType=compute_msg, DumpHead: AIV-7, CoreType=AIV, block dim=32, total_block_num=32, block_remain_len=1048448, block_initial_space=1048576, rsv=0, magic=5aa5bccd
CANN Version: 8.0.RC3, TimeStamp: 20241026152044625
opType=compute_msg, DumpHead: AIV-8, CoreType=AIV, block dim=32, total_block_num=32, block_remain_len=1048448, block_initial_space=1048576, rsv=0, magic=5aa5bccd
CANN Version: 8.0.RC3, TimeStamp: 20241026152044625
opType=compute_msg, DumpHead: AIV-9, CoreType=AIV, block dim=32, total_block_num=32, block_remain_len=1048448, block_initial_space=1048576, rsv=0, magic=5aa5bccd
CANN Version: 8.0.RC3, TimeStamp: 20241026152044625
opType=compute_msg, DumpHead: AIV-10, CoreType=AIV, block dim=32, total_block_num=32, block_remain_len=1048448, block_initial_space=1048576, rsv=0, magic=5aa5bccd
CANN Version: 8.0.RC3, TimeStamp: 20241026152044625
opType=compute_msg, DumpHead: AIV-11, CoreType=AIV, block dim=32, total_block_num=32, block_remain_len=1048448, block_initial_space=1048576, rsv=0, magic=5aa5bccd
CANN Version: 8.0.RC3, TimeStamp: 20241026152044625
opType=compute_msg, DumpHead: AIV-12, CoreType=AIV, block dim=32, total_block_num=32, block_remain_len=1048448, block_initial_space=1048576, rsv=0, magic=5aa5bccd
CANN Version: 8.0.RC3, TimeStamp: 20241026152044625
opType=compute_msg, DumpHead: AIV-13, CoreType=AIV, block dim=32, total_block_num=32, block_remain_len=1048448, block_initial_space=1048576, rsv=0, magic=5aa5bccd
CANN Version: 8.0.RC3, TimeStamp: 20241026152044625
opType=compute_msg, DumpHead: AIV-14, CoreType=AIV, block dim=32, total_block_num=32, block_remain_len=1048448, block_initial_space=1048576, rsv=0, magic=5aa5bccd
CANN Version: 8.0.RC3, TimeStamp: 20241026152044625
opType=compute_msg, DumpHead: AIV-15, CoreType=AIV, block dim=32, total_block_num=32, block_remain_len=1048448, block_initial_space=1048576, rsv=0, magic=5aa5bccd
CANN Version: 8.0.RC3, TimeStamp: 20241026152044625
opType=compute_msg, DumpHead: AIV-16, CoreType=AIV, block dim=32, total_block_num=32, block_remain_len=1048448, block_initial_space=1048576, rsv=0, magic=5aa5bccd
CANN Version: 8.0.RC3, TimeStamp: 20241026152044625
opType=compute_msg, DumpHead: AIV-17, CoreType=AIV, block dim=32, total_block_num=32, block_remain_len=1048448, block_initial_space=1048576, rsv=0, magic=5aa5bccd
CANN Version: 8.0.RC3, TimeStamp: 20241026152044625
opType=compute_msg, DumpHead: AIV-18, CoreType=AIV, block dim=32, total_block_num=32, block_remain_len=1048448, block_initial_space=1048576, rsv=0, magic=5aa5bccd
CANN Version: 8.0.RC3, TimeStamp: 20241026152044625
opType=compute_msg, DumpHead: AIV-19, CoreType=AIV, block dim=32, total_block_num=32, block_remain_len=1048448, block_initial_space=1048576, rsv=0, magic=5aa5bccd
CANN Version: 8.0.RC3, TimeStamp: 20241026152044625
opType=compute_msg, DumpHead: AIV-20, CoreType=AIV, block dim=32, total_block_num=32, block_remain_len=1048448, block_initial_space=1048576, rsv=0, magic=5aa5bccd
CANN Version: 8.0.RC3, TimeStamp: 20241026152044625
opType=compute_msg, DumpHead: AIV-21, CoreType=AIV, block dim=32, total_block_num=32, block_remain_len=1048448, block_initial_space=1048576, rsv=0, magic=5aa5bccd
CANN Version: 8.0.RC3, TimeStamp: 20241026152044625
opType=compute_msg, DumpHead: AIV-22, CoreType=AIV, block dim=32, total_block_num=32, block_remain_len=1048448, block_initial_space=1048576, rsv=0, magic=5aa5bccd
CANN Version: 8.0.RC3, TimeStamp: 20241026152044625
opType=compute_msg, DumpHead: AIV-23, CoreType=AIV, block dim=32, total_block_num=32, block_remain_len=1048448, block_initial_space=1048576, rsv=0, magic=5aa5bccd
CANN Version: 8.0.RC3, TimeStamp: 20241026152044625
opType=compute_msg, DumpHead: AIV-24, CoreType=AIV, block dim=32, total_block_num=32, block_remain_len=1048448, block_initial_space=1048576, rsv=0, magic=5aa5bccd
CANN Version: 8.0.RC3, TimeStamp: 20241026152044625
opType=compute_msg, DumpHead: AIV-25, CoreType=AIV, block dim=32, total_block_num=32, block_remain_len=1048448, block_initial_space=1048576, rsv=0, magic=5aa5bccd
CANN Version: 8.0.RC3, TimeStamp: 20241026152044625
opType=compute_msg, DumpHead: AIV-26, CoreType=AIV, block dim=32, total_block_num=32, block_remain_len=1048448, block_initial_space=1048576, rsv=0, magic=5aa5bccd
CANN Version: 8.0.RC3, TimeStamp: 20241026152044625
opType=compute_msg, DumpHead: AIV-27, CoreType=AIV, block dim=32, total_block_num=32, block_remain_len=1048448, block_initial_space=1048576, rsv=0, magic=5aa5bccd
CANN Version: 8.0.RC3, TimeStamp: 20241026152044625
opType=compute_msg, DumpHead: AIV-28, CoreType=AIV, block dim=32, total_block_num=32, block_remain_len=1048448, block_initial_space=1048576, rsv=0, magic=5aa5bccd
CANN Version: 8.0.RC3, TimeStamp: 20241026152044625
opType=compute_msg, DumpHead: AIV-29, CoreType=AIV, block dim=32, total_block_num=32, block_remain_len=1048448, block_initial_space=1048576, rsv=0, magic=5aa5bccd
CANN Version: 8.0.RC3, TimeStamp: 20241026152044625
opType=compute_msg, DumpHead: AIV-30, CoreType=AIV, block dim=32, total_block_num=32, block_remain_len=1048448, block_initial_space=1048576, rsv=0, magic=5aa5bccd
CANN Version: 8.0.RC3, TimeStamp: 20241026152044625
opType=compute_msg, DumpHead: AIV-31, CoreType=AIV, block dim=32, total_block_num=32, block_remain_len=1048448, block_initial_space=1048576, rsv=0, magic=5aa5bccd
CANN Version: 8.0.RC3, TimeStamp: 20241026152044625
opType=compute_msg, DumpHead: AIV-0, CoreType=AIV, block dim=32, total_block_num=32, block_remain_len=1048408, block_initial_space=1048576, rsv=0, magic=5aa5bccd
CANN Version: 8.0.RC3, TimeStamp: 20241026152044625
Compute Message ...
opType=compute_msg, DumpHead: AIV-1, CoreType=AIV, block dim=32, total_block_num=32, block_remain_len=1048448, block_initial_space=1048576, rsv=0, magic=5aa5bccd
CANN Version: 8.0.RC3, TimeStamp: 20241026152044625
opType=compute_msg, DumpHead: AIV-2, CoreType=AIV, block dim=32, total_block_num=32, block_remain_len=1048448, block_initial_space=1048576, rsv=0, magic=5aa5bccd
CANN Version: 8.0.RC3, TimeStamp: 20241026152044625
opType=compute_msg, DumpHead: AIV-3, CoreType=AIV, block dim=32, total_block_num=32, block_remain_len=1048448, block_initial_space=1048576, rsv=0, magic=5aa5bccd
CANN Version: 8.0.RC3, TimeStamp: 20241026152044625
opType=compute_msg, DumpHead: AIV-4, CoreType=AIV, block dim=32, total_block_num=32, block_remain_len=1048448, block_initial_space=1048576, rsv=0, magic=5aa5bccd
CANN Version: 8.0.RC3, TimeStamp: 20241026152044625
opType=compute_msg, DumpHead: AIV-5, CoreType=AIV, block dim=32, total_block_num=32, block_remain_len=1048448, block_initial_space=1048576, rsv=0, magic=5aa5bccd
CANN Version: 8.0.RC3, TimeStamp: 20241026152044625
opType=compute_msg, DumpHead: AIV-6, CoreType=AIV, block dim=32, total_block_num=32, block_remain_len=1048448, block_initial_space=1048576, rsv=0, magic=5aa5bccd
CANN Version: 8.0.RC3, TimeStamp: 20241026152044625
opType=compute_msg, DumpHead: AIV-7, CoreType=AIV, block dim=32, total_block_num=32, block_remain_len=1048448, block_initial_space=1048576, rsv=0, magic=5aa5bccd
CANN Version: 8.0.RC3, TimeStamp: 20241026152044625
opType=compute_msg, DumpHead: AIV-8, CoreType=AIV, block dim=32, total_block_num=32, block_remain_len=1048448, block_initial_space=1048576, rsv=0, magic=5aa5bccd
CANN Version: 8.0.RC3, TimeStamp: 20241026152044625
opType=compute_msg, DumpHead: AIV-9, CoreType=AIV, block dim=32, total_block_num=32, block_remain_len=1048448, block_initial_space=1048576, rsv=0, magic=5aa5bccd
CANN Version: 8.0.RC3, TimeStamp: 20241026152044625
opType=compute_msg, DumpHead: AIV-10, CoreType=AIV, block dim=32, total_block_num=32, block_remain_len=1048448, block_initial_space=1048576, rsv=0, magic=5aa5bccd
CANN Version: 8.0.RC3, TimeStamp: 20241026152044625
opType=compute_msg, DumpHead: AIV-11, CoreType=AIV, block dim=32, total_block_num=32, block_remain_len=1048448, block_initial_space=1048576, rsv=0, magic=5aa5bccd
CANN Version: 8.0.RC3, TimeStamp: 20241026152044625
opType=compute_msg, DumpHead: AIV-12, CoreType=AIV, block dim=32, total_block_num=32, block_remain_len=1048448, block_initial_space=1048576, rsv=0, magic=5aa5bccd
CANN Version: 8.0.RC3, TimeStamp: 20241026152044625
opType=compute_msg, DumpHead: AIV-13, CoreType=AIV, block dim=32, total_block_num=32, block_remain_len=1048448, block_initial_space=1048576, rsv=0, magic=5aa5bccd
CANN Version: 8.0.RC3, TimeStamp: 20241026152044625
opType=compute_msg, DumpHead: AIV-14, CoreType=AIV, block dim=32, total_block_num=32, block_remain_len=1048448, block_initial_space=1048576, rsv=0, magic=5aa5bccd
CANN Version: 8.0.RC3, TimeStamp: 20241026152044625
opType=compute_msg, DumpHead: AIV-15, CoreType=AIV, block dim=32, total_block_num=32, block_remain_len=1048448, block_initial_space=1048576, rsv=0, magic=5aa5bccd
CANN Version: 8.0.RC3, TimeStamp: 20241026152044625
opType=compute_msg, DumpHead: AIV-16, CoreType=AIV, block dim=32, total_block_num=32, block_remain_len=1048448, block_initial_space=1048576, rsv=0, magic=5aa5bccd
CANN Version: 8.0.RC3, TimeStamp: 20241026152044625
opType=compute_msg, DumpHead: AIV-17, CoreType=AIV, block dim=32, total_block_num=32, block_remain_len=1048448, block_initial_space=1048576, rsv=0, magic=5aa5bccd
CANN Version: 8.0.RC3, TimeStamp: 20241026152044625
opType=compute_msg, DumpHead: AIV-18, CoreType=AIV, block dim=32, total_block_num=32, block_remain_len=1048448, block_initial_space=1048576, rsv=0, magic=5aa5bccd
CANN Version: 8.0.RC3, TimeStamp: 20241026152044625
opType=compute_msg, DumpHead: AIV-19, CoreType=AIV, block dim=32, total_block_num=32, block_remain_len=1048448, block_initial_space=1048576, rsv=0, magic=5aa5bccd
CANN Version: 8.0.RC3, TimeStamp: 20241026152044625
opType=compute_msg, DumpHead: AIV-20, CoreType=AIV, block dim=32, total_block_num=32, block_remain_len=1048448, block_initial_space=1048576, rsv=0, magic=5aa5bccd
CANN Version: 8.0.RC3, TimeStamp: 20241026152044625
opType=compute_msg, DumpHead: AIV-21, CoreType=AIV, block dim=32, total_block_num=32, block_remain_len=1048448, block_initial_space=1048576, rsv=0, magic=5aa5bccd
CANN Version: 8.0.RC3, TimeStamp: 20241026152044625
opType=compute_msg, DumpHead: AIV-22, CoreType=AIV, block dim=32, total_block_num=32, block_remain_len=1048448, block_initial_space=1048576, rsv=0, magic=5aa5bccd
CANN Version: 8.0.RC3, TimeStamp: 20241026152044625
opType=compute_msg, DumpHead: AIV-23, CoreType=AIV, block dim=32, total_block_num=32, block_remain_len=1048448, block_initial_space=1048576, rsv=0, magic=5aa5bccd
CANN Version: 8.0.RC3, TimeStamp: 20241026152044625
opType=compute_msg, DumpHead: AIV-24, CoreType=AIV, block dim=32, total_block_num=32, block_remain_len=1048448, block_initial_space=1048576, rsv=0, magic=5aa5bccd
CANN Version: 8.0.RC3, TimeStamp: 20241026152044625
opType=compute_msg, DumpHead: AIV-25, CoreType=AIV, block dim=32, total_block_num=32, block_remain_len=1048448, block_initial_space=1048576, rsv=0, magic=5aa5bccd
CANN Version: 8.0.RC3, TimeStamp: 20241026152044625
opType=compute_msg, DumpHead: AIV-26, CoreType=AIV, block dim=32, total_block_num=32, block_remain_len=1048448, block_initial_space=1048576, rsv=0, magic=5aa5bccd
CANN Version: 8.0.RC3, TimeStamp: 20241026152044625
opType=compute_msg, DumpHead: AIV-27, CoreType=AIV, block dim=32, total_block_num=32, block_remain_len=1048448, block_initial_space=1048576, rsv=0, magic=5aa5bccd
CANN Version: 8.0.RC3, TimeStamp: 20241026152044625
opType=compute_msg, DumpHead: AIV-28, CoreType=AIV, block dim=32, total_block_num=32, block_remain_len=1048448, block_initial_space=1048576, rsv=0, magic=5aa5bccd
CANN Version: 8.0.RC3, TimeStamp: 20241026152044625
opType=compute_msg, DumpHead: AIV-29, CoreType=AIV, block dim=32, total_block_num=32, block_remain_len=1048448, block_initial_space=1048576, rsv=0, magic=5aa5bccd
CANN Version: 8.0.RC3, TimeStamp: 20241026152044625
opType=compute_msg, DumpHead: AIV-30, CoreType=AIV, block dim=32, total_block_num=32, block_remain_len=1048448, block_initial_space=1048576, rsv=0, magic=5aa5bccd
CANN Version: 8.0.RC3, TimeStamp: 20241026152044625
opType=compute_msg, DumpHead: AIV-31, CoreType=AIV, block dim=32, total_block_num=32, block_remain_len=1048448, block_initial_space=1048576, rsv=0, magic=5aa5bccd
CANN Version: 8.0.RC3, TimeStamp: 20241026152044625
opType=aggregate_msg_split, DumpHead: AIV-0, CoreType=AIV, block dim=32, total_block_num=32, block_remain_len=1048408, block_initial_space=1048576, rsv=0, magic=5aa5bccd
CANN Version: 8.0.RC3, TimeStamp: 20241026152044625
Aggregate Message ...
opType=aggregate_msg_split, DumpHead: AIV-1, CoreType=AIV, block dim=32, total_block_num=32, block_remain_len=1048448, block_initial_space=1048576, rsv=0, magic=5aa5bccd
CANN Version: 8.0.RC3, TimeStamp: 20241026152044625
opType=aggregate_msg_split, DumpHead: AIV-2, CoreType=AIV, block dim=32, total_block_num=32, block_remain_len=1048448, block_initial_space=1048576, rsv=0, magic=5aa5bccd
CANN Version: 8.0.RC3, TimeStamp: 20241026152044625
opType=aggregate_msg_split, DumpHead: AIV-3, CoreType=AIV, block dim=32, total_block_num=32, block_remain_len=1048448, block_initial_space=1048576, rsv=0, magic=5aa5bccd
CANN Version: 8.0.RC3, TimeStamp: 20241026152044625
opType=aggregate_msg_split, DumpHead: AIV-4, CoreType=AIV, block dim=32, total_block_num=32, block_remain_len=1048448, block_initial_space=1048576, rsv=0, magic=5aa5bccd
CANN Version: 8.0.RC3, TimeStamp: 20241026152044625
opType=aggregate_msg_split, DumpHead: AIV-5, CoreType=AIV, block dim=32, total_block_num=32, block_remain_len=1048448, block_initial_space=1048576, rsv=0, magic=5aa5bccd
CANN Version: 8.0.RC3, TimeStamp: 20241026152044625
opType=aggregate_msg_split, DumpHead: AIV-6, CoreType=AIV, block dim=32, total_block_num=32, block_remain_len=1048448, block_initial_space=1048576, rsv=0, magic=5aa5bccd
CANN Version: 8.0.RC3, TimeStamp: 20241026152044625
opType=aggregate_msg_split, DumpHead: AIV-7, CoreType=AIV, block dim=32, total_block_num=32, block_remain_len=1048448, block_initial_space=1048576, rsv=0, magic=5aa5bccd
CANN Version: 8.0.RC3, TimeStamp: 20241026152044625
opType=aggregate_msg_split, DumpHead: AIV-8, CoreType=AIV, block dim=32, total_block_num=32, block_remain_len=1048448, block_initial_space=1048576, rsv=0, magic=5aa5bccd
CANN Version: 8.0.RC3, TimeStamp: 20241026152044625
opType=aggregate_msg_split, DumpHead: AIV-9, CoreType=AIV, block dim=32, total_block_num=32, block_remain_len=1048448, block_initial_space=1048576, rsv=0, magic=5aa5bccd
CANN Version: 8.0.RC3, TimeStamp: 20241026152044625
opType=aggregate_msg_split, DumpHead: AIV-10, CoreType=AIV, block dim=32, total_block_num=32, block_remain_len=1048448, block_initial_space=1048576, rsv=0, magic=5aa5bccd
CANN Version: 8.0.RC3, TimeStamp: 20241026152044625
opType=aggregate_msg_split, DumpHead: AIV-11, CoreType=AIV, block dim=32, total_block_num=32, block_remain_len=1048448, block_initial_space=1048576, rsv=0, magic=5aa5bccd
CANN Version: 8.0.RC3, TimeStamp: 20241026152044625
opType=aggregate_msg_split, DumpHead: AIV-12, CoreType=AIV, block dim=32, total_block_num=32, block_remain_len=1048448, block_initial_space=1048576, rsv=0, magic=5aa5bccd
CANN Version: 8.0.RC3, TimeStamp: 20241026152044625
opType=aggregate_msg_split, DumpHead: AIV-13, CoreType=AIV, block dim=32, total_block_num=32, block_remain_len=1048448, block_initial_space=1048576, rsv=0, magic=5aa5bccd
CANN Version: 8.0.RC3, TimeStamp: 20241026152044625
opType=aggregate_msg_split, DumpHead: AIV-14, CoreType=AIV, block dim=32, total_block_num=32, block_remain_len=1048448, block_initial_space=1048576, rsv=0, magic=5aa5bccd
CANN Version: 8.0.RC3, TimeStamp: 20241026152044625
opType=aggregate_msg_split, DumpHead: AIV-15, CoreType=AIV, block dim=32, total_block_num=32, block_remain_len=1048448, block_initial_space=1048576, rsv=0, magic=5aa5bccd
CANN Version: 8.0.RC3, TimeStamp: 20241026152044625
opType=aggregate_msg_split, DumpHead: AIV-16, CoreType=AIV, block dim=32, total_block_num=32, block_remain_len=1048448, block_initial_space=1048576, rsv=0, magic=5aa5bccd
CANN Version: 8.0.RC3, TimeStamp: 20241026152044625
opType=aggregate_msg_split, DumpHead: AIV-17, CoreType=AIV, block dim=32, total_block_num=32, block_remain_len=1048448, block_initial_space=1048576, rsv=0, magic=5aa5bccd
CANN Version: 8.0.RC3, TimeStamp: 20241026152044625
opType=aggregate_msg_split, DumpHead: AIV-18, CoreType=AIV, block dim=32, total_block_num=32, block_remain_len=1048448, block_initial_space=1048576, rsv=0, magic=5aa5bccd
CANN Version: 8.0.RC3, TimeStamp: 20241026152044625
opType=aggregate_msg_split, DumpHead: AIV-19, CoreType=AIV, block dim=32, total_block_num=32, block_remain_len=1048448, block_initial_space=1048576, rsv=0, magic=5aa5bccd
CANN Version: 8.0.RC3, TimeStamp: 20241026152044625
opType=aggregate_msg_split, DumpHead: AIV-20, CoreType=AIV, block dim=32, total_block_num=32, block_remain_len=1048448, block_initial_space=1048576, rsv=0, magic=5aa5bccd
CANN Version: 8.0.RC3, TimeStamp: 20241026152044625
opType=aggregate_msg_split, DumpHead: AIV-21, CoreType=AIV, block dim=32, total_block_num=32, block_remain_len=1048448, block_initial_space=1048576, rsv=0, magic=5aa5bccd
CANN Version: 8.0.RC3, TimeStamp: 20241026152044625
opType=aggregate_msg_split, DumpHead: AIV-22, CoreType=AIV, block dim=32, total_block_num=32, block_remain_len=1048448, block_initial_space=1048576, rsv=0, magic=5aa5bccd
CANN Version: 8.0.RC3, TimeStamp: 20241026152044625
opType=aggregate_msg_split, DumpHead: AIV-23, CoreType=AIV, block dim=32, total_block_num=32, block_remain_len=1048448, block_initial_space=1048576, rsv=0, magic=5aa5bccd
CANN Version: 8.0.RC3, TimeStamp: 20241026152044625
opType=aggregate_msg_split, DumpHead: AIV-24, CoreType=AIV, block dim=32, total_block_num=32, block_remain_len=1048448, block_initial_space=1048576, rsv=0, magic=5aa5bccd
CANN Version: 8.0.RC3, TimeStamp: 20241026152044625
opType=aggregate_msg_split, DumpHead: AIV-25, CoreType=AIV, block dim=32, total_block_num=32, block_remain_len=1048448, block_initial_space=1048576, rsv=0, magic=5aa5bccd
CANN Version: 8.0.RC3, TimeStamp: 20241026152044625
opType=aggregate_msg_split, DumpHead: AIV-26, CoreType=AIV, block dim=32, total_block_num=32, block_remain_len=1048448, block_initial_space=1048576, rsv=0, magic=5aa5bccd
CANN Version: 8.0.RC3, TimeStamp: 20241026152044625
opType=aggregate_msg_split, DumpHead: AIV-27, CoreType=AIV, block dim=32, total_block_num=32, block_remain_len=1048448, block_initial_space=1048576, rsv=0, magic=5aa5bccd
CANN Version: 8.0.RC3, TimeStamp: 20241026152044625
opType=aggregate_msg_split, DumpHead: AIV-28, CoreType=AIV, block dim=32, total_block_num=32, block_remain_len=1048448, block_initial_space=1048576, rsv=0, magic=5aa5bccd
CANN Version: 8.0.RC3, TimeStamp: 20241026152044625
opType=aggregate_msg_split, DumpHead: AIV-29, CoreType=AIV, block dim=32, total_block_num=32, block_remain_len=1048448, block_initial_space=1048576, rsv=0, magic=5aa5bccd
CANN Version: 8.0.RC3, TimeStamp: 20241026152044625
opType=aggregate_msg_split, DumpHead: AIV-30, CoreType=AIV, block dim=32, total_block_num=32, block_remain_len=1048448, block_initial_space=1048576, rsv=0, magic=5aa5bccd
CANN Version: 8.0.RC3, TimeStamp: 20241026152044625
opType=aggregate_msg_split, DumpHead: AIV-31, CoreType=AIV, block dim=32, total_block_num=32, block_remain_len=1048448, block_initial_space=1048576, rsv=0, magic=5aa5bccd
CANN Version: 8.0.RC3, TimeStamp: 20241026152044625
opType=aggregate_msg_split, DumpHead: AIV-0, CoreType=AIV, block dim=32, total_block_num=32, block_remain_len=1048408, block_initial_space=1048576, rsv=0, magic=5aa5bccd
CANN Version: 8.0.RC3, TimeStamp: 20241026152044625
Aggregate Message ...
opType=aggregate_msg_split, DumpHead: AIV-1, CoreType=AIV, block dim=32, total_block_num=32, block_remain_len=1048448, block_initial_space=1048576, rsv=0, magic=5aa5bccd
CANN Version: 8.0.RC3, TimeStamp: 20241026152044625
opType=aggregate_msg_split, DumpHead: AIV-2, CoreType=AIV, block dim=32, total_block_num=32, block_remain_len=1048448, block_initial_space=1048576, rsv=0, magic=5aa5bccd
CANN Version: 8.0.RC3, TimeStamp: 20241026152044625
opType=aggregate_msg_split, DumpHead: AIV-3, CoreType=AIV, block dim=32, total_block_num=32, block_remain_len=1048448, block_initial_space=1048576, rsv=0, magic=5aa5bccd
CANN Version: 8.0.RC3, TimeStamp: 20241026152044625
opType=aggregate_msg_split, DumpHead: AIV-4, CoreType=AIV, block dim=32, total_block_num=32, block_remain_len=1048448, block_initial_space=1048576, rsv=0, magic=5aa5bccd
CANN Version: 8.0.RC3, TimeStamp: 20241026152044625
opType=aggregate_msg_split, DumpHead: AIV-5, CoreType=AIV, block dim=32, total_block_num=32, block_remain_len=1048448, block_initial_space=1048576, rsv=0, magic=5aa5bccd
CANN Version: 8.0.RC3, TimeStamp: 20241026152044625
opType=aggregate_msg_split, DumpHead: AIV-6, CoreType=AIV, block dim=32, total_block_num=32, block_remain_len=1048448, block_initial_space=1048576, rsv=0, magic=5aa5bccd
CANN Version: 8.0.RC3, TimeStamp: 20241026152044625
opType=aggregate_msg_split, DumpHead: AIV-7, CoreType=AIV, block dim=32, total_block_num=32, block_remain_len=1048448, block_initial_space=1048576, rsv=0, magic=5aa5bccd
CANN Version: 8.0.RC3, TimeStamp: 20241026152044625
opType=aggregate_msg_split, DumpHead: AIV-8, CoreType=AIV, block dim=32, total_block_num=32, block_remain_len=1048448, block_initial_space=1048576, rsv=0, magic=5aa5bccd
CANN Version: 8.0.RC3, TimeStamp: 20241026152044625
opType=aggregate_msg_split, DumpHead: AIV-9, CoreType=AIV, block dim=32, total_block_num=32, block_remain_len=1048448, block_initial_space=1048576, rsv=0, magic=5aa5bccd
CANN Version: 8.0.RC3, TimeStamp: 20241026152044625
opType=aggregate_msg_split, DumpHead: AIV-10, CoreType=AIV, block dim=32, total_block_num=32, block_remain_len=1048448, block_initial_space=1048576, rsv=0, magic=5aa5bccd
CANN Version: 8.0.RC3, TimeStamp: 20241026152044625
opType=aggregate_msg_split, DumpHead: AIV-11, CoreType=AIV, block dim=32, total_block_num=32, block_remain_len=1048448, block_initial_space=1048576, rsv=0, magic=5aa5bccd
CANN Version: 8.0.RC3, TimeStamp: 20241026152044625
opType=aggregate_msg_split, DumpHead: AIV-12, CoreType=AIV, block dim=32, total_block_num=32, block_remain_len=1048448, block_initial_space=1048576, rsv=0, magic=5aa5bccd
CANN Version: 8.0.RC3, TimeStamp: 20241026152044625
opType=aggregate_msg_split, DumpHead: AIV-13, CoreType=AIV, block dim=32, total_block_num=32, block_remain_len=1048448, block_initial_space=1048576, rsv=0, magic=5aa5bccd
CANN Version: 8.0.RC3, TimeStamp: 20241026152044625
opType=aggregate_msg_split, DumpHead: AIV-14, CoreType=AIV, block dim=32, total_block_num=32, block_remain_len=1048448, block_initial_space=1048576, rsv=0, magic=5aa5bccd
CANN Version: 8.0.RC3, TimeStamp: 20241026152044625
opType=aggregate_msg_split, DumpHead: AIV-15, CoreType=AIV, block dim=32, total_block_num=32, block_remain_len=1048448, block_initial_space=1048576, rsv=0, magic=5aa5bccd
CANN Version: 8.0.RC3, TimeStamp: 20241026152044625
opType=aggregate_msg_split, DumpHead: AIV-16, CoreType=AIV, block dim=32, total_block_num=32, block_remain_len=1048448, block_initial_space=1048576, rsv=0, magic=5aa5bccd
CANN Version: 8.0.RC3, TimeStamp: 20241026152044625
opType=aggregate_msg_split, DumpHead: AIV-17, CoreType=AIV, block dim=32, total_block_num=32, block_remain_len=1048448, block_initial_space=1048576, rsv=0, magic=5aa5bccd
CANN Version: 8.0.RC3, TimeStamp: 20241026152044625
opType=aggregate_msg_split, DumpHead: AIV-18, CoreType=AIV, block dim=32, total_block_num=32, block_remain_len=1048448, block_initial_space=1048576, rsv=0, magic=5aa5bccd
CANN Version: 8.0.RC3, TimeStamp: 20241026152044625
opType=aggregate_msg_split, DumpHead: AIV-19, CoreType=AIV, block dim=32, total_block_num=32, block_remain_len=1048448, block_initial_space=1048576, rsv=0, magic=5aa5bccd
CANN Version: 8.0.RC3, TimeStamp: 20241026152044625
opType=aggregate_msg_split, DumpHead: AIV-20, CoreType=AIV, block dim=32, total_block_num=32, block_remain_len=1048448, block_initial_space=1048576, rsv=0, magic=5aa5bccd
CANN Version: 8.0.RC3, TimeStamp: 20241026152044625
opType=aggregate_msg_split, DumpHead: AIV-21, CoreType=AIV, block dim=32, total_block_num=32, block_remain_len=1048448, block_initial_space=1048576, rsv=0, magic=5aa5bccd
CANN Version: 8.0.RC3, TimeStamp: 20241026152044625
opType=aggregate_msg_split, DumpHead: AIV-22, CoreType=AIV, block dim=32, total_block_num=32, block_remain_len=1048448, block_initial_space=1048576, rsv=0, magic=5aa5bccd
CANN Version: 8.0.RC3, TimeStamp: 20241026152044625
opType=aggregate_msg_split, DumpHead: AIV-23, CoreType=AIV, block dim=32, total_block_num=32, block_remain_len=1048448, block_initial_space=1048576, rsv=0, magic=5aa5bccd
CANN Version: 8.0.RC3, TimeStamp: 20241026152044625
opType=aggregate_msg_split, DumpHead: AIV-24, CoreType=AIV, block dim=32, total_block_num=32, block_remain_len=1048448, block_initial_space=1048576, rsv=0, magic=5aa5bccd
CANN Version: 8.0.RC3, TimeStamp: 20241026152044625
opType=aggregate_msg_split, DumpHead: AIV-25, CoreType=AIV, block dim=32, total_block_num=32, block_remain_len=1048448, block_initial_space=1048576, rsv=0, magic=5aa5bccd
CANN Version: 8.0.RC3, TimeStamp: 20241026152044625
opType=aggregate_msg_split, DumpHead: AIV-26, CoreType=AIV, block dim=32, total_block_num=32, block_remain_len=1048448, block_initial_space=1048576, rsv=0, magic=5aa5bccd
CANN Version: 8.0.RC3, TimeStamp: 20241026152044625
opType=aggregate_msg_split, DumpHead: AIV-27, CoreType=AIV, block dim=32, total_block_num=32, block_remain_len=1048448, block_initial_space=1048576, rsv=0, magic=5aa5bccd
CANN Version: 8.0.RC3, TimeStamp: 20241026152044625
opType=aggregate_msg_split, DumpHead: AIV-28, CoreType=AIV, block dim=32, total_block_num=32, block_remain_len=1048448, block_initial_space=1048576, rsv=0, magic=5aa5bccd
CANN Version: 8.0.RC3, TimeStamp: 20241026152044625
opType=aggregate_msg_split, DumpHead: AIV-29, CoreType=AIV, block dim=32, total_block_num=32, block_remain_len=1048448, block_initial_space=1048576, rsv=0, magic=5aa5bccd
CANN Version: 8.0.RC3, TimeStamp: 20241026152044625
opType=aggregate_msg_split, DumpHead: AIV-30, CoreType=AIV, block dim=32, total_block_num=32, block_remain_len=1048448, block_initial_space=1048576, rsv=0, magic=5aa5bccd
CANN Version: 8.0.RC3, TimeStamp: 20241026152044625
opType=aggregate_msg_split, DumpHead: AIV-31, CoreType=AIV, block dim=32, total_block_num=32, block_remain_len=1048448, block_initial_space=1048576, rsv=0, magic=5aa5bccd
CANN Version: 8.0.RC3, TimeStamp: 20241026152044625
opType=aggregate_msg_split, DumpHead: AIV-0, CoreType=AIV, block dim=32, total_block_num=32, block_remain_len=1048408, block_initial_space=1048576, rsv=0, magic=5aa5bccd
CANN Version: 8.0.RC3, TimeStamp: 20241026152044625
Aggregate Message ...
opType=aggregate_msg_split, DumpHead: AIV-1, CoreType=AIV, block dim=32, total_block_num=32, block_remain_len=1048448, block_initial_space=1048576, rsv=0, magic=5aa5bccd
CANN Version: 8.0.RC3, TimeStamp: 20241026152044625
opType=aggregate_msg_split, DumpHead: AIV-2, CoreType=AIV, block dim=32, total_block_num=32, block_remain_len=1048448, block_initial_space=1048576, rsv=0, magic=5aa5bccd
CANN Version: 8.0.RC3, TimeStamp: 20241026152044625
opType=aggregate_msg_split, DumpHead: AIV-3, CoreType=AIV, block dim=32, total_block_num=32, block_remain_len=1048448, block_initial_space=1048576, rsv=0, magic=5aa5bccd
CANN Version: 8.0.RC3, TimeStamp: 20241026152044625
opType=aggregate_msg_split, DumpHead: AIV-4, CoreType=AIV, block dim=32, total_block_num=32, block_remain_len=1048448, block_initial_space=1048576, rsv=0, magic=5aa5bccd
CANN Version: 8.0.RC3, TimeStamp: 20241026152044625
opType=aggregate_msg_split, DumpHead: AIV-5, CoreType=AIV, block dim=32, total_block_num=32, block_remain_len=1048448, block_initial_space=1048576, rsv=0, magic=5aa5bccd
CANN Version: 8.0.RC3, TimeStamp: 20241026152044625
opType=aggregate_msg_split, DumpHead: AIV-6, CoreType=AIV, block dim=32, total_block_num=32, block_remain_len=1048448, block_initial_space=1048576, rsv=0, magic=5aa5bccd
CANN Version: 8.0.RC3, TimeStamp: 20241026152044625
opType=aggregate_msg_split, DumpHead: AIV-7, CoreType=AIV, block dim=32, total_block_num=32, block_remain_len=1048448, block_initial_space=1048576, rsv=0, magic=5aa5bccd
CANN Version: 8.0.RC3, TimeStamp: 20241026152044625
opType=aggregate_msg_split, DumpHead: AIV-8, CoreType=AIV, block dim=32, total_block_num=32, block_remain_len=1048448, block_initial_space=1048576, rsv=0, magic=5aa5bccd
CANN Version: 8.0.RC3, TimeStamp: 20241026152044625
opType=aggregate_msg_split, DumpHead: AIV-9, CoreType=AIV, block dim=32, total_block_num=32, block_remain_len=1048448, block_initial_space=1048576, rsv=0, magic=5aa5bccd
CANN Version: 8.0.RC3, TimeStamp: 20241026152044625
opType=aggregate_msg_split, DumpHead: AIV-10, CoreType=AIV, block dim=32, total_block_num=32, block_remain_len=1048448, block_initial_space=1048576, rsv=0, magic=5aa5bccd
CANN Version: 8.0.RC3, TimeStamp: 20241026152044625
opType=aggregate_msg_split, DumpHead: AIV-11, CoreType=AIV, block dim=32, total_block_num=32, block_remain_len=1048448, block_initial_space=1048576, rsv=0, magic=5aa5bccd
CANN Version: 8.0.RC3, TimeStamp: 20241026152044625
opType=aggregate_msg_split, DumpHead: AIV-12, CoreType=AIV, block dim=32, total_block_num=32, block_remain_len=1048448, block_initial_space=1048576, rsv=0, magic=5aa5bccd
CANN Version: 8.0.RC3, TimeStamp: 20241026152044625
opType=aggregate_msg_split, DumpHead: AIV-13, CoreType=AIV, block dim=32, total_block_num=32, block_remain_len=1048448, block_initial_space=1048576, rsv=0, magic=5aa5bccd
CANN Version: 8.0.RC3, TimeStamp: 20241026152044625
opType=aggregate_msg_split, DumpHead: AIV-14, CoreType=AIV, block dim=32, total_block_num=32, block_remain_len=1048448, block_initial_space=1048576, rsv=0, magic=5aa5bccd
CANN Version: 8.0.RC3, TimeStamp: 20241026152044625
opType=aggregate_msg_split, DumpHead: AIV-15, CoreType=AIV, block dim=32, total_block_num=32, block_remain_len=1048448, block_initial_space=1048576, rsv=0, magic=5aa5bccd
CANN Version: 8.0.RC3, TimeStamp: 20241026152044625
opType=aggregate_msg_split, DumpHead: AIV-16, CoreType=AIV, block dim=32, total_block_num=32, block_remain_len=1048448, block_initial_space=1048576, rsv=0, magic=5aa5bccd
CANN Version: 8.0.RC3, TimeStamp: 20241026152044625
opType=aggregate_msg_split, DumpHead: AIV-17, CoreType=AIV, block dim=32, total_block_num=32, block_remain_len=1048448, block_initial_space=1048576, rsv=0, magic=5aa5bccd
CANN Version: 8.0.RC3, TimeStamp: 20241026152044625
opType=aggregate_msg_split, DumpHead: AIV-18, CoreType=AIV, block dim=32, total_block_num=32, block_remain_len=1048448, block_initial_space=1048576, rsv=0, magic=5aa5bccd
CANN Version: 8.0.RC3, TimeStamp: 20241026152044625
opType=aggregate_msg_split, DumpHead: AIV-19, CoreType=AIV, block dim=32, total_block_num=32, block_remain_len=1048448, block_initial_space=1048576, rsv=0, magic=5aa5bccd
CANN Version: 8.0.RC3, TimeStamp: 20241026152044625
opType=aggregate_msg_split, DumpHead: AIV-20, CoreType=AIV, block dim=32, total_block_num=32, block_remain_len=1048448, block_initial_space=1048576, rsv=0, magic=5aa5bccd
CANN Version: 8.0.RC3, TimeStamp: 20241026152044625
opType=aggregate_msg_split, DumpHead: AIV-21, CoreType=AIV, block dim=32, total_block_num=32, block_remain_len=1048448, block_initial_space=1048576, rsv=0, magic=5aa5bccd
CANN Version: 8.0.RC3, TimeStamp: 20241026152044625
opType=aggregate_msg_split, DumpHead: AIV-22, CoreType=AIV, block dim=32, total_block_num=32, block_remain_len=1048448, block_initial_space=1048576, rsv=0, magic=5aa5bccd
CANN Version: 8.0.RC3, TimeStamp: 20241026152044625
opType=aggregate_msg_split, DumpHead: AIV-23, CoreType=AIV, block dim=32, total_block_num=32, block_remain_len=1048448, block_initial_space=1048576, rsv=0, magic=5aa5bccd
CANN Version: 8.0.RC3, TimeStamp: 20241026152044625
opType=aggregate_msg_split, DumpHead: AIV-24, CoreType=AIV, block dim=32, total_block_num=32, block_remain_len=1048448, block_initial_space=1048576, rsv=0, magic=5aa5bccd
CANN Version: 8.0.RC3, TimeStamp: 20241026152044625
opType=aggregate_msg_split, DumpHead: AIV-25, CoreType=AIV, block dim=32, total_block_num=32, block_remain_len=1048448, block_initial_space=1048576, rsv=0, magic=5aa5bccd
CANN Version: 8.0.RC3, TimeStamp: 20241026152044625
opType=aggregate_msg_split, DumpHead: AIV-26, CoreType=AIV, block dim=32, total_block_num=32, block_remain_len=1048448, block_initial_space=1048576, rsv=0, magic=5aa5bccd
CANN Version: 8.0.RC3, TimeStamp: 20241026152044625
opType=aggregate_msg_split, DumpHead: AIV-27, CoreType=AIV, block dim=32, total_block_num=32, block_remain_len=1048448, block_initial_space=1048576, rsv=0, magic=5aa5bccd
CANN Version: 8.0.RC3, TimeStamp: 20241026152044625
opType=aggregate_msg_split, DumpHead: AIV-28, CoreType=AIV, block dim=32, total_block_num=32, block_remain_len=1048448, block_initial_space=1048576, rsv=0, magic=5aa5bccd
CANN Version: 8.0.RC3, TimeStamp: 20241026152044625
opType=aggregate_msg_split, DumpHead: AIV-29, CoreType=AIV, block dim=32, total_block_num=32, block_remain_len=1048448, block_initial_space=1048576, rsv=0, magic=5aa5bccd
CANN Version: 8.0.RC3, TimeStamp: 20241026152044625
opType=aggregate_msg_split, DumpHead: AIV-30, CoreType=AIV, block dim=32, total_block_num=32, block_remain_len=1048448, block_initial_space=1048576, rsv=0, magic=5aa5bccd
CANN Version: 8.0.RC3, TimeStamp: 20241026152044625
opType=aggregate_msg_split, DumpHead: AIV-31, CoreType=AIV, block dim=32, total_block_num=32, block_remain_len=1048448, block_initial_space=1048576, rsv=0, magic=5aa5bccd
CANN Version: 8.0.RC3, TimeStamp: 20241026152044625
opType=aggregate_msg_split, DumpHead: AIV-0, CoreType=AIV, block dim=32, total_block_num=32, block_remain_len=1048408, block_initial_space=1048576, rsv=0, magic=5aa5bccd
CANN Version: 8.0.RC3, TimeStamp: 20241026152044625
Aggregate Message ...
opType=aggregate_msg_split, DumpHead: AIV-1, CoreType=AIV, block dim=32, total_block_num=32, block_remain_len=1048448, block_initial_space=1048576, rsv=0, magic=5aa5bccd
CANN Version: 8.0.RC3, TimeStamp: 20241026152044625
opType=aggregate_msg_split, DumpHead: AIV-2, CoreType=AIV, block dim=32, total_block_num=32, block_remain_len=1048448, block_initial_space=1048576, rsv=0, magic=5aa5bccd
CANN Version: 8.0.RC3, TimeStamp: 20241026152044625
opType=aggregate_msg_split, DumpHead: AIV-3, CoreType=AIV, block dim=32, total_block_num=32, block_remain_len=1048448, block_initial_space=1048576, rsv=0, magic=5aa5bccd
CANN Version: 8.0.RC3, TimeStamp: 20241026152044625
opType=aggregate_msg_split, DumpHead: AIV-4, CoreType=AIV, block dim=32, total_block_num=32, block_remain_len=1048448, block_initial_space=1048576, rsv=0, magic=5aa5bccd
CANN Version: 8.0.RC3, TimeStamp: 20241026152044625
opType=aggregate_msg_split, DumpHead: AIV-5, CoreType=AIV, block dim=32, total_block_num=32, block_remain_len=1048448, block_initial_space=1048576, rsv=0, magic=5aa5bccd
CANN Version: 8.0.RC3, TimeStamp: 20241026152044625
opType=aggregate_msg_split, DumpHead: AIV-6, CoreType=AIV, block dim=32, total_block_num=32, block_remain_len=1048448, block_initial_space=1048576, rsv=0, magic=5aa5bccd
CANN Version: 8.0.RC3, TimeStamp: 20241026152044625
opType=aggregate_msg_split, DumpHead: AIV-7, CoreType=AIV, block dim=32, total_block_num=32, block_remain_len=1048448, block_initial_space=1048576, rsv=0, magic=5aa5bccd
CANN Version: 8.0.RC3, TimeStamp: 20241026152044625
opType=aggregate_msg_split, DumpHead: AIV-8, CoreType=AIV, block dim=32, total_block_num=32, block_remain_len=1048448, block_initial_space=1048576, rsv=0, magic=5aa5bccd
CANN Version: 8.0.RC3, TimeStamp: 20241026152044625
opType=aggregate_msg_split, DumpHead: AIV-9, CoreType=AIV, block dim=32, total_block_num=32, block_remain_len=1048448, block_initial_space=1048576, rsv=0, magic=5aa5bccd
CANN Version: 8.0.RC3, TimeStamp: 20241026152044625
opType=aggregate_msg_split, DumpHead: AIV-10, CoreType=AIV, block dim=32, total_block_num=32, block_remain_len=1048448, block_initial_space=1048576, rsv=0, magic=5aa5bccd
CANN Version: 8.0.RC3, TimeStamp: 20241026152044625
opType=aggregate_msg_split, DumpHead: AIV-11, CoreType=AIV, block dim=32, total_block_num=32, block_remain_len=1048448, block_initial_space=1048576, rsv=0, magic=5aa5bccd
CANN Version: 8.0.RC3, TimeStamp: 20241026152044625
opType=aggregate_msg_split, DumpHead: AIV-12, CoreType=AIV, block dim=32, total_block_num=32, block_remain_len=1048448, block_initial_space=1048576, rsv=0, magic=5aa5bccd
CANN Version: 8.0.RC3, TimeStamp: 20241026152044625
opType=aggregate_msg_split, DumpHead: AIV-13, CoreType=AIV, block dim=32, total_block_num=32, block_remain_len=1048448, block_initial_space=1048576, rsv=0, magic=5aa5bccd
CANN Version: 8.0.RC3, TimeStamp: 20241026152044625
opType=aggregate_msg_split, DumpHead: AIV-14, CoreType=AIV, block dim=32, total_block_num=32, block_remain_len=1048448, block_initial_space=1048576, rsv=0, magic=5aa5bccd
CANN Version: 8.0.RC3, TimeStamp: 20241026152044625
opType=aggregate_msg_split, DumpHead: AIV-15, CoreType=AIV, block dim=32, total_block_num=32, block_remain_len=1048448, block_initial_space=1048576, rsv=0, magic=5aa5bccd
CANN Version: 8.0.RC3, TimeStamp: 20241026152044625
opType=aggregate_msg_split, DumpHead: AIV-16, CoreType=AIV, block dim=32, total_block_num=32, block_remain_len=1048448, block_initial_space=1048576, rsv=0, magic=5aa5bccd
CANN Version: 8.0.RC3, TimeStamp: 20241026152044625
opType=aggregate_msg_split, DumpHead: AIV-17, CoreType=AIV, block dim=32, total_block_num=32, block_remain_len=1048448, block_initial_space=1048576, rsv=0, magic=5aa5bccd
CANN Version: 8.0.RC3, TimeStamp: 20241026152044625
opType=aggregate_msg_split, DumpHead: AIV-18, CoreType=AIV, block dim=32, total_block_num=32, block_remain_len=1048448, block_initial_space=1048576, rsv=0, magic=5aa5bccd
CANN Version: 8.0.RC3, TimeStamp: 20241026152044625
opType=aggregate_msg_split, DumpHead: AIV-19, CoreType=AIV, block dim=32, total_block_num=32, block_remain_len=1048448, block_initial_space=1048576, rsv=0, magic=5aa5bccd
CANN Version: 8.0.RC3, TimeStamp: 20241026152044625
opType=aggregate_msg_split, DumpHead: AIV-20, CoreType=AIV, block dim=32, total_block_num=32, block_remain_len=1048448, block_initial_space=1048576, rsv=0, magic=5aa5bccd
CANN Version: 8.0.RC3, TimeStamp: 20241026152044625
opType=aggregate_msg_split, DumpHead: AIV-21, CoreType=AIV, block dim=32, total_block_num=32, block_remain_len=1048448, block_initial_space=1048576, rsv=0, magic=5aa5bccd
CANN Version: 8.0.RC3, TimeStamp: 20241026152044625
opType=aggregate_msg_split, DumpHead: AIV-22, CoreType=AIV, block dim=32, total_block_num=32, block_remain_len=1048448, block_initial_space=1048576, rsv=0, magic=5aa5bccd
CANN Version: 8.0.RC3, TimeStamp: 20241026152044625
opType=aggregate_msg_split, DumpHead: AIV-23, CoreType=AIV, block dim=32, total_block_num=32, block_remain_len=1048448, block_initial_space=1048576, rsv=0, magic=5aa5bccd
CANN Version: 8.0.RC3, TimeStamp: 20241026152044625
opType=aggregate_msg_split, DumpHead: AIV-24, CoreType=AIV, block dim=32, total_block_num=32, block_remain_len=1048448, block_initial_space=1048576, rsv=0, magic=5aa5bccd
CANN Version: 8.0.RC3, TimeStamp: 20241026152044625
opType=aggregate_msg_split, DumpHead: AIV-25, CoreType=AIV, block dim=32, total_block_num=32, block_remain_len=1048448, block_initial_space=1048576, rsv=0, magic=5aa5bccd
CANN Version: 8.0.RC3, TimeStamp: 20241026152044625
opType=aggregate_msg_split, DumpHead: AIV-26, CoreType=AIV, block dim=32, total_block_num=32, block_remain_len=1048448, block_initial_space=1048576, rsv=0, magic=5aa5bccd
CANN Version: 8.0.RC3, TimeStamp: 20241026152044625
opType=aggregate_msg_split, DumpHead: AIV-27, CoreType=AIV, block dim=32, total_block_num=32, block_remain_len=1048448, block_initial_space=1048576, rsv=0, magic=5aa5bccd
CANN Version: 8.0.RC3, TimeStamp: 20241026152044625
opType=aggregate_msg_split, DumpHead: AIV-28, CoreType=AIV, block dim=32, total_block_num=32, block_remain_len=1048448, block_initial_space=1048576, rsv=0, magic=5aa5bccd
CANN Version: 8.0.RC3, TimeStamp: 20241026152044625
opType=aggregate_msg_split, DumpHead: AIV-29, CoreType=AIV, block dim=32, total_block_num=32, block_remain_len=1048448, block_initial_space=1048576, rsv=0, magic=5aa5bccd
CANN Version: 8.0.RC3, TimeStamp: 20241026152044625
opType=aggregate_msg_split, DumpHead: AIV-30, CoreType=AIV, block dim=32, total_block_num=32, block_remain_len=1048448, block_initial_space=1048576, rsv=0, magic=5aa5bccd
CANN Version: 8.0.RC3, TimeStamp: 20241026152044625
opType=aggregate_msg_split, DumpHead: AIV-31, CoreType=AIV, block dim=32, total_block_num=32, block_remain_len=1048448, block_initial_space=1048576, rsv=0, magic=5aa5bccd
CANN Version: 8.0.RC3, TimeStamp: 20241026152044625
opType=reset_value, DumpHead: AIV-0, CoreType=AIV, block dim=32, total_block_num=32, block_remain_len=1048408, block_initial_space=1048576, rsv=0, magic=5aa5bccd
CANN Version: 8.0.RC3, TimeStamp: 20241026152044625
Reset Value ...
opType=reset_value, DumpHead: AIV-1, CoreType=AIV, block dim=32, total_block_num=32, block_remain_len=1048448, block_initial_space=1048576, rsv=0, magic=5aa5bccd
CANN Version: 8.0.RC3, TimeStamp: 20241026152044625
opType=reset_value, DumpHead: AIV-2, CoreType=AIV, block dim=32, total_block_num=32, block_remain_len=1048448, block_initial_space=1048576, rsv=0, magic=5aa5bccd
CANN Version: 8.0.RC3, TimeStamp: 20241026152044625
opType=reset_value, DumpHead: AIV-3, CoreType=AIV, block dim=32, total_block_num=32, block_remain_len=1048448, block_initial_space=1048576, rsv=0, magic=5aa5bccd
CANN Version: 8.0.RC3, TimeStamp: 20241026152044625
opType=reset_value, DumpHead: AIV-4, CoreType=AIV, block dim=32, total_block_num=32, block_remain_len=1048448, block_initial_space=1048576, rsv=0, magic=5aa5bccd
CANN Version: 8.0.RC3, TimeStamp: 20241026152044625
opType=reset_value, DumpHead: AIV-5, CoreType=AIV, block dim=32, total_block_num=32, block_remain_len=1048448, block_initial_space=1048576, rsv=0, magic=5aa5bccd
CANN Version: 8.0.RC3, TimeStamp: 20241026152044625
opType=reset_value, DumpHead: AIV-6, CoreType=AIV, block dim=32, total_block_num=32, block_remain_len=1048448, block_initial_space=1048576, rsv=0, magic=5aa5bccd
CANN Version: 8.0.RC3, TimeStamp: 20241026152044625
opType=reset_value, DumpHead: AIV-7, CoreType=AIV, block dim=32, total_block_num=32, block_remain_len=1048448, block_initial_space=1048576, rsv=0, magic=5aa5bccd
CANN Version: 8.0.RC3, TimeStamp: 20241026152044625
opType=reset_value, DumpHead: AIV-8, CoreType=AIV, block dim=32, total_block_num=32, block_remain_len=1048448, block_initial_space=1048576, rsv=0, magic=5aa5bccd
CANN Version: 8.0.RC3, TimeStamp: 20241026152044625
opType=reset_value, DumpHead: AIV-9, CoreType=AIV, block dim=32, total_block_num=32, block_remain_len=1048448, block_initial_space=1048576, rsv=0, magic=5aa5bccd
CANN Version: 8.0.RC3, TimeStamp: 20241026152044625
opType=reset_value, DumpHead: AIV-10, CoreType=AIV, block dim=32, total_block_num=32, block_remain_len=1048448, block_initial_space=1048576, rsv=0, magic=5aa5bccd
CANN Version: 8.0.RC3, TimeStamp: 20241026152044625
opType=reset_value, DumpHead: AIV-11, CoreType=AIV, block dim=32, total_block_num=32, block_remain_len=1048448, block_initial_space=1048576, rsv=0, magic=5aa5bccd
CANN Version: 8.0.RC3, TimeStamp: 20241026152044625
opType=reset_value, DumpHead: AIV-12, CoreType=AIV, block dim=32, total_block_num=32, block_remain_len=1048448, block_initial_space=1048576, rsv=0, magic=5aa5bccd
CANN Version: 8.0.RC3, TimeStamp: 20241026152044625
opType=reset_value, DumpHead: AIV-13, CoreType=AIV, block dim=32, total_block_num=32, block_remain_len=1048448, block_initial_space=1048576, rsv=0, magic=5aa5bccd
CANN Version: 8.0.RC3, TimeStamp: 20241026152044625
opType=reset_value, DumpHead: AIV-14, CoreType=AIV, block dim=32, total_block_num=32, block_remain_len=1048448, block_initial_space=1048576, rsv=0, magic=5aa5bccd
CANN Version: 8.0.RC3, TimeStamp: 20241026152044625
opType=reset_value, DumpHead: AIV-15, CoreType=AIV, block dim=32, total_block_num=32, block_remain_len=1048448, block_initial_space=1048576, rsv=0, magic=5aa5bccd
CANN Version: 8.0.RC3, TimeStamp: 20241026152044625
opType=reset_value, DumpHead: AIV-16, CoreType=AIV, block dim=32, total_block_num=32, block_remain_len=1048448, block_initial_space=1048576, rsv=0, magic=5aa5bccd
CANN Version: 8.0.RC3, TimeStamp: 20241026152044625
opType=reset_value, DumpHead: AIV-17, CoreType=AIV, block dim=32, total_block_num=32, block_remain_len=1048448, block_initial_space=1048576, rsv=0, magic=5aa5bccd
CANN Version: 8.0.RC3, TimeStamp: 20241026152044625
opType=reset_value, DumpHead: AIV-18, CoreType=AIV, block dim=32, total_block_num=32, block_remain_len=1048448, block_initial_space=1048576, rsv=0, magic=5aa5bccd
CANN Version: 8.0.RC3, TimeStamp: 20241026152044625
opType=reset_value, DumpHead: AIV-19, CoreType=AIV, block dim=32, total_block_num=32, block_remain_len=1048448, block_initial_space=1048576, rsv=0, magic=5aa5bccd
CANN Version: 8.0.RC3, TimeStamp: 20241026152044625
opType=reset_value, DumpHead: AIV-20, CoreType=AIV, block dim=32, total_block_num=32, block_remain_len=1048448, block_initial_space=1048576, rsv=0, magic=5aa5bccd
CANN Version: 8.0.RC3, TimeStamp: 20241026152044625
opType=reset_value, DumpHead: AIV-21, CoreType=AIV, block dim=32, total_block_num=32, block_remain_len=1048448, block_initial_space=1048576, rsv=0, magic=5aa5bccd
CANN Version: 8.0.RC3, TimeStamp: 20241026152044625
opType=reset_value, DumpHead: AIV-22, CoreType=AIV, block dim=32, total_block_num=32, block_remain_len=1048448, block_initial_space=1048576, rsv=0, magic=5aa5bccd
CANN Version: 8.0.RC3, TimeStamp: 20241026152044625
opType=reset_value, DumpHead: AIV-23, CoreType=AIV, block dim=32, total_block_num=32, block_remain_len=1048448, block_initial_space=1048576, rsv=0, magic=5aa5bccd
CANN Version: 8.0.RC3, TimeStamp: 20241026152044625
opType=reset_value, DumpHead: AIV-24, CoreType=AIV, block dim=32, total_block_num=32, block_remain_len=1048448, block_initial_space=1048576, rsv=0, magic=5aa5bccd
CANN Version: 8.0.RC3, TimeStamp: 20241026152044625
opType=reset_value, DumpHead: AIV-25, CoreType=AIV, block dim=32, total_block_num=32, block_remain_len=1048448, block_initial_space=1048576, rsv=0, magic=5aa5bccd
CANN Version: 8.0.RC3, TimeStamp: 20241026152044625
opType=reset_value, DumpHead: AIV-26, CoreType=AIV, block dim=32, total_block_num=32, block_remain_len=1048448, block_initial_space=1048576, rsv=0, magic=5aa5bccd
CANN Version: 8.0.RC3, TimeStamp: 20241026152044625
opType=reset_value, DumpHead: AIV-27, CoreType=AIV, block dim=32, total_block_num=32, block_remain_len=1048448, block_initial_space=1048576, rsv=0, magic=5aa5bccd
CANN Version: 8.0.RC3, TimeStamp: 20241026152044625
opType=reset_value, DumpHead: AIV-28, CoreType=AIV, block dim=32, total_block_num=32, block_remain_len=1048448, block_initial_space=1048576, rsv=0, magic=5aa5bccd
CANN Version: 8.0.RC3, TimeStamp: 20241026152044625
opType=reset_value, DumpHead: AIV-29, CoreType=AIV, block dim=32, total_block_num=32, block_remain_len=1048448, block_initial_space=1048576, rsv=0, magic=5aa5bccd
CANN Version: 8.0.RC3, TimeStamp: 20241026152044625
opType=reset_value, DumpHead: AIV-30, CoreType=AIV, block dim=32, total_block_num=32, block_remain_len=1048448, block_initial_space=1048576, rsv=0, magic=5aa5bccd
CANN Version: 8.0.RC3, TimeStamp: 20241026152044625
opType=reset_value, DumpHead: AIV-31, CoreType=AIV, block dim=32, total_block_num=32, block_remain_len=1048448, block_initial_space=1048576, rsv=0, magic=5aa5bccd
CANN Version: 8.0.RC3, TimeStamp: 20241026152044625
opType=reset_value, DumpHead: AIV-0, CoreType=AIV, block dim=32, total_block_num=32, block_remain_len=1048408, block_initial_space=1048576, rsv=0, magic=5aa5bccd
CANN Version: 8.0.RC3, TimeStamp: 20241026152044625
Reset Value ...
opType=reset_value, DumpHead: AIV-1, CoreType=AIV, block dim=32, total_block_num=32, block_remain_len=1048448, block_initial_space=1048576, rsv=0, magic=5aa5bccd
CANN Version: 8.0.RC3, TimeStamp: 20241026152044625
opType=reset_value, DumpHead: AIV-2, CoreType=AIV, block dim=32, total_block_num=32, block_remain_len=1048448, block_initial_space=1048576, rsv=0, magic=5aa5bccd
CANN Version: 8.0.RC3, TimeStamp: 20241026152044625
opType=reset_value, DumpHead: AIV-3, CoreType=AIV, block dim=32, total_block_num=32, block_remain_len=1048448, block_initial_space=1048576, rsv=0, magic=5aa5bccd
CANN Version: 8.0.RC3, TimeStamp: 20241026152044625
opType=reset_value, DumpHead: AIV-4, CoreType=AIV, block dim=32, total_block_num=32, block_remain_len=1048448, block_initial_space=1048576, rsv=0, magic=5aa5bccd
CANN Version: 8.0.RC3, TimeStamp: 20241026152044625
opType=reset_value, DumpHead: AIV-5, CoreType=AIV, block dim=32, total_block_num=32, block_remain_len=1048448, block_initial_space=1048576, rsv=0, magic=5aa5bccd
CANN Version: 8.0.RC3, TimeStamp: 20241026152044625
opType=reset_value, DumpHead: AIV-6, CoreType=AIV, block dim=32, total_block_num=32, block_remain_len=1048448, block_initial_space=1048576, rsv=0, magic=5aa5bccd
CANN Version: 8.0.RC3, TimeStamp: 20241026152044625
opType=reset_value, DumpHead: AIV-7, CoreType=AIV, block dim=32, total_block_num=32, block_remain_len=1048448, block_initial_space=1048576, rsv=0, magic=5aa5bccd
CANN Version: 8.0.RC3, TimeStamp: 20241026152044625
opType=reset_value, DumpHead: AIV-8, CoreType=AIV, block dim=32, total_block_num=32, block_remain_len=1048448, block_initial_space=1048576, rsv=0, magic=5aa5bccd
CANN Version: 8.0.RC3, TimeStamp: 20241026152044625
opType=reset_value, DumpHead: AIV-9, CoreType=AIV, block dim=32, total_block_num=32, block_remain_len=1048448, block_initial_space=1048576, rsv=0, magic=5aa5bccd
CANN Version: 8.0.RC3, TimeStamp: 20241026152044625
opType=reset_value, DumpHead: AIV-10, CoreType=AIV, block dim=32, total_block_num=32, block_remain_len=1048448, block_initial_space=1048576, rsv=0, magic=5aa5bccd
CANN Version: 8.0.RC3, TimeStamp: 20241026152044625
opType=reset_value, DumpHead: AIV-11, CoreType=AIV, block dim=32, total_block_num=32, block_remain_len=1048448, block_initial_space=1048576, rsv=0, magic=5aa5bccd
CANN Version: 8.0.RC3, TimeStamp: 20241026152044625
opType=reset_value, DumpHead: AIV-12, CoreType=AIV, block dim=32, total_block_num=32, block_remain_len=1048448, block_initial_space=1048576, rsv=0, magic=5aa5bccd
CANN Version: 8.0.RC3, TimeStamp: 20241026152044625
opType=reset_value, DumpHead: AIV-13, CoreType=AIV, block dim=32, total_block_num=32, block_remain_len=1048448, block_initial_space=1048576, rsv=0, magic=5aa5bccd
CANN Version: 8.0.RC3, TimeStamp: 20241026152044625
opType=reset_value, DumpHead: AIV-14, CoreType=AIV, block dim=32, total_block_num=32, block_remain_len=1048448, block_initial_space=1048576, rsv=0, magic=5aa5bccd
CANN Version: 8.0.RC3, TimeStamp: 20241026152044625
opType=reset_value, DumpHead: AIV-15, CoreType=AIV, block dim=32, total_block_num=32, block_remain_len=1048448, block_initial_space=1048576, rsv=0, magic=5aa5bccd
CANN Version: 8.0.RC3, TimeStamp: 20241026152044625
opType=reset_value, DumpHead: AIV-16, CoreType=AIV, block dim=32, total_block_num=32, block_remain_len=1048448, block_initial_space=1048576, rsv=0, magic=5aa5bccd
CANN Version: 8.0.RC3, TimeStamp: 20241026152044625
opType=reset_value, DumpHead: AIV-17, CoreType=AIV, block dim=32, total_block_num=32, block_remain_len=1048448, block_initial_space=1048576, rsv=0, magic=5aa5bccd
CANN Version: 8.0.RC3, TimeStamp: 20241026152044625
opType=reset_value, DumpHead: AIV-18, CoreType=AIV, block dim=32, total_block_num=32, block_remain_len=1048448, block_initial_space=1048576, rsv=0, magic=5aa5bccd
CANN Version: 8.0.RC3, TimeStamp: 20241026152044625
opType=reset_value, DumpHead: AIV-19, CoreType=AIV, block dim=32, total_block_num=32, block_remain_len=1048448, block_initial_space=1048576, rsv=0, magic=5aa5bccd
CANN Version: 8.0.RC3, TimeStamp: 20241026152044625
opType=reset_value, DumpHead: AIV-20, CoreType=AIV, block dim=32, total_block_num=32, block_remain_len=1048448, block_initial_space=1048576, rsv=0, magic=5aa5bccd
CANN Version: 8.0.RC3, TimeStamp: 20241026152044625
opType=reset_value, DumpHead: AIV-21, CoreType=AIV, block dim=32, total_block_num=32, block_remain_len=1048448, block_initial_space=1048576, rsv=0, magic=5aa5bccd
CANN Version: 8.0.RC3, TimeStamp: 20241026152044625
opType=reset_value, DumpHead: AIV-22, CoreType=AIV, block dim=32, total_block_num=32, block_remain_len=1048448, block_initial_space=1048576, rsv=0, magic=5aa5bccd
CANN Version: 8.0.RC3, TimeStamp: 20241026152044625
opType=reset_value, DumpHead: AIV-23, CoreType=AIV, block dim=32, total_block_num=32, block_remain_len=1048448, block_initial_space=1048576, rsv=0, magic=5aa5bccd
CANN Version: 8.0.RC3, TimeStamp: 20241026152044625
opType=reset_value, DumpHead: AIV-24, CoreType=AIV, block dim=32, total_block_num=32, block_remain_len=1048448, block_initial_space=1048576, rsv=0, magic=5aa5bccd
CANN Version: 8.0.RC3, TimeStamp: 20241026152044625
opType=reset_value, DumpHead: AIV-25, CoreType=AIV, block dim=32, total_block_num=32, block_remain_len=1048448, block_initial_space=1048576, rsv=0, magic=5aa5bccd
CANN Version: 8.0.RC3, TimeStamp: 20241026152044625
opType=reset_value, DumpHead: AIV-26, CoreType=AIV, block dim=32, total_block_num=32, block_remain_len=1048448, block_initial_space=1048576, rsv=0, magic=5aa5bccd
CANN Version: 8.0.RC3, TimeStamp: 20241026152044625
opType=reset_value, DumpHead: AIV-27, CoreType=AIV, block dim=32, total_block_num=32, block_remain_len=1048448, block_initial_space=1048576, rsv=0, magic=5aa5bccd
CANN Version: 8.0.RC3, TimeStamp: 20241026152044625
opType=reset_value, DumpHead: AIV-28, CoreType=AIV, block dim=32, total_block_num=32, block_remain_len=1048448, block_initial_space=1048576, rsv=0, magic=5aa5bccd
CANN Version: 8.0.RC3, TimeStamp: 20241026152044625
opType=reset_value, DumpHead: AIV-29, CoreType=AIV, block dim=32, total_block_num=32, block_remain_len=1048448, block_initial_space=1048576, rsv=0, magic=5aa5bccd
CANN Version: 8.0.RC3, TimeStamp: 20241026152044625
opType=reset_value, DumpHead: AIV-30, CoreType=AIV, block dim=32, total_block_num=32, block_remain_len=1048448, block_initial_space=1048576, rsv=0, magic=5aa5bccd
CANN Version: 8.0.RC3, TimeStamp: 20241026152044625
opType=reset_value, DumpHead: AIV-31, CoreType=AIV, block dim=32, total_block_num=32, block_remain_len=1048448, block_initial_space=1048576, rsv=0, magic=5aa5bccd
CANN Version: 8.0.RC3, TimeStamp: 20241026152044625
opType=reset_value, DumpHead: AIV-0, CoreType=AIV, block dim=32, total_block_num=32, block_remain_len=1048408, block_initial_space=1048576, rsv=0, magic=5aa5bccd
CANN Version: 8.0.RC3, TimeStamp: 20241026152044625
Reset Value ...
opType=reset_value, DumpHead: AIV-1, CoreType=AIV, block dim=32, total_block_num=32, block_remain_len=1048448, block_initial_space=1048576, rsv=0, magic=5aa5bccd
CANN Version: 8.0.RC3, TimeStamp: 20241026152044625
opType=reset_value, DumpHead: AIV-2, CoreType=AIV, block dim=32, total_block_num=32, block_remain_len=1048448, block_initial_space=1048576, rsv=0, magic=5aa5bccd
CANN Version: 8.0.RC3, TimeStamp: 20241026152044625
opType=reset_value, DumpHead: AIV-3, CoreType=AIV, block dim=32, total_block_num=32, block_remain_len=1048448, block_initial_space=1048576, rsv=0, magic=5aa5bccd
CANN Version: 8.0.RC3, TimeStamp: 20241026152044625
opType=reset_value, DumpHead: AIV-4, CoreType=AIV, block dim=32, total_block_num=32, block_remain_len=1048448, block_initial_space=1048576, rsv=0, magic=5aa5bccd
CANN Version: 8.0.RC3, TimeStamp: 20241026152044625
opType=reset_value, DumpHead: AIV-5, CoreType=AIV, block dim=32, total_block_num=32, block_remain_len=1048448, block_initial_space=1048576, rsv=0, magic=5aa5bccd
CANN Version: 8.0.RC3, TimeStamp: 20241026152044625
opType=reset_value, DumpHead: AIV-6, CoreType=AIV, block dim=32, total_block_num=32, block_remain_len=1048448, block_initial_space=1048576, rsv=0, magic=5aa5bccd
CANN Version: 8.0.RC3, TimeStamp: 20241026152044625
opType=reset_value, DumpHead: AIV-7, CoreType=AIV, block dim=32, total_block_num=32, block_remain_len=1048448, block_initial_space=1048576, rsv=0, magic=5aa5bccd
CANN Version: 8.0.RC3, TimeStamp: 20241026152044625
opType=reset_value, DumpHead: AIV-8, CoreType=AIV, block dim=32, total_block_num=32, block_remain_len=1048448, block_initial_space=1048576, rsv=0, magic=5aa5bccd
CANN Version: 8.0.RC3, TimeStamp: 20241026152044625
opType=reset_value, DumpHead: AIV-9, CoreType=AIV, block dim=32, total_block_num=32, block_remain_len=1048448, block_initial_space=1048576, rsv=0, magic=5aa5bccd
CANN Version: 8.0.RC3, TimeStamp: 20241026152044625
opType=reset_value, DumpHead: AIV-10, CoreType=AIV, block dim=32, total_block_num=32, block_remain_len=1048448, block_initial_space=1048576, rsv=0, magic=5aa5bccd
CANN Version: 8.0.RC3, TimeStamp: 20241026152044625
opType=reset_value, DumpHead: AIV-11, CoreType=AIV, block dim=32, total_block_num=32, block_remain_len=1048448, block_initial_space=1048576, rsv=0, magic=5aa5bccd
CANN Version: 8.0.RC3, TimeStamp: 20241026152044625
opType=reset_value, DumpHead: AIV-12, CoreType=AIV, block dim=32, total_block_num=32, block_remain_len=1048448, block_initial_space=1048576, rsv=0, magic=5aa5bccd
CANN Version: 8.0.RC3, TimeStamp: 20241026152044625
opType=reset_value, DumpHead: AIV-13, CoreType=AIV, block dim=32, total_block_num=32, block_remain_len=1048448, block_initial_space=1048576, rsv=0, magic=5aa5bccd
CANN Version: 8.0.RC3, TimeStamp: 20241026152044625
opType=reset_value, DumpHead: AIV-14, CoreType=AIV, block dim=32, total_block_num=32, block_remain_len=1048448, block_initial_space=1048576, rsv=0, magic=5aa5bccd
CANN Version: 8.0.RC3, TimeStamp: 20241026152044625
opType=reset_value, DumpHead: AIV-15, CoreType=AIV, block dim=32, total_block_num=32, block_remain_len=1048448, block_initial_space=1048576, rsv=0, magic=5aa5bccd
CANN Version: 8.0.RC3, TimeStamp: 20241026152044625
opType=reset_value, DumpHead: AIV-16, CoreType=AIV, block dim=32, total_block_num=32, block_remain_len=1048448, block_initial_space=1048576, rsv=0, magic=5aa5bccd
CANN Version: 8.0.RC3, TimeStamp: 20241026152044625
opType=reset_value, DumpHead: AIV-17, CoreType=AIV, block dim=32, total_block_num=32, block_remain_len=1048448, block_initial_space=1048576, rsv=0, magic=5aa5bccd
CANN Version: 8.0.RC3, TimeStamp: 20241026152044625
opType=reset_value, DumpHead: AIV-18, CoreType=AIV, block dim=32, total_block_num=32, block_remain_len=1048448, block_initial_space=1048576, rsv=0, magic=5aa5bccd
CANN Version: 8.0.RC3, TimeStamp: 20241026152044625
opType=reset_value, DumpHead: AIV-19, CoreType=AIV, block dim=32, total_block_num=32, block_remain_len=1048448, block_initial_space=1048576, rsv=0, magic=5aa5bccd
CANN Version: 8.0.RC3, TimeStamp: 20241026152044625
opType=reset_value, DumpHead: AIV-20, CoreType=AIV, block dim=32, total_block_num=32, block_remain_len=1048448, block_initial_space=1048576, rsv=0, magic=5aa5bccd
CANN Version: 8.0.RC3, TimeStamp: 20241026152044625
opType=reset_value, DumpHead: AIV-21, CoreType=AIV, block dim=32, total_block_num=32, block_remain_len=1048448, block_initial_space=1048576, rsv=0, magic=5aa5bccd
CANN Version: 8.0.RC3, TimeStamp: 20241026152044625
opType=reset_value, DumpHead: AIV-22, CoreType=AIV, block dim=32, total_block_num=32, block_remain_len=1048448, block_initial_space=1048576, rsv=0, magic=5aa5bccd
CANN Version: 8.0.RC3, TimeStamp: 20241026152044625
opType=reset_value, DumpHead: AIV-23, CoreType=AIV, block dim=32, total_block_num=32, block_remain_len=1048448, block_initial_space=1048576, rsv=0, magic=5aa5bccd
CANN Version: 8.0.RC3, TimeStamp: 20241026152044625
opType=reset_value, DumpHead: AIV-24, CoreType=AIV, block dim=32, total_block_num=32, block_remain_len=1048448, block_initial_space=1048576, rsv=0, magic=5aa5bccd
CANN Version: 8.0.RC3, TimeStamp: 20241026152044625
opType=reset_value, DumpHead: AIV-25, CoreType=AIV, block dim=32, total_block_num=32, block_remain_len=1048448, block_initial_space=1048576, rsv=0, magic=5aa5bccd
CANN Version: 8.0.RC3, TimeStamp: 20241026152044625
opType=reset_value, DumpHead: AIV-26, CoreType=AIV, block dim=32, total_block_num=32, block_remain_len=1048448, block_initial_space=1048576, rsv=0, magic=5aa5bccd
CANN Version: 8.0.RC3, TimeStamp: 20241026152044625
opType=reset_value, DumpHead: AIV-27, CoreType=AIV, block dim=32, total_block_num=32, block_remain_len=1048448, block_initial_space=1048576, rsv=0, magic=5aa5bccd
CANN Version: 8.0.RC3, TimeStamp: 20241026152044625
opType=reset_value, DumpHead: AIV-28, CoreType=AIV, block dim=32, total_block_num=32, block_remain_len=1048448, block_initial_space=1048576, rsv=0, magic=5aa5bccd
CANN Version: 8.0.RC3, TimeStamp: 20241026152044625
opType=reset_value, DumpHead: AIV-29, CoreType=AIV, block dim=32, total_block_num=32, block_remain_len=1048448, block_initial_space=1048576, rsv=0, magic=5aa5bccd
CANN Version: 8.0.RC3, TimeStamp: 20241026152044625
opType=reset_value, DumpHead: AIV-30, CoreType=AIV, block dim=32, total_block_num=32, block_remain_len=1048448, block_initial_space=1048576, rsv=0, magic=5aa5bccd
CANN Version: 8.0.RC3, TimeStamp: 20241026152044625
opType=reset_value, DumpHead: AIV-31, CoreType=AIV, block dim=32, total_block_num=32, block_remain_len=1048448, block_initial_space=1048576, rsv=0, magic=5aa5bccd
CANN Version: 8.0.RC3, TimeStamp: 20241026152044625
opType=reset_value, DumpHead: AIV-0, CoreType=AIV, block dim=32, total_block_num=32, block_remain_len=1048408, block_initial_space=1048576, rsv=0, magic=5aa5bccd
CANN Version: 8.0.RC3, TimeStamp: 20241026152044625
Reset Value ...
opType=reset_value, DumpHead: AIV-1, CoreType=AIV, block dim=32, total_block_num=32, block_remain_len=1048448, block_initial_space=1048576, rsv=0, magic=5aa5bccd
CANN Version: 8.0.RC3, TimeStamp: 20241026152044625
opType=reset_value, DumpHead: AIV-2, CoreType=AIV, block dim=32, total_block_num=32, block_remain_len=1048448, block_initial_space=1048576, rsv=0, magic=5aa5bccd
CANN Version: 8.0.RC3, TimeStamp: 20241026152044625
opType=reset_value, DumpHead: AIV-3, CoreType=AIV, block dim=32, total_block_num=32, block_remain_len=1048448, block_initial_space=1048576, rsv=0, magic=5aa5bccd
CANN Version: 8.0.RC3, TimeStamp: 20241026152044625
opType=reset_value, DumpHead: AIV-4, CoreType=AIV, block dim=32, total_block_num=32, block_remain_len=1048448, block_initial_space=1048576, rsv=0, magic=5aa5bccd
CANN Version: 8.0.RC3, TimeStamp: 20241026152044625
opType=reset_value, DumpHead: AIV-5, CoreType=AIV, block dim=32, total_block_num=32, block_remain_len=1048448, block_initial_space=1048576, rsv=0, magic=5aa5bccd
CANN Version: 8.0.RC3, TimeStamp: 20241026152044625
opType=reset_value, DumpHead: AIV-6, CoreType=AIV, block dim=32, total_block_num=32, block_remain_len=1048448, block_initial_space=1048576, rsv=0, magic=5aa5bccd
CANN Version: 8.0.RC3, TimeStamp: 20241026152044625
opType=reset_value, DumpHead: AIV-7, CoreType=AIV, block dim=32, total_block_num=32, block_remain_len=1048448, block_initial_space=1048576, rsv=0, magic=5aa5bccd
CANN Version: 8.0.RC3, TimeStamp: 20241026152044625
opType=reset_value, DumpHead: AIV-8, CoreType=AIV, block dim=32, total_block_num=32, block_remain_len=1048448, block_initial_space=1048576, rsv=0, magic=5aa5bccd
CANN Version: 8.0.RC3, TimeStamp: 20241026152044625
opType=reset_value, DumpHead: AIV-9, CoreType=AIV, block dim=32, total_block_num=32, block_remain_len=1048448, block_initial_space=1048576, rsv=0, magic=5aa5bccd
CANN Version: 8.0.RC3, TimeStamp: 20241026152044625
opType=reset_value, DumpHead: AIV-10, CoreType=AIV, block dim=32, total_block_num=32, block_remain_len=1048448, block_initial_space=1048576, rsv=0, magic=5aa5bccd
CANN Version: 8.0.RC3, TimeStamp: 20241026152044625
opType=reset_value, DumpHead: AIV-11, CoreType=AIV, block dim=32, total_block_num=32, block_remain_len=1048448, block_initial_space=1048576, rsv=0, magic=5aa5bccd
CANN Version: 8.0.RC3, TimeStamp: 20241026152044625
opType=reset_value, DumpHead: AIV-12, CoreType=AIV, block dim=32, total_block_num=32, block_remain_len=1048448, block_initial_space=1048576, rsv=0, magic=5aa5bccd
CANN Version: 8.0.RC3, TimeStamp: 20241026152044625
opType=reset_value, DumpHead: AIV-13, CoreType=AIV, block dim=32, total_block_num=32, block_remain_len=1048448, block_initial_space=1048576, rsv=0, magic=5aa5bccd
CANN Version: 8.0.RC3, TimeStamp: 20241026152044625
opType=reset_value, DumpHead: AIV-14, CoreType=AIV, block dim=32, total_block_num=32, block_remain_len=1048448, block_initial_space=1048576, rsv=0, magic=5aa5bccd
CANN Version: 8.0.RC3, TimeStamp: 20241026152044625
opType=reset_value, DumpHead: AIV-15, CoreType=AIV, block dim=32, total_block_num=32, block_remain_len=1048448, block_initial_space=1048576, rsv=0, magic=5aa5bccd
CANN Version: 8.0.RC3, TimeStamp: 20241026152044625
opType=reset_value, DumpHead: AIV-16, CoreType=AIV, block dim=32, total_block_num=32, block_remain_len=1048448, block_initial_space=1048576, rsv=0, magic=5aa5bccd
CANN Version: 8.0.RC3, TimeStamp: 20241026152044625
opType=reset_value, DumpHead: AIV-17, CoreType=AIV, block dim=32, total_block_num=32, block_remain_len=1048448, block_initial_space=1048576, rsv=0, magic=5aa5bccd
CANN Version: 8.0.RC3, TimeStamp: 20241026152044625
opType=reset_value, DumpHead: AIV-18, CoreType=AIV, block dim=32, total_block_num=32, block_remain_len=1048448, block_initial_space=1048576, rsv=0, magic=5aa5bccd
CANN Version: 8.0.RC3, TimeStamp: 20241026152044625
opType=reset_value, DumpHead: AIV-19, CoreType=AIV, block dim=32, total_block_num=32, block_remain_len=1048448, block_initial_space=1048576, rsv=0, magic=5aa5bccd
CANN Version: 8.0.RC3, TimeStamp: 20241026152044625
opType=reset_value, DumpHead: AIV-20, CoreType=AIV, block dim=32, total_block_num=32, block_remain_len=1048448, block_initial_space=1048576, rsv=0, magic=5aa5bccd
CANN Version: 8.0.RC3, TimeStamp: 20241026152044625
opType=reset_value, DumpHead: AIV-21, CoreType=AIV, block dim=32, total_block_num=32, block_remain_len=1048448, block_initial_space=1048576, rsv=0, magic=5aa5bccd
CANN Version: 8.0.RC3, TimeStamp: 20241026152044625
opType=reset_value, DumpHead: AIV-22, CoreType=AIV, block dim=32, total_block_num=32, block_remain_len=1048448, block_initial_space=1048576, rsv=0, magic=5aa5bccd
CANN Version: 8.0.RC3, TimeStamp: 20241026152044625
opType=reset_value, DumpHead: AIV-23, CoreType=AIV, block dim=32, total_block_num=32, block_remain_len=1048448, block_initial_space=1048576, rsv=0, magic=5aa5bccd
CANN Version: 8.0.RC3, TimeStamp: 20241026152044625
opType=reset_value, DumpHead: AIV-24, CoreType=AIV, block dim=32, total_block_num=32, block_remain_len=1048448, block_initial_space=1048576, rsv=0, magic=5aa5bccd
CANN Version: 8.0.RC3, TimeStamp: 20241026152044625
opType=reset_value, DumpHead: AIV-25, CoreType=AIV, block dim=32, total_block_num=32, block_remain_len=1048448, block_initial_space=1048576, rsv=0, magic=5aa5bccd
CANN Version: 8.0.RC3, TimeStamp: 20241026152044625
opType=reset_value, DumpHead: AIV-26, CoreType=AIV, block dim=32, total_block_num=32, block_remain_len=1048448, block_initial_space=1048576, rsv=0, magic=5aa5bccd
CANN Version: 8.0.RC3, TimeStamp: 20241026152044625
opType=reset_value, DumpHead: AIV-27, CoreType=AIV, block dim=32, total_block_num=32, block_remain_len=1048448, block_initial_space=1048576, rsv=0, magic=5aa5bccd
CANN Version: 8.0.RC3, TimeStamp: 20241026152044625
opType=reset_value, DumpHead: AIV-28, CoreType=AIV, block dim=32, total_block_num=32, block_remain_len=1048448, block_initial_space=1048576, rsv=0, magic=5aa5bccd
CANN Version: 8.0.RC3, TimeStamp: 20241026152044625
opType=reset_value, DumpHead: AIV-29, CoreType=AIV, block dim=32, total_block_num=32, block_remain_len=1048448, block_initial_space=1048576, rsv=0, magic=5aa5bccd
CANN Version: 8.0.RC3, TimeStamp: 20241026152044625
opType=reset_value, DumpHead: AIV-30, CoreType=AIV, block dim=32, total_block_num=32, block_remain_len=1048448, block_initial_space=1048576, rsv=0, magic=5aa5bccd
CANN Version: 8.0.RC3, TimeStamp: 20241026152044625
opType=reset_value, DumpHead: AIV-31, CoreType=AIV, block dim=32, total_block_num=32, block_remain_len=1048448, block_initial_space=1048576, rsv=0, magic=5aa5bccd
CANN Version: 8.0.RC3, TimeStamp: 20241026152044625
opType=compute_msg, DumpHead: AIV-0, CoreType=AIV, block dim=32, total_block_num=32, block_remain_len=1048408, block_initial_space=1048576, rsv=0, magic=5aa5bccd
CANN Version: 8.0.RC3, TimeStamp: 20241026152044625
Compute Message ...
opType=compute_msg, DumpHead: AIV-1, CoreType=AIV, block dim=32, total_block_num=32, block_remain_len=1048448, block_initial_space=1048576, rsv=0, magic=5aa5bccd
CANN Version: 8.0.RC3, TimeStamp: 20241026152044625
opType=compute_msg, DumpHead: AIV-2, CoreType=AIV, block dim=32, total_block_num=32, block_remain_len=1048448, block_initial_space=1048576, rsv=0, magic=5aa5bccd
CANN Version: 8.0.RC3, TimeStamp: 20241026152044625
opType=compute_msg, DumpHead: AIV-3, CoreType=AIV, block dim=32, total_block_num=32, block_remain_len=1048448, block_initial_space=1048576, rsv=0, magic=5aa5bccd
CANN Version: 8.0.RC3, TimeStamp: 20241026152044625
opType=compute_msg, DumpHead: AIV-4, CoreType=AIV, block dim=32, total_block_num=32, block_remain_len=1048448, block_initial_space=1048576, rsv=0, magic=5aa5bccd
CANN Version: 8.0.RC3, TimeStamp: 20241026152044625
opType=compute_msg, DumpHead: AIV-5, CoreType=AIV, block dim=32, total_block_num=32, block_remain_len=1048448, block_initial_space=1048576, rsv=0, magic=5aa5bccd
CANN Version: 8.0.RC3, TimeStamp: 20241026152044625
opType=compute_msg, DumpHead: AIV-6, CoreType=AIV, block dim=32, total_block_num=32, block_remain_len=1048448, block_initial_space=1048576, rsv=0, magic=5aa5bccd
CANN Version: 8.0.RC3, TimeStamp: 20241026152044625
opType=compute_msg, DumpHead: AIV-7, CoreType=AIV, block dim=32, total_block_num=32, block_remain_len=1048448, block_initial_space=1048576, rsv=0, magic=5aa5bccd
CANN Version: 8.0.RC3, TimeStamp: 20241026152044625
opType=compute_msg, DumpHead: AIV-8, CoreType=AIV, block dim=32, total_block_num=32, block_remain_len=1048448, block_initial_space=1048576, rsv=0, magic=5aa5bccd
CANN Version: 8.0.RC3, TimeStamp: 20241026152044625
opType=compute_msg, DumpHead: AIV-9, CoreType=AIV, block dim=32, total_block_num=32, block_remain_len=1048448, block_initial_space=1048576, rsv=0, magic=5aa5bccd
CANN Version: 8.0.RC3, TimeStamp: 20241026152044625
opType=compute_msg, DumpHead: AIV-10, CoreType=AIV, block dim=32, total_block_num=32, block_remain_len=1048448, block_initial_space=1048576, rsv=0, magic=5aa5bccd
CANN Version: 8.0.RC3, TimeStamp: 20241026152044625
opType=compute_msg, DumpHead: AIV-11, CoreType=AIV, block dim=32, total_block_num=32, block_remain_len=1048448, block_initial_space=1048576, rsv=0, magic=5aa5bccd
CANN Version: 8.0.RC3, TimeStamp: 20241026152044625
opType=compute_msg, DumpHead: AIV-12, CoreType=AIV, block dim=32, total_block_num=32, block_remain_len=1048448, block_initial_space=1048576, rsv=0, magic=5aa5bccd
CANN Version: 8.0.RC3, TimeStamp: 20241026152044625
opType=compute_msg, DumpHead: AIV-13, CoreType=AIV, block dim=32, total_block_num=32, block_remain_len=1048448, block_initial_space=1048576, rsv=0, magic=5aa5bccd
CANN Version: 8.0.RC3, TimeStamp: 20241026152044625
opType=compute_msg, DumpHead: AIV-14, CoreType=AIV, block dim=32, total_block_num=32, block_remain_len=1048448, block_initial_space=1048576, rsv=0, magic=5aa5bccd
CANN Version: 8.0.RC3, TimeStamp: 20241026152044625
opType=compute_msg, DumpHead: AIV-15, CoreType=AIV, block dim=32, total_block_num=32, block_remain_len=1048448, block_initial_space=1048576, rsv=0, magic=5aa5bccd
CANN Version: 8.0.RC3, TimeStamp: 20241026152044625
opType=compute_msg, DumpHead: AIV-16, CoreType=AIV, block dim=32, total_block_num=32, block_remain_len=1048448, block_initial_space=1048576, rsv=0, magic=5aa5bccd
CANN Version: 8.0.RC3, TimeStamp: 20241026152044625
opType=compute_msg, DumpHead: AIV-17, CoreType=AIV, block dim=32, total_block_num=32, block_remain_len=1048448, block_initial_space=1048576, rsv=0, magic=5aa5bccd
CANN Version: 8.0.RC3, TimeStamp: 20241026152044625
opType=compute_msg, DumpHead: AIV-18, CoreType=AIV, block dim=32, total_block_num=32, block_remain_len=1048448, block_initial_space=1048576, rsv=0, magic=5aa5bccd
CANN Version: 8.0.RC3, TimeStamp: 20241026152044625
opType=compute_msg, DumpHead: AIV-19, CoreType=AIV, block dim=32, total_block_num=32, block_remain_len=1048448, block_initial_space=1048576, rsv=0, magic=5aa5bccd
CANN Version: 8.0.RC3, TimeStamp: 20241026152044625
opType=compute_msg, DumpHead: AIV-20, CoreType=AIV, block dim=32, total_block_num=32, block_remain_len=1048448, block_initial_space=1048576, rsv=0, magic=5aa5bccd
CANN Version: 8.0.RC3, TimeStamp: 20241026152044625
opType=compute_msg, DumpHead: AIV-21, CoreType=AIV, block dim=32, total_block_num=32, block_remain_len=1048448, block_initial_space=1048576, rsv=0, magic=5aa5bccd
CANN Version: 8.0.RC3, TimeStamp: 20241026152044625
opType=compute_msg, DumpHead: AIV-22, CoreType=AIV, block dim=32, total_block_num=32, block_remain_len=1048448, block_initial_space=1048576, rsv=0, magic=5aa5bccd
CANN Version: 8.0.RC3, TimeStamp: 20241026152044625
opType=compute_msg, DumpHead: AIV-23, CoreType=AIV, block dim=32, total_block_num=32, block_remain_len=1048448, block_initial_space=1048576, rsv=0, magic=5aa5bccd
CANN Version: 8.0.RC3, TimeStamp: 20241026152044625
opType=compute_msg, DumpHead: AIV-24, CoreType=AIV, block dim=32, total_block_num=32, block_remain_len=1048448, block_initial_space=1048576, rsv=0, magic=5aa5bccd
CANN Version: 8.0.RC3, TimeStamp: 20241026152044625
opType=compute_msg, DumpHead: AIV-25, CoreType=AIV, block dim=32, total_block_num=32, block_remain_len=1048448, block_initial_space=1048576, rsv=0, magic=5aa5bccd
CANN Version: 8.0.RC3, TimeStamp: 20241026152044625
opType=compute_msg, DumpHead: AIV-26, CoreType=AIV, block dim=32, total_block_num=32, block_remain_len=1048448, block_initial_space=1048576, rsv=0, magic=5aa5bccd
CANN Version: 8.0.RC3, TimeStamp: 20241026152044625
opType=compute_msg, DumpHead: AIV-27, CoreType=AIV, block dim=32, total_block_num=32, block_remain_len=1048448, block_initial_space=1048576, rsv=0, magic=5aa5bccd
CANN Version: 8.0.RC3, TimeStamp: 20241026152044625
opType=compute_msg, DumpHead: AIV-28, CoreType=AIV, block dim=32, total_block_num=32, block_remain_len=1048448, block_initial_space=1048576, rsv=0, magic=5aa5bccd
CANN Version: 8.0.RC3, TimeStamp: 20241026152044625
opType=compute_msg, DumpHead: AIV-29, CoreType=AIV, block dim=32, total_block_num=32, block_remain_len=1048448, block_initial_space=1048576, rsv=0, magic=5aa5bccd
CANN Version: 8.0.RC3, TimeStamp: 20241026152044625
opType=compute_msg, DumpHead: AIV-30, CoreType=AIV, block dim=32, total_block_num=32, block_remain_len=1048448, block_initial_space=1048576, rsv=0, magic=5aa5bccd
CANN Version: 8.0.RC3, TimeStamp: 20241026152044625
opType=compute_msg, DumpHead: AIV-31, CoreType=AIV, block dim=32, total_block_num=32, block_remain_len=1048448, block_initial_space=1048576, rsv=0, magic=5aa5bccd
CANN Version: 8.0.RC3, TimeStamp: 20241026152044625
opType=compute_msg, DumpHead: AIV-0, CoreType=AIV, block dim=32, total_block_num=32, block_remain_len=1048408, block_initial_space=1048576, rsv=0, magic=5aa5bccd
CANN Version: 8.0.RC3, TimeStamp: 20241026152044625
Compute Message ...
opType=compute_msg, DumpHead: AIV-1, CoreType=AIV, block dim=32, total_block_num=32, block_remain_len=1048448, block_initial_space=1048576, rsv=0, magic=5aa5bccd
CANN Version: 8.0.RC3, TimeStamp: 20241026152044625
opType=compute_msg, DumpHead: AIV-2, CoreType=AIV, block dim=32, total_block_num=32, block_remain_len=1048448, block_initial_space=1048576, rsv=0, magic=5aa5bccd
CANN Version: 8.0.RC3, TimeStamp: 20241026152044625
opType=compute_msg, DumpHead: AIV-3, CoreType=AIV, block dim=32, total_block_num=32, block_remain_len=1048448, block_initial_space=1048576, rsv=0, magic=5aa5bccd
CANN Version: 8.0.RC3, TimeStamp: 20241026152044625
opType=compute_msg, DumpHead: AIV-4, CoreType=AIV, block dim=32, total_block_num=32, block_remain_len=1048448, block_initial_space=1048576, rsv=0, magic=5aa5bccd
CANN Version: 8.0.RC3, TimeStamp: 20241026152044625
opType=compute_msg, DumpHead: AIV-5, CoreType=AIV, block dim=32, total_block_num=32, block_remain_len=1048448, block_initial_space=1048576, rsv=0, magic=5aa5bccd
CANN Version: 8.0.RC3, TimeStamp: 20241026152044625
opType=compute_msg, DumpHead: AIV-6, CoreType=AIV, block dim=32, total_block_num=32, block_remain_len=1048448, block_initial_space=1048576, rsv=0, magic=5aa5bccd
CANN Version: 8.0.RC3, TimeStamp: 20241026152044625
opType=compute_msg, DumpHead: AIV-7, CoreType=AIV, block dim=32, total_block_num=32, block_remain_len=1048448, block_initial_space=1048576, rsv=0, magic=5aa5bccd
CANN Version: 8.0.RC3, TimeStamp: 20241026152044625
opType=compute_msg, DumpHead: AIV-8, CoreType=AIV, block dim=32, total_block_num=32, block_remain_len=1048448, block_initial_space=1048576, rsv=0, magic=5aa5bccd
CANN Version: 8.0.RC3, TimeStamp: 20241026152044625
opType=compute_msg, DumpHead: AIV-9, CoreType=AIV, block dim=32, total_block_num=32, block_remain_len=1048448, block_initial_space=1048576, rsv=0, magic=5aa5bccd
CANN Version: 8.0.RC3, TimeStamp: 20241026152044625
opType=compute_msg, DumpHead: AIV-10, CoreType=AIV, block dim=32, total_block_num=32, block_remain_len=1048448, block_initial_space=1048576, rsv=0, magic=5aa5bccd
CANN Version: 8.0.RC3, TimeStamp: 20241026152044625
opType=compute_msg, DumpHead: AIV-11, CoreType=AIV, block dim=32, total_block_num=32, block_remain_len=1048448, block_initial_space=1048576, rsv=0, magic=5aa5bccd
CANN Version: 8.0.RC3, TimeStamp: 20241026152044625
opType=compute_msg, DumpHead: AIV-12, CoreType=AIV, block dim=32, total_block_num=32, block_remain_len=1048448, block_initial_space=1048576, rsv=0, magic=5aa5bccd
CANN Version: 8.0.RC3, TimeStamp: 20241026152044625
opType=compute_msg, DumpHead: AIV-13, CoreType=AIV, block dim=32, total_block_num=32, block_remain_len=1048448, block_initial_space=1048576, rsv=0, magic=5aa5bccd
CANN Version: 8.0.RC3, TimeStamp: 20241026152044625
opType=compute_msg, DumpHead: AIV-14, CoreType=AIV, block dim=32, total_block_num=32, block_remain_len=1048448, block_initial_space=1048576, rsv=0, magic=5aa5bccd
CANN Version: 8.0.RC3, TimeStamp: 20241026152044625
opType=compute_msg, DumpHead: AIV-15, CoreType=AIV, block dim=32, total_block_num=32, block_remain_len=1048448, block_initial_space=1048576, rsv=0, magic=5aa5bccd
CANN Version: 8.0.RC3, TimeStamp: 20241026152044625
opType=compute_msg, DumpHead: AIV-16, CoreType=AIV, block dim=32, total_block_num=32, block_remain_len=1048448, block_initial_space=1048576, rsv=0, magic=5aa5bccd
CANN Version: 8.0.RC3, TimeStamp: 20241026152044625
opType=compute_msg, DumpHead: AIV-17, CoreType=AIV, block dim=32, total_block_num=32, block_remain_len=1048448, block_initial_space=1048576, rsv=0, magic=5aa5bccd
CANN Version: 8.0.RC3, TimeStamp: 20241026152044625
opType=compute_msg, DumpHead: AIV-18, CoreType=AIV, block dim=32, total_block_num=32, block_remain_len=1048448, block_initial_space=1048576, rsv=0, magic=5aa5bccd
CANN Version: 8.0.RC3, TimeStamp: 20241026152044625
opType=compute_msg, DumpHead: AIV-19, CoreType=AIV, block dim=32, total_block_num=32, block_remain_len=1048448, block_initial_space=1048576, rsv=0, magic=5aa5bccd
CANN Version: 8.0.RC3, TimeStamp: 20241026152044625
opType=compute_msg, DumpHead: AIV-20, CoreType=AIV, block dim=32, total_block_num=32, block_remain_len=1048448, block_initial_space=1048576, rsv=0, magic=5aa5bccd
CANN Version: 8.0.RC3, TimeStamp: 20241026152044625
opType=compute_msg, DumpHead: AIV-21, CoreType=AIV, block dim=32, total_block_num=32, block_remain_len=1048448, block_initial_space=1048576, rsv=0, magic=5aa5bccd
CANN Version: 8.0.RC3, TimeStamp: 20241026152044625
opType=compute_msg, DumpHead: AIV-22, CoreType=AIV, block dim=32, total_block_num=32, block_remain_len=1048448, block_initial_space=1048576, rsv=0, magic=5aa5bccd
CANN Version: 8.0.RC3, TimeStamp: 20241026152044625
opType=compute_msg, DumpHead: AIV-23, CoreType=AIV, block dim=32, total_block_num=32, block_remain_len=1048448, block_initial_space=1048576, rsv=0, magic=5aa5bccd
CANN Version: 8.0.RC3, TimeStamp: 20241026152044625
opType=compute_msg, DumpHead: AIV-24, CoreType=AIV, block dim=32, total_block_num=32, block_remain_len=1048448, block_initial_space=1048576, rsv=0, magic=5aa5bccd
CANN Version: 8.0.RC3, TimeStamp: 20241026152044625
opType=compute_msg, DumpHead: AIV-25, CoreType=AIV, block dim=32, total_block_num=32, block_remain_len=1048448, block_initial_space=1048576, rsv=0, magic=5aa5bccd
CANN Version: 8.0.RC3, TimeStamp: 20241026152044625
opType=compute_msg, DumpHead: AIV-26, CoreType=AIV, block dim=32, total_block_num=32, block_remain_len=1048448, block_initial_space=1048576, rsv=0, magic=5aa5bccd
CANN Version: 8.0.RC3, TimeStamp: 20241026152044625
opType=compute_msg, DumpHead: AIV-27, CoreType=AIV, block dim=32, total_block_num=32, block_remain_len=1048448, block_initial_space=1048576, rsv=0, magic=5aa5bccd
CANN Version: 8.0.RC3, TimeStamp: 20241026152044625
opType=compute_msg, DumpHead: AIV-28, CoreType=AIV, block dim=32, total_block_num=32, block_remain_len=1048448, block_initial_space=1048576, rsv=0, magic=5aa5bccd
CANN Version: 8.0.RC3, TimeStamp: 20241026152044625
opType=compute_msg, DumpHead: AIV-29, CoreType=AIV, block dim=32, total_block_num=32, block_remain_len=1048448, block_initial_space=1048576, rsv=0, magic=5aa5bccd
CANN Version: 8.0.RC3, TimeStamp: 20241026152044625
opType=compute_msg, DumpHead: AIV-30, CoreType=AIV, block dim=32, total_block_num=32, block_remain_len=1048448, block_initial_space=1048576, rsv=0, magic=5aa5bccd
CANN Version: 8.0.RC3, TimeStamp: 20241026152044625
opType=compute_msg, DumpHead: AIV-31, CoreType=AIV, block dim=32, total_block_num=32, block_remain_len=1048448, block_initial_space=1048576, rsv=0, magic=5aa5bccd
CANN Version: 8.0.RC3, TimeStamp: 20241026152044625
opType=compute_msg, DumpHead: AIV-0, CoreType=AIV, block dim=32, total_block_num=32, block_remain_len=1048408, block_initial_space=1048576, rsv=0, magic=5aa5bccd
CANN Version: 8.0.RC3, TimeStamp: 20241026152044625
Compute Message ...
opType=compute_msg, DumpHead: AIV-1, CoreType=AIV, block dim=32, total_block_num=32, block_remain_len=1048448, block_initial_space=1048576, rsv=0, magic=5aa5bccd
CANN Version: 8.0.RC3, TimeStamp: 20241026152044625
opType=compute_msg, DumpHead: AIV-2, CoreType=AIV, block dim=32, total_block_num=32, block_remain_len=1048448, block_initial_space=1048576, rsv=0, magic=5aa5bccd
CANN Version: 8.0.RC3, TimeStamp: 20241026152044625
opType=compute_msg, DumpHead: AIV-3, CoreType=AIV, block dim=32, total_block_num=32, block_remain_len=1048448, block_initial_space=1048576, rsv=0, magic=5aa5bccd
CANN Version: 8.0.RC3, TimeStamp: 20241026152044625
opType=compute_msg, DumpHead: AIV-4, CoreType=AIV, block dim=32, total_block_num=32, block_remain_len=1048448, block_initial_space=1048576, rsv=0, magic=5aa5bccd
CANN Version: 8.0.RC3, TimeStamp: 20241026152044625
opType=compute_msg, DumpHead: AIV-5, CoreType=AIV, block dim=32, total_block_num=32, block_remain_len=1048448, block_initial_space=1048576, rsv=0, magic=5aa5bccd
CANN Version: 8.0.RC3, TimeStamp: 20241026152044625
opType=compute_msg, DumpHead: AIV-6, CoreType=AIV, block dim=32, total_block_num=32, block_remain_len=1048448, block_initial_space=1048576, rsv=0, magic=5aa5bccd
CANN Version: 8.0.RC3, TimeStamp: 20241026152044625
opType=compute_msg, DumpHead: AIV-7, CoreType=AIV, block dim=32, total_block_num=32, block_remain_len=1048448, block_initial_space=1048576, rsv=0, magic=5aa5bccd
CANN Version: 8.0.RC3, TimeStamp: 20241026152044625
opType=compute_msg, DumpHead: AIV-8, CoreType=AIV, block dim=32, total_block_num=32, block_remain_len=1048448, block_initial_space=1048576, rsv=0, magic=5aa5bccd
CANN Version: 8.0.RC3, TimeStamp: 20241026152044625
opType=compute_msg, DumpHead: AIV-9, CoreType=AIV, block dim=32, total_block_num=32, block_remain_len=1048448, block_initial_space=1048576, rsv=0, magic=5aa5bccd
CANN Version: 8.0.RC3, TimeStamp: 20241026152044625
opType=compute_msg, DumpHead: AIV-10, CoreType=AIV, block dim=32, total_block_num=32, block_remain_len=1048448, block_initial_space=1048576, rsv=0, magic=5aa5bccd
CANN Version: 8.0.RC3, TimeStamp: 20241026152044625
opType=compute_msg, DumpHead: AIV-11, CoreType=AIV, block dim=32, total_block_num=32, block_remain_len=1048448, block_initial_space=1048576, rsv=0, magic=5aa5bccd
CANN Version: 8.0.RC3, TimeStamp: 20241026152044625
opType=compute_msg, DumpHead: AIV-12, CoreType=AIV, block dim=32, total_block_num=32, block_remain_len=1048448, block_initial_space=1048576, rsv=0, magic=5aa5bccd
CANN Version: 8.0.RC3, TimeStamp: 20241026152044625
opType=compute_msg, DumpHead: AIV-13, CoreType=AIV, block dim=32, total_block_num=32, block_remain_len=1048448, block_initial_space=1048576, rsv=0, magic=5aa5bccd
CANN Version: 8.0.RC3, TimeStamp: 20241026152044625
opType=compute_msg, DumpHead: AIV-14, CoreType=AIV, block dim=32, total_block_num=32, block_remain_len=1048448, block_initial_space=1048576, rsv=0, magic=5aa5bccd
CANN Version: 8.0.RC3, TimeStamp: 20241026152044625
opType=compute_msg, DumpHead: AIV-15, CoreType=AIV, block dim=32, total_block_num=32, block_remain_len=1048448, block_initial_space=1048576, rsv=0, magic=5aa5bccd
CANN Version: 8.0.RC3, TimeStamp: 20241026152044625
opType=compute_msg, DumpHead: AIV-16, CoreType=AIV, block dim=32, total_block_num=32, block_remain_len=1048448, block_initial_space=1048576, rsv=0, magic=5aa5bccd
CANN Version: 8.0.RC3, TimeStamp: 20241026152044625
opType=compute_msg, DumpHead: AIV-17, CoreType=AIV, block dim=32, total_block_num=32, block_remain_len=1048448, block_initial_space=1048576, rsv=0, magic=5aa5bccd
CANN Version: 8.0.RC3, TimeStamp: 20241026152044625
opType=compute_msg, DumpHead: AIV-18, CoreType=AIV, block dim=32, total_block_num=32, block_remain_len=1048448, block_initial_space=1048576, rsv=0, magic=5aa5bccd
CANN Version: 8.0.RC3, TimeStamp: 20241026152044625
opType=compute_msg, DumpHead: AIV-19, CoreType=AIV, block dim=32, total_block_num=32, block_remain_len=1048448, block_initial_space=1048576, rsv=0, magic=5aa5bccd
CANN Version: 8.0.RC3, TimeStamp: 20241026152044625
opType=compute_msg, DumpHead: AIV-20, CoreType=AIV, block dim=32, total_block_num=32, block_remain_len=1048448, block_initial_space=1048576, rsv=0, magic=5aa5bccd
CANN Version: 8.0.RC3, TimeStamp: 20241026152044625
opType=compute_msg, DumpHead: AIV-21, CoreType=AIV, block dim=32, total_block_num=32, block_remain_len=1048448, block_initial_space=1048576, rsv=0, magic=5aa5bccd
CANN Version: 8.0.RC3, TimeStamp: 20241026152044625
opType=compute_msg, DumpHead: AIV-22, CoreType=AIV, block dim=32, total_block_num=32, block_remain_len=1048448, block_initial_space=1048576, rsv=0, magic=5aa5bccd
CANN Version: 8.0.RC3, TimeStamp: 20241026152044625
opType=compute_msg, DumpHead: AIV-23, CoreType=AIV, block dim=32, total_block_num=32, block_remain_len=1048448, block_initial_space=1048576, rsv=0, magic=5aa5bccd
CANN Version: 8.0.RC3, TimeStamp: 20241026152044625
opType=compute_msg, DumpHead: AIV-24, CoreType=AIV, block dim=32, total_block_num=32, block_remain_len=1048448, block_initial_space=1048576, rsv=0, magic=5aa5bccd
CANN Version: 8.0.RC3, TimeStamp: 20241026152044625
opType=compute_msg, DumpHead: AIV-25, CoreType=AIV, block dim=32, total_block_num=32, block_remain_len=1048448, block_initial_space=1048576, rsv=0, magic=5aa5bccd
CANN Version: 8.0.RC3, TimeStamp: 20241026152044625
opType=compute_msg, DumpHead: AIV-26, CoreType=AIV, block dim=32, total_block_num=32, block_remain_len=1048448, block_initial_space=1048576, rsv=0, magic=5aa5bccd
CANN Version: 8.0.RC3, TimeStamp: 20241026152044625
opType=compute_msg, DumpHead: AIV-27, CoreType=AIV, block dim=32, total_block_num=32, block_remain_len=1048448, block_initial_space=1048576, rsv=0, magic=5aa5bccd
CANN Version: 8.0.RC3, TimeStamp: 20241026152044625
opType=compute_msg, DumpHead: AIV-28, CoreType=AIV, block dim=32, total_block_num=32, block_remain_len=1048448, block_initial_space=1048576, rsv=0, magic=5aa5bccd
CANN Version: 8.0.RC3, TimeStamp: 20241026152044625
opType=compute_msg, DumpHead: AIV-29, CoreType=AIV, block dim=32, total_block_num=32, block_remain_len=1048448, block_initial_space=1048576, rsv=0, magic=5aa5bccd
CANN Version: 8.0.RC3, TimeStamp: 20241026152044625
opType=compute_msg, DumpHead: AIV-30, CoreType=AIV, block dim=32, total_block_num=32, block_remain_len=1048448, block_initial_space=1048576, rsv=0, magic=5aa5bccd
CANN Version: 8.0.RC3, TimeStamp: 20241026152044625
opType=compute_msg, DumpHead: AIV-31, CoreType=AIV, block dim=32, total_block_num=32, block_remain_len=1048448, block_initial_space=1048576, rsv=0, magic=5aa5bccd
CANN Version: 8.0.RC3, TimeStamp: 20241026152044625
opType=compute_msg, DumpHead: AIV-0, CoreType=AIV, block dim=32, total_block_num=32, block_remain_len=1048408, block_initial_space=1048576, rsv=0, magic=5aa5bccd
CANN Version: 8.0.RC3, TimeStamp: 20241026152044625
Compute Message ...
opType=compute_msg, DumpHead: AIV-1, CoreType=AIV, block dim=32, total_block_num=32, block_remain_len=1048448, block_initial_space=1048576, rsv=0, magic=5aa5bccd
CANN Version: 8.0.RC3, TimeStamp: 20241026152044625
opType=compute_msg, DumpHead: AIV-2, CoreType=AIV, block dim=32, total_block_num=32, block_remain_len=1048448, block_initial_space=1048576, rsv=0, magic=5aa5bccd
CANN Version: 8.0.RC3, TimeStamp: 20241026152044625
opType=compute_msg, DumpHead: AIV-3, CoreType=AIV, block dim=32, total_block_num=32, block_remain_len=1048448, block_initial_space=1048576, rsv=0, magic=5aa5bccd
CANN Version: 8.0.RC3, TimeStamp: 20241026152044625
opType=compute_msg, DumpHead: AIV-4, CoreType=AIV, block dim=32, total_block_num=32, block_remain_len=1048448, block_initial_space=1048576, rsv=0, magic=5aa5bccd
CANN Version: 8.0.RC3, TimeStamp: 20241026152044625
opType=compute_msg, DumpHead: AIV-5, CoreType=AIV, block dim=32, total_block_num=32, block_remain_len=1048448, block_initial_space=1048576, rsv=0, magic=5aa5bccd
CANN Version: 8.0.RC3, TimeStamp: 20241026152044625
opType=compute_msg, DumpHead: AIV-6, CoreType=AIV, block dim=32, total_block_num=32, block_remain_len=1048448, block_initial_space=1048576, rsv=0, magic=5aa5bccd
CANN Version: 8.0.RC3, TimeStamp: 20241026152044625
opType=compute_msg, DumpHead: AIV-7, CoreType=AIV, block dim=32, total_block_num=32, block_remain_len=1048448, block_initial_space=1048576, rsv=0, magic=5aa5bccd
CANN Version: 8.0.RC3, TimeStamp: 20241026152044625
opType=compute_msg, DumpHead: AIV-8, CoreType=AIV, block dim=32, total_block_num=32, block_remain_len=1048448, block_initial_space=1048576, rsv=0, magic=5aa5bccd
CANN Version: 8.0.RC3, TimeStamp: 20241026152044625
opType=compute_msg, DumpHead: AIV-9, CoreType=AIV, block dim=32, total_block_num=32, block_remain_len=1048448, block_initial_space=1048576, rsv=0, magic=5aa5bccd
CANN Version: 8.0.RC3, TimeStamp: 20241026152044625
opType=compute_msg, DumpHead: AIV-10, CoreType=AIV, block dim=32, total_block_num=32, block_remain_len=1048448, block_initial_space=1048576, rsv=0, magic=5aa5bccd
CANN Version: 8.0.RC3, TimeStamp: 20241026152044625
opType=compute_msg, DumpHead: AIV-11, CoreType=AIV, block dim=32, total_block_num=32, block_remain_len=1048448, block_initial_space=1048576, rsv=0, magic=5aa5bccd
CANN Version: 8.0.RC3, TimeStamp: 20241026152044625
opType=compute_msg, DumpHead: AIV-12, CoreType=AIV, block dim=32, total_block_num=32, block_remain_len=1048448, block_initial_space=1048576, rsv=0, magic=5aa5bccd
CANN Version: 8.0.RC3, TimeStamp: 20241026152044625
opType=compute_msg, DumpHead: AIV-13, CoreType=AIV, block dim=32, total_block_num=32, block_remain_len=1048448, block_initial_space=1048576, rsv=0, magic=5aa5bccd
CANN Version: 8.0.RC3, TimeStamp: 20241026152044625
opType=compute_msg, DumpHead: AIV-14, CoreType=AIV, block dim=32, total_block_num=32, block_remain_len=1048448, block_initial_space=1048576, rsv=0, magic=5aa5bccd
CANN Version: 8.0.RC3, TimeStamp: 20241026152044625
opType=compute_msg, DumpHead: AIV-15, CoreType=AIV, block dim=32, total_block_num=32, block_remain_len=1048448, block_initial_space=1048576, rsv=0, magic=5aa5bccd
CANN Version: 8.0.RC3, TimeStamp: 20241026152044625
opType=compute_msg, DumpHead: AIV-16, CoreType=AIV, block dim=32, total_block_num=32, block_remain_len=1048448, block_initial_space=1048576, rsv=0, magic=5aa5bccd
CANN Version: 8.0.RC3, TimeStamp: 20241026152044625
opType=compute_msg, DumpHead: AIV-17, CoreType=AIV, block dim=32, total_block_num=32, block_remain_len=1048448, block_initial_space=1048576, rsv=0, magic=5aa5bccd
CANN Version: 8.0.RC3, TimeStamp: 20241026152044625
opType=compute_msg, DumpHead: AIV-18, CoreType=AIV, block dim=32, total_block_num=32, block_remain_len=1048448, block_initial_space=1048576, rsv=0, magic=5aa5bccd
CANN Version: 8.0.RC3, TimeStamp: 20241026152044625
opType=compute_msg, DumpHead: AIV-19, CoreType=AIV, block dim=32, total_block_num=32, block_remain_len=1048448, block_initial_space=1048576, rsv=0, magic=5aa5bccd
CANN Version: 8.0.RC3, TimeStamp: 20241026152044625
opType=compute_msg, DumpHead: AIV-20, CoreType=AIV, block dim=32, total_block_num=32, block_remain_len=1048448, block_initial_space=1048576, rsv=0, magic=5aa5bccd
CANN Version: 8.0.RC3, TimeStamp: 20241026152044625
opType=compute_msg, DumpHead: AIV-21, CoreType=AIV, block dim=32, total_block_num=32, block_remain_len=1048448, block_initial_space=1048576, rsv=0, magic=5aa5bccd
CANN Version: 8.0.RC3, TimeStamp: 20241026152044625
opType=compute_msg, DumpHead: AIV-22, CoreType=AIV, block dim=32, total_block_num=32, block_remain_len=1048448, block_initial_space=1048576, rsv=0, magic=5aa5bccd
CANN Version: 8.0.RC3, TimeStamp: 20241026152044625
opType=compute_msg, DumpHead: AIV-23, CoreType=AIV, block dim=32, total_block_num=32, block_remain_len=1048448, block_initial_space=1048576, rsv=0, magic=5aa5bccd
CANN Version: 8.0.RC3, TimeStamp: 20241026152044625
opType=compute_msg, DumpHead: AIV-24, CoreType=AIV, block dim=32, total_block_num=32, block_remain_len=1048448, block_initial_space=1048576, rsv=0, magic=5aa5bccd
CANN Version: 8.0.RC3, TimeStamp: 20241026152044625
opType=compute_msg, DumpHead: AIV-25, CoreType=AIV, block dim=32, total_block_num=32, block_remain_len=1048448, block_initial_space=1048576, rsv=0, magic=5aa5bccd
CANN Version: 8.0.RC3, TimeStamp: 20241026152044625
opType=compute_msg, DumpHead: AIV-26, CoreType=AIV, block dim=32, total_block_num=32, block_remain_len=1048448, block_initial_space=1048576, rsv=0, magic=5aa5bccd
CANN Version: 8.0.RC3, TimeStamp: 20241026152044625
opType=compute_msg, DumpHead: AIV-27, CoreType=AIV, block dim=32, total_block_num=32, block_remain_len=1048448, block_initial_space=1048576, rsv=0, magic=5aa5bccd
CANN Version: 8.0.RC3, TimeStamp: 20241026152044625
opType=compute_msg, DumpHead: AIV-28, CoreType=AIV, block dim=32, total_block_num=32, block_remain_len=1048448, block_initial_space=1048576, rsv=0, magic=5aa5bccd
CANN Version: 8.0.RC3, TimeStamp: 20241026152044625
opType=compute_msg, DumpHead: AIV-29, CoreType=AIV, block dim=32, total_block_num=32, block_remain_len=1048448, block_initial_space=1048576, rsv=0, magic=5aa5bccd
CANN Version: 8.0.RC3, TimeStamp: 20241026152044625
opType=compute_msg, DumpHead: AIV-30, CoreType=AIV, block dim=32, total_block_num=32, block_remain_len=1048448, block_initial_space=1048576, rsv=0, magic=5aa5bccd
CANN Version: 8.0.RC3, TimeStamp: 20241026152044625
opType=compute_msg, DumpHead: AIV-31, CoreType=AIV, block dim=32, total_block_num=32, block_remain_len=1048448, block_initial_space=1048576, rsv=0, magic=5aa5bccd
CANN Version: 8.0.RC3, TimeStamp: 20241026152044625
opType=aggregate_msg_split, DumpHead: AIV-0, CoreType=AIV, block dim=32, total_block_num=32, block_remain_len=1048408, block_initial_space=1048576, rsv=0, magic=5aa5bccd
CANN Version: 8.0.RC3, TimeStamp: 20241026152044625
Aggregate Message ...
opType=aggregate_msg_split, DumpHead: AIV-1, CoreType=AIV, block dim=32, total_block_num=32, block_remain_len=1048448, block_initial_space=1048576, rsv=0, magic=5aa5bccd
CANN Version: 8.0.RC3, TimeStamp: 20241026152044625
opType=aggregate_msg_split, DumpHead: AIV-2, CoreType=AIV, block dim=32, total_block_num=32, block_remain_len=1048448, block_initial_space=1048576, rsv=0, magic=5aa5bccd
CANN Version: 8.0.RC3, TimeStamp: 20241026152044625
opType=aggregate_msg_split, DumpHead: AIV-3, CoreType=AIV, block dim=32, total_block_num=32, block_remain_len=1048448, block_initial_space=1048576, rsv=0, magic=5aa5bccd
CANN Version: 8.0.RC3, TimeStamp: 20241026152044625
opType=aggregate_msg_split, DumpHead: AIV-4, CoreType=AIV, block dim=32, total_block_num=32, block_remain_len=1048448, block_initial_space=1048576, rsv=0, magic=5aa5bccd
CANN Version: 8.0.RC3, TimeStamp: 20241026152044625
opType=aggregate_msg_split, DumpHead: AIV-5, CoreType=AIV, block dim=32, total_block_num=32, block_remain_len=1048448, block_initial_space=1048576, rsv=0, magic=5aa5bccd
CANN Version: 8.0.RC3, TimeStamp: 20241026152044625
opType=aggregate_msg_split, DumpHead: AIV-6, CoreType=AIV, block dim=32, total_block_num=32, block_remain_len=1048448, block_initial_space=1048576, rsv=0, magic=5aa5bccd
CANN Version: 8.0.RC3, TimeStamp: 20241026152044625
opType=aggregate_msg_split, DumpHead: AIV-7, CoreType=AIV, block dim=32, total_block_num=32, block_remain_len=1048448, block_initial_space=1048576, rsv=0, magic=5aa5bccd
CANN Version: 8.0.RC3, TimeStamp: 20241026152044625
opType=aggregate_msg_split, DumpHead: AIV-8, CoreType=AIV, block dim=32, total_block_num=32, block_remain_len=1048448, block_initial_space=1048576, rsv=0, magic=5aa5bccd
CANN Version: 8.0.RC3, TimeStamp: 20241026152044625
opType=aggregate_msg_split, DumpHead: AIV-9, CoreType=AIV, block dim=32, total_block_num=32, block_remain_len=1048448, block_initial_space=1048576, rsv=0, magic=5aa5bccd
CANN Version: 8.0.RC3, TimeStamp: 20241026152044625
opType=aggregate_msg_split, DumpHead: AIV-10, CoreType=AIV, block dim=32, total_block_num=32, block_remain_len=1048448, block_initial_space=1048576, rsv=0, magic=5aa5bccd
CANN Version: 8.0.RC3, TimeStamp: 20241026152044625
opType=aggregate_msg_split, DumpHead: AIV-11, CoreType=AIV, block dim=32, total_block_num=32, block_remain_len=1048448, block_initial_space=1048576, rsv=0, magic=5aa5bccd
CANN Version: 8.0.RC3, TimeStamp: 20241026152044625
opType=aggregate_msg_split, DumpHead: AIV-12, CoreType=AIV, block dim=32, total_block_num=32, block_remain_len=1048448, block_initial_space=1048576, rsv=0, magic=5aa5bccd
CANN Version: 8.0.RC3, TimeStamp: 20241026152044625
opType=aggregate_msg_split, DumpHead: AIV-13, CoreType=AIV, block dim=32, total_block_num=32, block_remain_len=1048448, block_initial_space=1048576, rsv=0, magic=5aa5bccd
CANN Version: 8.0.RC3, TimeStamp: 20241026152044625
opType=aggregate_msg_split, DumpHead: AIV-14, CoreType=AIV, block dim=32, total_block_num=32, block_remain_len=1048448, block_initial_space=1048576, rsv=0, magic=5aa5bccd
CANN Version: 8.0.RC3, TimeStamp: 20241026152044625
opType=aggregate_msg_split, DumpHead: AIV-15, CoreType=AIV, block dim=32, total_block_num=32, block_remain_len=1048448, block_initial_space=1048576, rsv=0, magic=5aa5bccd
CANN Version: 8.0.RC3, TimeStamp: 20241026152044625
opType=aggregate_msg_split, DumpHead: AIV-16, CoreType=AIV, block dim=32, total_block_num=32, block_remain_len=1048448, block_initial_space=1048576, rsv=0, magic=5aa5bccd
CANN Version: 8.0.RC3, TimeStamp: 20241026152044625
opType=aggregate_msg_split, DumpHead: AIV-17, CoreType=AIV, block dim=32, total_block_num=32, block_remain_len=1048448, block_initial_space=1048576, rsv=0, magic=5aa5bccd
CANN Version: 8.0.RC3, TimeStamp: 20241026152044625
opType=aggregate_msg_split, DumpHead: AIV-18, CoreType=AIV, block dim=32, total_block_num=32, block_remain_len=1048448, block_initial_space=1048576, rsv=0, magic=5aa5bccd
CANN Version: 8.0.RC3, TimeStamp: 20241026152044625
opType=aggregate_msg_split, DumpHead: AIV-19, CoreType=AIV, block dim=32, total_block_num=32, block_remain_len=1048448, block_initial_space=1048576, rsv=0, magic=5aa5bccd
CANN Version: 8.0.RC3, TimeStamp: 20241026152044625
opType=aggregate_msg_split, DumpHead: AIV-20, CoreType=AIV, block dim=32, total_block_num=32, block_remain_len=1048448, block_initial_space=1048576, rsv=0, magic=5aa5bccd
CANN Version: 8.0.RC3, TimeStamp: 20241026152044625
opType=aggregate_msg_split, DumpHead: AIV-21, CoreType=AIV, block dim=32, total_block_num=32, block_remain_len=1048448, block_initial_space=1048576, rsv=0, magic=5aa5bccd
CANN Version: 8.0.RC3, TimeStamp: 20241026152044625
opType=aggregate_msg_split, DumpHead: AIV-22, CoreType=AIV, block dim=32, total_block_num=32, block_remain_len=1048448, block_initial_space=1048576, rsv=0, magic=5aa5bccd
CANN Version: 8.0.RC3, TimeStamp: 20241026152044625
opType=aggregate_msg_split, DumpHead: AIV-23, CoreType=AIV, block dim=32, total_block_num=32, block_remain_len=1048448, block_initial_space=1048576, rsv=0, magic=5aa5bccd
CANN Version: 8.0.RC3, TimeStamp: 20241026152044625
opType=aggregate_msg_split, DumpHead: AIV-24, CoreType=AIV, block dim=32, total_block_num=32, block_remain_len=1048448, block_initial_space=1048576, rsv=0, magic=5aa5bccd
CANN Version: 8.0.RC3, TimeStamp: 20241026152044625
opType=aggregate_msg_split, DumpHead: AIV-25, CoreType=AIV, block dim=32, total_block_num=32, block_remain_len=1048448, block_initial_space=1048576, rsv=0, magic=5aa5bccd
CANN Version: 8.0.RC3, TimeStamp: 20241026152044625
opType=aggregate_msg_split, DumpHead: AIV-26, CoreType=AIV, block dim=32, total_block_num=32, block_remain_len=1048448, block_initial_space=1048576, rsv=0, magic=5aa5bccd
CANN Version: 8.0.RC3, TimeStamp: 20241026152044625
opType=aggregate_msg_split, DumpHead: AIV-27, CoreType=AIV, block dim=32, total_block_num=32, block_remain_len=1048448, block_initial_space=1048576, rsv=0, magic=5aa5bccd
CANN Version: 8.0.RC3, TimeStamp: 20241026152044625
opType=aggregate_msg_split, DumpHead: AIV-28, CoreType=AIV, block dim=32, total_block_num=32, block_remain_len=1048448, block_initial_space=1048576, rsv=0, magic=5aa5bccd
CANN Version: 8.0.RC3, TimeStamp: 20241026152044625
opType=aggregate_msg_split, DumpHead: AIV-29, CoreType=AIV, block dim=32, total_block_num=32, block_remain_len=1048448, block_initial_space=1048576, rsv=0, magic=5aa5bccd
CANN Version: 8.0.RC3, TimeStamp: 20241026152044625
opType=aggregate_msg_split, DumpHead: AIV-30, CoreType=AIV, block dim=32, total_block_num=32, block_remain_len=1048448, block_initial_space=1048576, rsv=0, magic=5aa5bccd
CANN Version: 8.0.RC3, TimeStamp: 20241026152044625
opType=aggregate_msg_split, DumpHead: AIV-31, CoreType=AIV, block dim=32, total_block_num=32, block_remain_len=1048448, block_initial_space=1048576, rsv=0, magic=5aa5bccd
CANN Version: 8.0.RC3, TimeStamp: 20241026152044625
opType=aggregate_msg_split, DumpHead: AIV-0, CoreType=AIV, block dim=32, total_block_num=32, block_remain_len=1048408, block_initial_space=1048576, rsv=0, magic=5aa5bccd
CANN Version: 8.0.RC3, TimeStamp: 20241026152044625
Aggregate Message ...
opType=aggregate_msg_split, DumpHead: AIV-1, CoreType=AIV, block dim=32, total_block_num=32, block_remain_len=1048448, block_initial_space=1048576, rsv=0, magic=5aa5bccd
CANN Version: 8.0.RC3, TimeStamp: 20241026152044625
opType=aggregate_msg_split, DumpHead: AIV-2, CoreType=AIV, block dim=32, total_block_num=32, block_remain_len=1048448, block_initial_space=1048576, rsv=0, magic=5aa5bccd
CANN Version: 8.0.RC3, TimeStamp: 20241026152044625
opType=aggregate_msg_split, DumpHead: AIV-3, CoreType=AIV, block dim=32, total_block_num=32, block_remain_len=1048448, block_initial_space=1048576, rsv=0, magic=5aa5bccd
CANN Version: 8.0.RC3, TimeStamp: 20241026152044625
opType=aggregate_msg_split, DumpHead: AIV-4, CoreType=AIV, block dim=32, total_block_num=32, block_remain_len=1048448, block_initial_space=1048576, rsv=0, magic=5aa5bccd
CANN Version: 8.0.RC3, TimeStamp: 20241026152044625
opType=aggregate_msg_split, DumpHead: AIV-5, CoreType=AIV, block dim=32, total_block_num=32, block_remain_len=1048448, block_initial_space=1048576, rsv=0, magic=5aa5bccd
CANN Version: 8.0.RC3, TimeStamp: 20241026152044625
opType=aggregate_msg_split, DumpHead: AIV-6, CoreType=AIV, block dim=32, total_block_num=32, block_remain_len=1048448, block_initial_space=1048576, rsv=0, magic=5aa5bccd
CANN Version: 8.0.RC3, TimeStamp: 20241026152044625
opType=aggregate_msg_split, DumpHead: AIV-7, CoreType=AIV, block dim=32, total_block_num=32, block_remain_len=1048448, block_initial_space=1048576, rsv=0, magic=5aa5bccd
CANN Version: 8.0.RC3, TimeStamp: 20241026152044625
opType=aggregate_msg_split, DumpHead: AIV-8, CoreType=AIV, block dim=32, total_block_num=32, block_remain_len=1048448, block_initial_space=1048576, rsv=0, magic=5aa5bccd
CANN Version: 8.0.RC3, TimeStamp: 20241026152044625
opType=aggregate_msg_split, DumpHead: AIV-9, CoreType=AIV, block dim=32, total_block_num=32, block_remain_len=1048448, block_initial_space=1048576, rsv=0, magic=5aa5bccd
CANN Version: 8.0.RC3, TimeStamp: 20241026152044625
opType=aggregate_msg_split, DumpHead: AIV-10, CoreType=AIV, block dim=32, total_block_num=32, block_remain_len=1048448, block_initial_space=1048576, rsv=0, magic=5aa5bccd
CANN Version: 8.0.RC3, TimeStamp: 20241026152044625
opType=aggregate_msg_split, DumpHead: AIV-11, CoreType=AIV, block dim=32, total_block_num=32, block_remain_len=1048448, block_initial_space=1048576, rsv=0, magic=5aa5bccd
CANN Version: 8.0.RC3, TimeStamp: 20241026152044625
opType=aggregate_msg_split, DumpHead: AIV-12, CoreType=AIV, block dim=32, total_block_num=32, block_remain_len=1048448, block_initial_space=1048576, rsv=0, magic=5aa5bccd
CANN Version: 8.0.RC3, TimeStamp: 20241026152044625
opType=aggregate_msg_split, DumpHead: AIV-13, CoreType=AIV, block dim=32, total_block_num=32, block_remain_len=1048448, block_initial_space=1048576, rsv=0, magic=5aa5bccd
CANN Version: 8.0.RC3, TimeStamp: 20241026152044625
opType=aggregate_msg_split, DumpHead: AIV-14, CoreType=AIV, block dim=32, total_block_num=32, block_remain_len=1048448, block_initial_space=1048576, rsv=0, magic=5aa5bccd
CANN Version: 8.0.RC3, TimeStamp: 20241026152044625
opType=aggregate_msg_split, DumpHead: AIV-15, CoreType=AIV, block dim=32, total_block_num=32, block_remain_len=1048448, block_initial_space=1048576, rsv=0, magic=5aa5bccd
CANN Version: 8.0.RC3, TimeStamp: 20241026152044625
opType=aggregate_msg_split, DumpHead: AIV-16, CoreType=AIV, block dim=32, total_block_num=32, block_remain_len=1048448, block_initial_space=1048576, rsv=0, magic=5aa5bccd
CANN Version: 8.0.RC3, TimeStamp: 20241026152044625
opType=aggregate_msg_split, DumpHead: AIV-17, CoreType=AIV, block dim=32, total_block_num=32, block_remain_len=1048448, block_initial_space=1048576, rsv=0, magic=5aa5bccd
CANN Version: 8.0.RC3, TimeStamp: 20241026152044625
opType=aggregate_msg_split, DumpHead: AIV-18, CoreType=AIV, block dim=32, total_block_num=32, block_remain_len=1048448, block_initial_space=1048576, rsv=0, magic=5aa5bccd
CANN Version: 8.0.RC3, TimeStamp: 20241026152044625
opType=aggregate_msg_split, DumpHead: AIV-19, CoreType=AIV, block dim=32, total_block_num=32, block_remain_len=1048448, block_initial_space=1048576, rsv=0, magic=5aa5bccd
CANN Version: 8.0.RC3, TimeStamp: 20241026152044625
opType=aggregate_msg_split, DumpHead: AIV-20, CoreType=AIV, block dim=32, total_block_num=32, block_remain_len=1048448, block_initial_space=1048576, rsv=0, magic=5aa5bccd
CANN Version: 8.0.RC3, TimeStamp: 20241026152044625
opType=aggregate_msg_split, DumpHead: AIV-21, CoreType=AIV, block dim=32, total_block_num=32, block_remain_len=1048448, block_initial_space=1048576, rsv=0, magic=5aa5bccd
CANN Version: 8.0.RC3, TimeStamp: 20241026152044625
opType=aggregate_msg_split, DumpHead: AIV-22, CoreType=AIV, block dim=32, total_block_num=32, block_remain_len=1048448, block_initial_space=1048576, rsv=0, magic=5aa5bccd
CANN Version: 8.0.RC3, TimeStamp: 20241026152044625
opType=aggregate_msg_split, DumpHead: AIV-23, CoreType=AIV, block dim=32, total_block_num=32, block_remain_len=1048448, block_initial_space=1048576, rsv=0, magic=5aa5bccd
CANN Version: 8.0.RC3, TimeStamp: 20241026152044625
opType=aggregate_msg_split, DumpHead: AIV-24, CoreType=AIV, block dim=32, total_block_num=32, block_remain_len=1048448, block_initial_space=1048576, rsv=0, magic=5aa5bccd
CANN Version: 8.0.RC3, TimeStamp: 20241026152044625
opType=aggregate_msg_split, DumpHead: AIV-25, CoreType=AIV, block dim=32, total_block_num=32, block_remain_len=1048448, block_initial_space=1048576, rsv=0, magic=5aa5bccd
CANN Version: 8.0.RC3, TimeStamp: 20241026152044625
opType=aggregate_msg_split, DumpHead: AIV-26, CoreType=AIV, block dim=32, total_block_num=32, block_remain_len=1048448, block_initial_space=1048576, rsv=0, magic=5aa5bccd
CANN Version: 8.0.RC3, TimeStamp: 20241026152044625
opType=aggregate_msg_split, DumpHead: AIV-27, CoreType=AIV, block dim=32, total_block_num=32, block_remain_len=1048448, block_initial_space=1048576, rsv=0, magic=5aa5bccd
CANN Version: 8.0.RC3, TimeStamp: 20241026152044625
opType=aggregate_msg_split, DumpHead: AIV-28, CoreType=AIV, block dim=32, total_block_num=32, block_remain_len=1048448, block_initial_space=1048576, rsv=0, magic=5aa5bccd
CANN Version: 8.0.RC3, TimeStamp: 20241026152044625
opType=aggregate_msg_split, DumpHead: AIV-29, CoreType=AIV, block dim=32, total_block_num=32, block_remain_len=1048448, block_initial_space=1048576, rsv=0, magic=5aa5bccd
CANN Version: 8.0.RC3, TimeStamp: 20241026152044625
opType=aggregate_msg_split, DumpHead: AIV-30, CoreType=AIV, block dim=32, total_block_num=32, block_remain_len=1048448, block_initial_space=1048576, rsv=0, magic=5aa5bccd
CANN Version: 8.0.RC3, TimeStamp: 20241026152044625
opType=aggregate_msg_split, DumpHead: AIV-31, CoreType=AIV, block dim=32, total_block_num=32, block_remain_len=1048448, block_initial_space=1048576, rsv=0, magic=5aa5bccd
CANN Version: 8.0.RC3, TimeStamp: 20241026152044625
opType=aggregate_msg_split, DumpHead: AIV-0, CoreType=AIV, block dim=32, total_block_num=32, block_remain_len=1048408, block_initial_space=1048576, rsv=0, magic=5aa5bccd
CANN Version: 8.0.RC3, TimeStamp: 20241026152044625
Aggregate Message ...
opType=aggregate_msg_split, DumpHead: AIV-1, CoreType=AIV, block dim=32, total_block_num=32, block_remain_len=1048448, block_initial_space=1048576, rsv=0, magic=5aa5bccd
CANN Version: 8.0.RC3, TimeStamp: 20241026152044625
opType=aggregate_msg_split, DumpHead: AIV-2, CoreType=AIV, block dim=32, total_block_num=32, block_remain_len=1048448, block_initial_space=1048576, rsv=0, magic=5aa5bccd
CANN Version: 8.0.RC3, TimeStamp: 20241026152044625
opType=aggregate_msg_split, DumpHead: AIV-3, CoreType=AIV, block dim=32, total_block_num=32, block_remain_len=1048448, block_initial_space=1048576, rsv=0, magic=5aa5bccd
CANN Version: 8.0.RC3, TimeStamp: 20241026152044625
opType=aggregate_msg_split, DumpHead: AIV-4, CoreType=AIV, block dim=32, total_block_num=32, block_remain_len=1048448, block_initial_space=1048576, rsv=0, magic=5aa5bccd
CANN Version: 8.0.RC3, TimeStamp: 20241026152044625
opType=aggregate_msg_split, DumpHead: AIV-5, CoreType=AIV, block dim=32, total_block_num=32, block_remain_len=1048448, block_initial_space=1048576, rsv=0, magic=5aa5bccd
CANN Version: 8.0.RC3, TimeStamp: 20241026152044625
opType=aggregate_msg_split, DumpHead: AIV-6, CoreType=AIV, block dim=32, total_block_num=32, block_remain_len=1048448, block_initial_space=1048576, rsv=0, magic=5aa5bccd
CANN Version: 8.0.RC3, TimeStamp: 20241026152044625
opType=aggregate_msg_split, DumpHead: AIV-7, CoreType=AIV, block dim=32, total_block_num=32, block_remain_len=1048448, block_initial_space=1048576, rsv=0, magic=5aa5bccd
CANN Version: 8.0.RC3, TimeStamp: 20241026152044625
opType=aggregate_msg_split, DumpHead: AIV-8, CoreType=AIV, block dim=32, total_block_num=32, block_remain_len=1048448, block_initial_space=1048576, rsv=0, magic=5aa5bccd
CANN Version: 8.0.RC3, TimeStamp: 20241026152044625
opType=aggregate_msg_split, DumpHead: AIV-9, CoreType=AIV, block dim=32, total_block_num=32, block_remain_len=1048448, block_initial_space=1048576, rsv=0, magic=5aa5bccd
CANN Version: 8.0.RC3, TimeStamp: 20241026152044625
opType=aggregate_msg_split, DumpHead: AIV-10, CoreType=AIV, block dim=32, total_block_num=32, block_remain_len=1048448, block_initial_space=1048576, rsv=0, magic=5aa5bccd
CANN Version: 8.0.RC3, TimeStamp: 20241026152044625
opType=aggregate_msg_split, DumpHead: AIV-11, CoreType=AIV, block dim=32, total_block_num=32, block_remain_len=1048448, block_initial_space=1048576, rsv=0, magic=5aa5bccd
CANN Version: 8.0.RC3, TimeStamp: 20241026152044625
opType=aggregate_msg_split, DumpHead: AIV-12, CoreType=AIV, block dim=32, total_block_num=32, block_remain_len=1048448, block_initial_space=1048576, rsv=0, magic=5aa5bccd
CANN Version: 8.0.RC3, TimeStamp: 20241026152044625
opType=aggregate_msg_split, DumpHead: AIV-13, CoreType=AIV, block dim=32, total_block_num=32, block_remain_len=1048448, block_initial_space=1048576, rsv=0, magic=5aa5bccd
CANN Version: 8.0.RC3, TimeStamp: 20241026152044625
opType=aggregate_msg_split, DumpHead: AIV-14, CoreType=AIV, block dim=32, total_block_num=32, block_remain_len=1048448, block_initial_space=1048576, rsv=0, magic=5aa5bccd
CANN Version: 8.0.RC3, TimeStamp: 20241026152044625
opType=aggregate_msg_split, DumpHead: AIV-15, CoreType=AIV, block dim=32, total_block_num=32, block_remain_len=1048448, block_initial_space=1048576, rsv=0, magic=5aa5bccd
CANN Version: 8.0.RC3, TimeStamp: 20241026152044625
opType=aggregate_msg_split, DumpHead: AIV-16, CoreType=AIV, block dim=32, total_block_num=32, block_remain_len=1048448, block_initial_space=1048576, rsv=0, magic=5aa5bccd
CANN Version: 8.0.RC3, TimeStamp: 20241026152044625
opType=aggregate_msg_split, DumpHead: AIV-17, CoreType=AIV, block dim=32, total_block_num=32, block_remain_len=1048448, block_initial_space=1048576, rsv=0, magic=5aa5bccd
CANN Version: 8.0.RC3, TimeStamp: 20241026152044625
opType=aggregate_msg_split, DumpHead: AIV-18, CoreType=AIV, block dim=32, total_block_num=32, block_remain_len=1048448, block_initial_space=1048576, rsv=0, magic=5aa5bccd
CANN Version: 8.0.RC3, TimeStamp: 20241026152044625
opType=aggregate_msg_split, DumpHead: AIV-19, CoreType=AIV, block dim=32, total_block_num=32, block_remain_len=1048448, block_initial_space=1048576, rsv=0, magic=5aa5bccd
CANN Version: 8.0.RC3, TimeStamp: 20241026152044625
opType=aggregate_msg_split, DumpHead: AIV-20, CoreType=AIV, block dim=32, total_block_num=32, block_remain_len=1048448, block_initial_space=1048576, rsv=0, magic=5aa5bccd
CANN Version: 8.0.RC3, TimeStamp: 20241026152044625
opType=aggregate_msg_split, DumpHead: AIV-21, CoreType=AIV, block dim=32, total_block_num=32, block_remain_len=1048448, block_initial_space=1048576, rsv=0, magic=5aa5bccd
CANN Version: 8.0.RC3, TimeStamp: 20241026152044625
opType=aggregate_msg_split, DumpHead: AIV-22, CoreType=AIV, block dim=32, total_block_num=32, block_remain_len=1048448, block_initial_space=1048576, rsv=0, magic=5aa5bccd
CANN Version: 8.0.RC3, TimeStamp: 20241026152044625
opType=aggregate_msg_split, DumpHead: AIV-23, CoreType=AIV, block dim=32, total_block_num=32, block_remain_len=1048448, block_initial_space=1048576, rsv=0, magic=5aa5bccd
CANN Version: 8.0.RC3, TimeStamp: 20241026152044625
opType=aggregate_msg_split, DumpHead: AIV-24, CoreType=AIV, block dim=32, total_block_num=32, block_remain_len=1048448, block_initial_space=1048576, rsv=0, magic=5aa5bccd
CANN Version: 8.0.RC3, TimeStamp: 20241026152044625
opType=aggregate_msg_split, DumpHead: AIV-25, CoreType=AIV, block dim=32, total_block_num=32, block_remain_len=1048448, block_initial_space=1048576, rsv=0, magic=5aa5bccd
CANN Version: 8.0.RC3, TimeStamp: 20241026152044625
opType=aggregate_msg_split, DumpHead: AIV-26, CoreType=AIV, block dim=32, total_block_num=32, block_remain_len=1048448, block_initial_space=1048576, rsv=0, magic=5aa5bccd
CANN Version: 8.0.RC3, TimeStamp: 20241026152044625
opType=aggregate_msg_split, DumpHead: AIV-27, CoreType=AIV, block dim=32, total_block_num=32, block_remain_len=1048448, block_initial_space=1048576, rsv=0, magic=5aa5bccd
CANN Version: 8.0.RC3, TimeStamp: 20241026152044625
opType=aggregate_msg_split, DumpHead: AIV-28, CoreType=AIV, block dim=32, total_block_num=32, block_remain_len=1048448, block_initial_space=1048576, rsv=0, magic=5aa5bccd
CANN Version: 8.0.RC3, TimeStamp: 20241026152044625
opType=aggregate_msg_split, DumpHead: AIV-29, CoreType=AIV, block dim=32, total_block_num=32, block_remain_len=1048448, block_initial_space=1048576, rsv=0, magic=5aa5bccd
CANN Version: 8.0.RC3, TimeStamp: 20241026152044625
opType=aggregate_msg_split, DumpHead: AIV-30, CoreType=AIV, block dim=32, total_block_num=32, block_remain_len=1048448, block_initial_space=1048576, rsv=0, magic=5aa5bccd
CANN Version: 8.0.RC3, TimeStamp: 20241026152044625
opType=aggregate_msg_split, DumpHead: AIV-31, CoreType=AIV, block dim=32, total_block_num=32, block_remain_len=1048448, block_initial_space=1048576, rsv=0, magic=5aa5bccd
CANN Version: 8.0.RC3, TimeStamp: 20241026152044625
opType=aggregate_msg_split, DumpHead: AIV-0, CoreType=AIV, block dim=32, total_block_num=32, block_remain_len=1048408, block_initial_space=1048576, rsv=0, magic=5aa5bccd
CANN Version: 8.0.RC3, TimeStamp: 20241026152044625
Aggregate Message ...
opType=aggregate_msg_split, DumpHead: AIV-1, CoreType=AIV, block dim=32, total_block_num=32, block_remain_len=1048448, block_initial_space=1048576, rsv=0, magic=5aa5bccd
CANN Version: 8.0.RC3, TimeStamp: 20241026152044625
opType=aggregate_msg_split, DumpHead: AIV-2, CoreType=AIV, block dim=32, total_block_num=32, block_remain_len=1048448, block_initial_space=1048576, rsv=0, magic=5aa5bccd
CANN Version: 8.0.RC3, TimeStamp: 20241026152044625
opType=aggregate_msg_split, DumpHead: AIV-3, CoreType=AIV, block dim=32, total_block_num=32, block_remain_len=1048448, block_initial_space=1048576, rsv=0, magic=5aa5bccd
CANN Version: 8.0.RC3, TimeStamp: 20241026152044625
opType=aggregate_msg_split, DumpHead: AIV-4, CoreType=AIV, block dim=32, total_block_num=32, block_remain_len=1048448, block_initial_space=1048576, rsv=0, magic=5aa5bccd
CANN Version: 8.0.RC3, TimeStamp: 20241026152044625
opType=aggregate_msg_split, DumpHead: AIV-5, CoreType=AIV, block dim=32, total_block_num=32, block_remain_len=1048448, block_initial_space=1048576, rsv=0, magic=5aa5bccd
CANN Version: 8.0.RC3, TimeStamp: 20241026152044625
opType=aggregate_msg_split, DumpHead: AIV-6, CoreType=AIV, block dim=32, total_block_num=32, block_remain_len=1048448, block_initial_space=1048576, rsv=0, magic=5aa5bccd
CANN Version: 8.0.RC3, TimeStamp: 20241026152044625
opType=aggregate_msg_split, DumpHead: AIV-7, CoreType=AIV, block dim=32, total_block_num=32, block_remain_len=1048448, block_initial_space=1048576, rsv=0, magic=5aa5bccd
CANN Version: 8.0.RC3, TimeStamp: 20241026152044625
opType=aggregate_msg_split, DumpHead: AIV-8, CoreType=AIV, block dim=32, total_block_num=32, block_remain_len=1048448, block_initial_space=1048576, rsv=0, magic=5aa5bccd
CANN Version: 8.0.RC3, TimeStamp: 20241026152044625
opType=aggregate_msg_split, DumpHead: AIV-9, CoreType=AIV, block dim=32, total_block_num=32, block_remain_len=1048448, block_initial_space=1048576, rsv=0, magic=5aa5bccd
CANN Version: 8.0.RC3, TimeStamp: 20241026152044625
opType=aggregate_msg_split, DumpHead: AIV-10, CoreType=AIV, block dim=32, total_block_num=32, block_remain_len=1048448, block_initial_space=1048576, rsv=0, magic=5aa5bccd
CANN Version: 8.0.RC3, TimeStamp: 20241026152044625
opType=aggregate_msg_split, DumpHead: AIV-11, CoreType=AIV, block dim=32, total_block_num=32, block_remain_len=1048448, block_initial_space=1048576, rsv=0, magic=5aa5bccd
CANN Version: 8.0.RC3, TimeStamp: 20241026152044625
opType=aggregate_msg_split, DumpHead: AIV-12, CoreType=AIV, block dim=32, total_block_num=32, block_remain_len=1048448, block_initial_space=1048576, rsv=0, magic=5aa5bccd
CANN Version: 8.0.RC3, TimeStamp: 20241026152044625
opType=aggregate_msg_split, DumpHead: AIV-13, CoreType=AIV, block dim=32, total_block_num=32, block_remain_len=1048448, block_initial_space=1048576, rsv=0, magic=5aa5bccd
CANN Version: 8.0.RC3, TimeStamp: 20241026152044625
opType=aggregate_msg_split, DumpHead: AIV-14, CoreType=AIV, block dim=32, total_block_num=32, block_remain_len=1048448, block_initial_space=1048576, rsv=0, magic=5aa5bccd
CANN Version: 8.0.RC3, TimeStamp: 20241026152044625
opType=aggregate_msg_split, DumpHead: AIV-15, CoreType=AIV, block dim=32, total_block_num=32, block_remain_len=1048448, block_initial_space=1048576, rsv=0, magic=5aa5bccd
CANN Version: 8.0.RC3, TimeStamp: 20241026152044625
opType=aggregate_msg_split, DumpHead: AIV-16, CoreType=AIV, block dim=32, total_block_num=32, block_remain_len=1048448, block_initial_space=1048576, rsv=0, magic=5aa5bccd
CANN Version: 8.0.RC3, TimeStamp: 20241026152044625
opType=aggregate_msg_split, DumpHead: AIV-17, CoreType=AIV, block dim=32, total_block_num=32, block_remain_len=1048448, block_initial_space=1048576, rsv=0, magic=5aa5bccd
CANN Version: 8.0.RC3, TimeStamp: 20241026152044625
opType=aggregate_msg_split, DumpHead: AIV-18, CoreType=AIV, block dim=32, total_block_num=32, block_remain_len=1048448, block_initial_space=1048576, rsv=0, magic=5aa5bccd
CANN Version: 8.0.RC3, TimeStamp: 20241026152044625
opType=aggregate_msg_split, DumpHead: AIV-19, CoreType=AIV, block dim=32, total_block_num=32, block_remain_len=1048448, block_initial_space=1048576, rsv=0, magic=5aa5bccd
CANN Version: 8.0.RC3, TimeStamp: 20241026152044625
opType=aggregate_msg_split, DumpHead: AIV-20, CoreType=AIV, block dim=32, total_block_num=32, block_remain_len=1048448, block_initial_space=1048576, rsv=0, magic=5aa5bccd
CANN Version: 8.0.RC3, TimeStamp: 20241026152044625
opType=aggregate_msg_split, DumpHead: AIV-21, CoreType=AIV, block dim=32, total_block_num=32, block_remain_len=1048448, block_initial_space=1048576, rsv=0, magic=5aa5bccd
CANN Version: 8.0.RC3, TimeStamp: 20241026152044625
opType=aggregate_msg_split, DumpHead: AIV-22, CoreType=AIV, block dim=32, total_block_num=32, block_remain_len=1048448, block_initial_space=1048576, rsv=0, magic=5aa5bccd
CANN Version: 8.0.RC3, TimeStamp: 20241026152044625
opType=aggregate_msg_split, DumpHead: AIV-23, CoreType=AIV, block dim=32, total_block_num=32, block_remain_len=1048448, block_initial_space=1048576, rsv=0, magic=5aa5bccd
CANN Version: 8.0.RC3, TimeStamp: 20241026152044625
opType=aggregate_msg_split, DumpHead: AIV-24, CoreType=AIV, block dim=32, total_block_num=32, block_remain_len=1048448, block_initial_space=1048576, rsv=0, magic=5aa5bccd
CANN Version: 8.0.RC3, TimeStamp: 20241026152044625
opType=aggregate_msg_split, DumpHead: AIV-25, CoreType=AIV, block dim=32, total_block_num=32, block_remain_len=1048448, block_initial_space=1048576, rsv=0, magic=5aa5bccd
CANN Version: 8.0.RC3, TimeStamp: 20241026152044625
opType=aggregate_msg_split, DumpHead: AIV-26, CoreType=AIV, block dim=32, total_block_num=32, block_remain_len=1048448, block_initial_space=1048576, rsv=0, magic=5aa5bccd
CANN Version: 8.0.RC3, TimeStamp: 20241026152044625
opType=aggregate_msg_split, DumpHead: AIV-27, CoreType=AIV, block dim=32, total_block_num=32, block_remain_len=1048448, block_initial_space=1048576, rsv=0, magic=5aa5bccd
CANN Version: 8.0.RC3, TimeStamp: 20241026152044625
opType=aggregate_msg_split, DumpHead: AIV-28, CoreType=AIV, block dim=32, total_block_num=32, block_remain_len=1048448, block_initial_space=1048576, rsv=0, magic=5aa5bccd
CANN Version: 8.0.RC3, TimeStamp: 20241026152044625
opType=aggregate_msg_split, DumpHead: AIV-29, CoreType=AIV, block dim=32, total_block_num=32, block_remain_len=1048448, block_initial_space=1048576, rsv=0, magic=5aa5bccd
CANN Version: 8.0.RC3, TimeStamp: 20241026152044625
opType=aggregate_msg_split, DumpHead: AIV-30, CoreType=AIV, block dim=32, total_block_num=32, block_remain_len=1048448, block_initial_space=1048576, rsv=0, magic=5aa5bccd
CANN Version: 8.0.RC3, TimeStamp: 20241026152044625
opType=aggregate_msg_split, DumpHead: AIV-31, CoreType=AIV, block dim=32, total_block_num=32, block_remain_len=1048448, block_initial_space=1048576, rsv=0, magic=5aa5bccd
CANN Version: 8.0.RC3, TimeStamp: 20241026152044625
opType=reset_value, DumpHead: AIV-0, CoreType=AIV, block dim=32, total_block_num=32, block_remain_len=1048408, block_initial_space=1048576, rsv=0, magic=5aa5bccd
CANN Version: 8.0.RC3, TimeStamp: 20241026152044625
Reset Value ...
opType=reset_value, DumpHead: AIV-1, CoreType=AIV, block dim=32, total_block_num=32, block_remain_len=1048448, block_initial_space=1048576, rsv=0, magic=5aa5bccd
CANN Version: 8.0.RC3, TimeStamp: 20241026152044625
opType=reset_value, DumpHead: AIV-2, CoreType=AIV, block dim=32, total_block_num=32, block_remain_len=1048448, block_initial_space=1048576, rsv=0, magic=5aa5bccd
CANN Version: 8.0.RC3, TimeStamp: 20241026152044625
opType=reset_value, DumpHead: AIV-3, CoreType=AIV, block dim=32, total_block_num=32, block_remain_len=1048448, block_initial_space=1048576, rsv=0, magic=5aa5bccd
CANN Version: 8.0.RC3, TimeStamp: 20241026152044625
opType=reset_value, DumpHead: AIV-4, CoreType=AIV, block dim=32, total_block_num=32, block_remain_len=1048448, block_initial_space=1048576, rsv=0, magic=5aa5bccd
CANN Version: 8.0.RC3, TimeStamp: 20241026152044625
opType=reset_value, DumpHead: AIV-5, CoreType=AIV, block dim=32, total_block_num=32, block_remain_len=1048448, block_initial_space=1048576, rsv=0, magic=5aa5bccd
CANN Version: 8.0.RC3, TimeStamp: 20241026152044625
opType=reset_value, DumpHead: AIV-6, CoreType=AIV, block dim=32, total_block_num=32, block_remain_len=1048448, block_initial_space=1048576, rsv=0, magic=5aa5bccd
CANN Version: 8.0.RC3, TimeStamp: 20241026152044625
opType=reset_value, DumpHead: AIV-7, CoreType=AIV, block dim=32, total_block_num=32, block_remain_len=1048448, block_initial_space=1048576, rsv=0, magic=5aa5bccd
CANN Version: 8.0.RC3, TimeStamp: 20241026152044625
opType=reset_value, DumpHead: AIV-8, CoreType=AIV, block dim=32, total_block_num=32, block_remain_len=1048448, block_initial_space=1048576, rsv=0, magic=5aa5bccd
CANN Version: 8.0.RC3, TimeStamp: 20241026152044625
opType=reset_value, DumpHead: AIV-9, CoreType=AIV, block dim=32, total_block_num=32, block_remain_len=1048448, block_initial_space=1048576, rsv=0, magic=5aa5bccd
CANN Version: 8.0.RC3, TimeStamp: 20241026152044625
opType=reset_value, DumpHead: AIV-10, CoreType=AIV, block dim=32, total_block_num=32, block_remain_len=1048448, block_initial_space=1048576, rsv=0, magic=5aa5bccd
CANN Version: 8.0.RC3, TimeStamp: 20241026152044625
opType=reset_value, DumpHead: AIV-11, CoreType=AIV, block dim=32, total_block_num=32, block_remain_len=1048448, block_initial_space=1048576, rsv=0, magic=5aa5bccd
CANN Version: 8.0.RC3, TimeStamp: 20241026152044625
opType=reset_value, DumpHead: AIV-12, CoreType=AIV, block dim=32, total_block_num=32, block_remain_len=1048448, block_initial_space=1048576, rsv=0, magic=5aa5bccd
CANN Version: 8.0.RC3, TimeStamp: 20241026152044625
opType=reset_value, DumpHead: AIV-13, CoreType=AIV, block dim=32, total_block_num=32, block_remain_len=1048448, block_initial_space=1048576, rsv=0, magic=5aa5bccd
CANN Version: 8.0.RC3, TimeStamp: 20241026152044625
opType=reset_value, DumpHead: AIV-14, CoreType=AIV, block dim=32, total_block_num=32, block_remain_len=1048448, block_initial_space=1048576, rsv=0, magic=5aa5bccd
CANN Version: 8.0.RC3, TimeStamp: 20241026152044625
opType=reset_value, DumpHead: AIV-15, CoreType=AIV, block dim=32, total_block_num=32, block_remain_len=1048448, block_initial_space=1048576, rsv=0, magic=5aa5bccd
CANN Version: 8.0.RC3, TimeStamp: 20241026152044625
opType=reset_value, DumpHead: AIV-16, CoreType=AIV, block dim=32, total_block_num=32, block_remain_len=1048448, block_initial_space=1048576, rsv=0, magic=5aa5bccd
CANN Version: 8.0.RC3, TimeStamp: 20241026152044625
opType=reset_value, DumpHead: AIV-17, CoreType=AIV, block dim=32, total_block_num=32, block_remain_len=1048448, block_initial_space=1048576, rsv=0, magic=5aa5bccd
CANN Version: 8.0.RC3, TimeStamp: 20241026152044625
opType=reset_value, DumpHead: AIV-18, CoreType=AIV, block dim=32, total_block_num=32, block_remain_len=1048448, block_initial_space=1048576, rsv=0, magic=5aa5bccd
CANN Version: 8.0.RC3, TimeStamp: 20241026152044625
opType=reset_value, DumpHead: AIV-19, CoreType=AIV, block dim=32, total_block_num=32, block_remain_len=1048448, block_initial_space=1048576, rsv=0, magic=5aa5bccd
CANN Version: 8.0.RC3, TimeStamp: 20241026152044625
opType=reset_value, DumpHead: AIV-20, CoreType=AIV, block dim=32, total_block_num=32, block_remain_len=1048448, block_initial_space=1048576, rsv=0, magic=5aa5bccd
CANN Version: 8.0.RC3, TimeStamp: 20241026152044625
opType=reset_value, DumpHead: AIV-21, CoreType=AIV, block dim=32, total_block_num=32, block_remain_len=1048448, block_initial_space=1048576, rsv=0, magic=5aa5bccd
CANN Version: 8.0.RC3, TimeStamp: 20241026152044625
opType=reset_value, DumpHead: AIV-22, CoreType=AIV, block dim=32, total_block_num=32, block_remain_len=1048448, block_initial_space=1048576, rsv=0, magic=5aa5bccd
CANN Version: 8.0.RC3, TimeStamp: 20241026152044625
opType=reset_value, DumpHead: AIV-23, CoreType=AIV, block dim=32, total_block_num=32, block_remain_len=1048448, block_initial_space=1048576, rsv=0, magic=5aa5bccd
CANN Version: 8.0.RC3, TimeStamp: 20241026152044625
opType=reset_value, DumpHead: AIV-24, CoreType=AIV, block dim=32, total_block_num=32, block_remain_len=1048448, block_initial_space=1048576, rsv=0, magic=5aa5bccd
CANN Version: 8.0.RC3, TimeStamp: 20241026152044625
opType=reset_value, DumpHead: AIV-25, CoreType=AIV, block dim=32, total_block_num=32, block_remain_len=1048448, block_initial_space=1048576, rsv=0, magic=5aa5bccd
CANN Version: 8.0.RC3, TimeStamp: 20241026152044625
opType=reset_value, DumpHead: AIV-26, CoreType=AIV, block dim=32, total_block_num=32, block_remain_len=1048448, block_initial_space=1048576, rsv=0, magic=5aa5bccd
CANN Version: 8.0.RC3, TimeStamp: 20241026152044625
opType=reset_value, DumpHead: AIV-27, CoreType=AIV, block dim=32, total_block_num=32, block_remain_len=1048448, block_initial_space=1048576, rsv=0, magic=5aa5bccd
CANN Version: 8.0.RC3, TimeStamp: 20241026152044625
opType=reset_value, DumpHead: AIV-28, CoreType=AIV, block dim=32, total_block_num=32, block_remain_len=1048448, block_initial_space=1048576, rsv=0, magic=5aa5bccd
CANN Version: 8.0.RC3, TimeStamp: 20241026152044625
opType=reset_value, DumpHead: AIV-29, CoreType=AIV, block dim=32, total_block_num=32, block_remain_len=1048448, block_initial_space=1048576, rsv=0, magic=5aa5bccd
CANN Version: 8.0.RC3, TimeStamp: 20241026152044625
opType=reset_value, DumpHead: AIV-30, CoreType=AIV, block dim=32, total_block_num=32, block_remain_len=1048448, block_initial_space=1048576, rsv=0, magic=5aa5bccd
CANN Version: 8.0.RC3, TimeStamp: 20241026152044625
opType=reset_value, DumpHead: AIV-31, CoreType=AIV, block dim=32, total_block_num=32, block_remain_len=1048448, block_initial_space=1048576, rsv=0, magic=5aa5bccd
CANN Version: 8.0.RC3, TimeStamp: 20241026152044625
opType=reset_value, DumpHead: AIV-0, CoreType=AIV, block dim=32, total_block_num=32, block_remain_len=1048408, block_initial_space=1048576, rsv=0, magic=5aa5bccd
CANN Version: 8.0.RC3, TimeStamp: 20241026152044625
Reset Value ...
opType=reset_value, DumpHead: AIV-1, CoreType=AIV, block dim=32, total_block_num=32, block_remain_len=1048448, block_initial_space=1048576, rsv=0, magic=5aa5bccd
CANN Version: 8.0.RC3, TimeStamp: 20241026152044625
opType=reset_value, DumpHead: AIV-2, CoreType=AIV, block dim=32, total_block_num=32, block_remain_len=1048448, block_initial_space=1048576, rsv=0, magic=5aa5bccd
CANN Version: 8.0.RC3, TimeStamp: 20241026152044625
opType=reset_value, DumpHead: AIV-3, CoreType=AIV, block dim=32, total_block_num=32, block_remain_len=1048448, block_initial_space=1048576, rsv=0, magic=5aa5bccd
CANN Version: 8.0.RC3, TimeStamp: 20241026152044625
opType=reset_value, DumpHead: AIV-4, CoreType=AIV, block dim=32, total_block_num=32, block_remain_len=1048448, block_initial_space=1048576, rsv=0, magic=5aa5bccd
CANN Version: 8.0.RC3, TimeStamp: 20241026152044625
opType=reset_value, DumpHead: AIV-5, CoreType=AIV, block dim=32, total_block_num=32, block_remain_len=1048448, block_initial_space=1048576, rsv=0, magic=5aa5bccd
CANN Version: 8.0.RC3, TimeStamp: 20241026152044625
opType=reset_value, DumpHead: AIV-6, CoreType=AIV, block dim=32, total_block_num=32, block_remain_len=1048448, block_initial_space=1048576, rsv=0, magic=5aa5bccd
CANN Version: 8.0.RC3, TimeStamp: 20241026152044625
opType=reset_value, DumpHead: AIV-7, CoreType=AIV, block dim=32, total_block_num=32, block_remain_len=1048448, block_initial_space=1048576, rsv=0, magic=5aa5bccd
CANN Version: 8.0.RC3, TimeStamp: 20241026152044625
opType=reset_value, DumpHead: AIV-8, CoreType=AIV, block dim=32, total_block_num=32, block_remain_len=1048448, block_initial_space=1048576, rsv=0, magic=5aa5bccd
CANN Version: 8.0.RC3, TimeStamp: 20241026152044625
opType=reset_value, DumpHead: AIV-9, CoreType=AIV, block dim=32, total_block_num=32, block_remain_len=1048448, block_initial_space=1048576, rsv=0, magic=5aa5bccd
CANN Version: 8.0.RC3, TimeStamp: 20241026152044625
opType=reset_value, DumpHead: AIV-10, CoreType=AIV, block dim=32, total_block_num=32, block_remain_len=1048448, block_initial_space=1048576, rsv=0, magic=5aa5bccd
CANN Version: 8.0.RC3, TimeStamp: 20241026152044625
opType=reset_value, DumpHead: AIV-11, CoreType=AIV, block dim=32, total_block_num=32, block_remain_len=1048448, block_initial_space=1048576, rsv=0, magic=5aa5bccd
CANN Version: 8.0.RC3, TimeStamp: 20241026152044625
opType=reset_value, DumpHead: AIV-12, CoreType=AIV, block dim=32, total_block_num=32, block_remain_len=1048448, block_initial_space=1048576, rsv=0, magic=5aa5bccd
CANN Version: 8.0.RC3, TimeStamp: 20241026152044625
opType=reset_value, DumpHead: AIV-13, CoreType=AIV, block dim=32, total_block_num=32, block_remain_len=1048448, block_initial_space=1048576, rsv=0, magic=5aa5bccd
CANN Version: 8.0.RC3, TimeStamp: 20241026152044625
opType=reset_value, DumpHead: AIV-14, CoreType=AIV, block dim=32, total_block_num=32, block_remain_len=1048448, block_initial_space=1048576, rsv=0, magic=5aa5bccd
CANN Version: 8.0.RC3, TimeStamp: 20241026152044625
opType=reset_value, DumpHead: AIV-15, CoreType=AIV, block dim=32, total_block_num=32, block_remain_len=1048448, block_initial_space=1048576, rsv=0, magic=5aa5bccd
CANN Version: 8.0.RC3, TimeStamp: 20241026152044625
opType=reset_value, DumpHead: AIV-16, CoreType=AIV, block dim=32, total_block_num=32, block_remain_len=1048448, block_initial_space=1048576, rsv=0, magic=5aa5bccd
CANN Version: 8.0.RC3, TimeStamp: 20241026152044625
opType=reset_value, DumpHead: AIV-17, CoreType=AIV, block dim=32, total_block_num=32, block_remain_len=1048448, block_initial_space=1048576, rsv=0, magic=5aa5bccd
CANN Version: 8.0.RC3, TimeStamp: 20241026152044625
opType=reset_value, DumpHead: AIV-18, CoreType=AIV, block dim=32, total_block_num=32, block_remain_len=1048448, block_initial_space=1048576, rsv=0, magic=5aa5bccd
CANN Version: 8.0.RC3, TimeStamp: 20241026152044625
opType=reset_value, DumpHead: AIV-19, CoreType=AIV, block dim=32, total_block_num=32, block_remain_len=1048448, block_initial_space=1048576, rsv=0, magic=5aa5bccd
CANN Version: 8.0.RC3, TimeStamp: 20241026152044625
opType=reset_value, DumpHead: AIV-20, CoreType=AIV, block dim=32, total_block_num=32, block_remain_len=1048448, block_initial_space=1048576, rsv=0, magic=5aa5bccd
CANN Version: 8.0.RC3, TimeStamp: 20241026152044625
opType=reset_value, DumpHead: AIV-21, CoreType=AIV, block dim=32, total_block_num=32, block_remain_len=1048448, block_initial_space=1048576, rsv=0, magic=5aa5bccd
CANN Version: 8.0.RC3, TimeStamp: 20241026152044625
opType=reset_value, DumpHead: AIV-22, CoreType=AIV, block dim=32, total_block_num=32, block_remain_len=1048448, block_initial_space=1048576, rsv=0, magic=5aa5bccd
CANN Version: 8.0.RC3, TimeStamp: 20241026152044625
opType=reset_value, DumpHead: AIV-23, CoreType=AIV, block dim=32, total_block_num=32, block_remain_len=1048448, block_initial_space=1048576, rsv=0, magic=5aa5bccd
CANN Version: 8.0.RC3, TimeStamp: 20241026152044625
opType=reset_value, DumpHead: AIV-24, CoreType=AIV, block dim=32, total_block_num=32, block_remain_len=1048448, block_initial_space=1048576, rsv=0, magic=5aa5bccd
CANN Version: 8.0.RC3, TimeStamp: 20241026152044625
opType=reset_value, DumpHead: AIV-25, CoreType=AIV, block dim=32, total_block_num=32, block_remain_len=1048448, block_initial_space=1048576, rsv=0, magic=5aa5bccd
CANN Version: 8.0.RC3, TimeStamp: 20241026152044625
opType=reset_value, DumpHead: AIV-26, CoreType=AIV, block dim=32, total_block_num=32, block_remain_len=1048448, block_initial_space=1048576, rsv=0, magic=5aa5bccd
CANN Version: 8.0.RC3, TimeStamp: 20241026152044625
opType=reset_value, DumpHead: AIV-27, CoreType=AIV, block dim=32, total_block_num=32, block_remain_len=1048448, block_initial_space=1048576, rsv=0, magic=5aa5bccd
CANN Version: 8.0.RC3, TimeStamp: 20241026152044625
opType=reset_value, DumpHead: AIV-28, CoreType=AIV, block dim=32, total_block_num=32, block_remain_len=1048448, block_initial_space=1048576, rsv=0, magic=5aa5bccd
CANN Version: 8.0.RC3, TimeStamp: 20241026152044625
opType=reset_value, DumpHead: AIV-29, CoreType=AIV, block dim=32, total_block_num=32, block_remain_len=1048448, block_initial_space=1048576, rsv=0, magic=5aa5bccd
CANN Version: 8.0.RC3, TimeStamp: 20241026152044625
opType=reset_value, DumpHead: AIV-30, CoreType=AIV, block dim=32, total_block_num=32, block_remain_len=1048448, block_initial_space=1048576, rsv=0, magic=5aa5bccd
CANN Version: 8.0.RC3, TimeStamp: 20241026152044625
opType=reset_value, DumpHead: AIV-31, CoreType=AIV, block dim=32, total_block_num=32, block_remain_len=1048448, block_initial_space=1048576, rsv=0, magic=5aa5bccd
CANN Version: 8.0.RC3, TimeStamp: 20241026152044625
opType=reset_value, DumpHead: AIV-0, CoreType=AIV, block dim=32, total_block_num=32, block_remain_len=1048408, block_initial_space=1048576, rsv=0, magic=5aa5bccd
CANN Version: 8.0.RC3, TimeStamp: 20241026152044625
Reset Value ...
opType=reset_value, DumpHead: AIV-1, CoreType=AIV, block dim=32, total_block_num=32, block_remain_len=1048448, block_initial_space=1048576, rsv=0, magic=5aa5bccd
CANN Version: 8.0.RC3, TimeStamp: 20241026152044625
opType=reset_value, DumpHead: AIV-2, CoreType=AIV, block dim=32, total_block_num=32, block_remain_len=1048448, block_initial_space=1048576, rsv=0, magic=5aa5bccd
CANN Version: 8.0.RC3, TimeStamp: 20241026152044625
opType=reset_value, DumpHead: AIV-3, CoreType=AIV, block dim=32, total_block_num=32, block_remain_len=1048448, block_initial_space=1048576, rsv=0, magic=5aa5bccd
CANN Version: 8.0.RC3, TimeStamp: 20241026152044625
opType=reset_value, DumpHead: AIV-4, CoreType=AIV, block dim=32, total_block_num=32, block_remain_len=1048448, block_initial_space=1048576, rsv=0, magic=5aa5bccd
CANN Version: 8.0.RC3, TimeStamp: 20241026152044625
opType=reset_value, DumpHead: AIV-5, CoreType=AIV, block dim=32, total_block_num=32, block_remain_len=1048448, block_initial_space=1048576, rsv=0, magic=5aa5bccd
CANN Version: 8.0.RC3, TimeStamp: 20241026152044625
opType=reset_value, DumpHead: AIV-6, CoreType=AIV, block dim=32, total_block_num=32, block_remain_len=1048448, block_initial_space=1048576, rsv=0, magic=5aa5bccd
CANN Version: 8.0.RC3, TimeStamp: 20241026152044625
opType=reset_value, DumpHead: AIV-7, CoreType=AIV, block dim=32, total_block_num=32, block_remain_len=1048448, block_initial_space=1048576, rsv=0, magic=5aa5bccd
CANN Version: 8.0.RC3, TimeStamp: 20241026152044625
opType=reset_value, DumpHead: AIV-8, CoreType=AIV, block dim=32, total_block_num=32, block_remain_len=1048448, block_initial_space=1048576, rsv=0, magic=5aa5bccd
CANN Version: 8.0.RC3, TimeStamp: 20241026152044625
opType=reset_value, DumpHead: AIV-9, CoreType=AIV, block dim=32, total_block_num=32, block_remain_len=1048448, block_initial_space=1048576, rsv=0, magic=5aa5bccd
CANN Version: 8.0.RC3, TimeStamp: 20241026152044625
opType=reset_value, DumpHead: AIV-10, CoreType=AIV, block dim=32, total_block_num=32, block_remain_len=1048448, block_initial_space=1048576, rsv=0, magic=5aa5bccd
CANN Version: 8.0.RC3, TimeStamp: 20241026152044625
opType=reset_value, DumpHead: AIV-11, CoreType=AIV, block dim=32, total_block_num=32, block_remain_len=1048448, block_initial_space=1048576, rsv=0, magic=5aa5bccd
CANN Version: 8.0.RC3, TimeStamp: 20241026152044625
opType=reset_value, DumpHead: AIV-12, CoreType=AIV, block dim=32, total_block_num=32, block_remain_len=1048448, block_initial_space=1048576, rsv=0, magic=5aa5bccd
CANN Version: 8.0.RC3, TimeStamp: 20241026152044625
opType=reset_value, DumpHead: AIV-13, CoreType=AIV, block dim=32, total_block_num=32, block_remain_len=1048448, block_initial_space=1048576, rsv=0, magic=5aa5bccd
CANN Version: 8.0.RC3, TimeStamp: 20241026152044625
opType=reset_value, DumpHead: AIV-14, CoreType=AIV, block dim=32, total_block_num=32, block_remain_len=1048448, block_initial_space=1048576, rsv=0, magic=5aa5bccd
CANN Version: 8.0.RC3, TimeStamp: 20241026152044625
opType=reset_value, DumpHead: AIV-15, CoreType=AIV, block dim=32, total_block_num=32, block_remain_len=1048448, block_initial_space=1048576, rsv=0, magic=5aa5bccd
CANN Version: 8.0.RC3, TimeStamp: 20241026152044625
opType=reset_value, DumpHead: AIV-16, CoreType=AIV, block dim=32, total_block_num=32, block_remain_len=1048448, block_initial_space=1048576, rsv=0, magic=5aa5bccd
CANN Version: 8.0.RC3, TimeStamp: 20241026152044625
opType=reset_value, DumpHead: AIV-17, CoreType=AIV, block dim=32, total_block_num=32, block_remain_len=1048448, block_initial_space=1048576, rsv=0, magic=5aa5bccd
CANN Version: 8.0.RC3, TimeStamp: 20241026152044625
opType=reset_value, DumpHead: AIV-18, CoreType=AIV, block dim=32, total_block_num=32, block_remain_len=1048448, block_initial_space=1048576, rsv=0, magic=5aa5bccd
CANN Version: 8.0.RC3, TimeStamp: 20241026152044625
opType=reset_value, DumpHead: AIV-19, CoreType=AIV, block dim=32, total_block_num=32, block_remain_len=1048448, block_initial_space=1048576, rsv=0, magic=5aa5bccd
CANN Version: 8.0.RC3, TimeStamp: 20241026152044625
opType=reset_value, DumpHead: AIV-20, CoreType=AIV, block dim=32, total_block_num=32, block_remain_len=1048448, block_initial_space=1048576, rsv=0, magic=5aa5bccd
CANN Version: 8.0.RC3, TimeStamp: 20241026152044625
opType=reset_value, DumpHead: AIV-21, CoreType=AIV, block dim=32, total_block_num=32, block_remain_len=1048448, block_initial_space=1048576, rsv=0, magic=5aa5bccd
CANN Version: 8.0.RC3, TimeStamp: 20241026152044625
opType=reset_value, DumpHead: AIV-22, CoreType=AIV, block dim=32, total_block_num=32, block_remain_len=1048448, block_initial_space=1048576, rsv=0, magic=5aa5bccd
CANN Version: 8.0.RC3, TimeStamp: 20241026152044625
opType=reset_value, DumpHead: AIV-23, CoreType=AIV, block dim=32, total_block_num=32, block_remain_len=1048448, block_initial_space=1048576, rsv=0, magic=5aa5bccd
CANN Version: 8.0.RC3, TimeStamp: 20241026152044625
opType=reset_value, DumpHead: AIV-24, CoreType=AIV, block dim=32, total_block_num=32, block_remain_len=1048448, block_initial_space=1048576, rsv=0, magic=5aa5bccd
CANN Version: 8.0.RC3, TimeStamp: 20241026152044625
opType=reset_value, DumpHead: AIV-25, CoreType=AIV, block dim=32, total_block_num=32, block_remain_len=1048448, block_initial_space=1048576, rsv=0, magic=5aa5bccd
CANN Version: 8.0.RC3, TimeStamp: 20241026152044625
opType=reset_value, DumpHead: AIV-26, CoreType=AIV, block dim=32, total_block_num=32, block_remain_len=1048448, block_initial_space=1048576, rsv=0, magic=5aa5bccd
CANN Version: 8.0.RC3, TimeStamp: 20241026152044625
opType=reset_value, DumpHead: AIV-27, CoreType=AIV, block dim=32, total_block_num=32, block_remain_len=1048448, block_initial_space=1048576, rsv=0, magic=5aa5bccd
CANN Version: 8.0.RC3, TimeStamp: 20241026152044625
opType=reset_value, DumpHead: AIV-28, CoreType=AIV, block dim=32, total_block_num=32, block_remain_len=1048448, block_initial_space=1048576, rsv=0, magic=5aa5bccd
CANN Version: 8.0.RC3, TimeStamp: 20241026152044625
opType=reset_value, DumpHead: AIV-29, CoreType=AIV, block dim=32, total_block_num=32, block_remain_len=1048448, block_initial_space=1048576, rsv=0, magic=5aa5bccd
CANN Version: 8.0.RC3, TimeStamp: 20241026152044625
opType=reset_value, DumpHead: AIV-30, CoreType=AIV, block dim=32, total_block_num=32, block_remain_len=1048448, block_initial_space=1048576, rsv=0, magic=5aa5bccd
CANN Version: 8.0.RC3, TimeStamp: 20241026152044625
opType=reset_value, DumpHead: AIV-31, CoreType=AIV, block dim=32, total_block_num=32, block_remain_len=1048448, block_initial_space=1048576, rsv=0, magic=5aa5bccd
CANN Version: 8.0.RC3, TimeStamp: 20241026152044625
opType=reset_value, DumpHead: AIV-0, CoreType=AIV, block dim=32, total_block_num=32, block_remain_len=1048408, block_initial_space=1048576, rsv=0, magic=5aa5bccd
CANN Version: 8.0.RC3, TimeStamp: 20241026152044625
Reset Value ...
opType=reset_value, DumpHead: AIV-1, CoreType=AIV, block dim=32, total_block_num=32, block_remain_len=1048448, block_initial_space=1048576, rsv=0, magic=5aa5bccd
CANN Version: 8.0.RC3, TimeStamp: 20241026152044625
opType=reset_value, DumpHead: AIV-2, CoreType=AIV, block dim=32, total_block_num=32, block_remain_len=1048448, block_initial_space=1048576, rsv=0, magic=5aa5bccd
CANN Version: 8.0.RC3, TimeStamp: 20241026152044625
opType=reset_value, DumpHead: AIV-3, CoreType=AIV, block dim=32, total_block_num=32, block_remain_len=1048448, block_initial_space=1048576, rsv=0, magic=5aa5bccd
CANN Version: 8.0.RC3, TimeStamp: 20241026152044625
opType=reset_value, DumpHead: AIV-4, CoreType=AIV, block dim=32, total_block_num=32, block_remain_len=1048448, block_initial_space=1048576, rsv=0, magic=5aa5bccd
CANN Version: 8.0.RC3, TimeStamp: 20241026152044625
opType=reset_value, DumpHead: AIV-5, CoreType=AIV, block dim=32, total_block_num=32, block_remain_len=1048448, block_initial_space=1048576, rsv=0, magic=5aa5bccd
CANN Version: 8.0.RC3, TimeStamp: 20241026152044625
opType=reset_value, DumpHead: AIV-6, CoreType=AIV, block dim=32, total_block_num=32, block_remain_len=1048448, block_initial_space=1048576, rsv=0, magic=5aa5bccd
CANN Version: 8.0.RC3, TimeStamp: 20241026152044625
opType=reset_value, DumpHead: AIV-7, CoreType=AIV, block dim=32, total_block_num=32, block_remain_len=1048448, block_initial_space=1048576, rsv=0, magic=5aa5bccd
CANN Version: 8.0.RC3, TimeStamp: 20241026152044625
opType=reset_value, DumpHead: AIV-8, CoreType=AIV, block dim=32, total_block_num=32, block_remain_len=1048448, block_initial_space=1048576, rsv=0, magic=5aa5bccd
CANN Version: 8.0.RC3, TimeStamp: 20241026152044625
opType=reset_value, DumpHead: AIV-9, CoreType=AIV, block dim=32, total_block_num=32, block_remain_len=1048448, block_initial_space=1048576, rsv=0, magic=5aa5bccd
CANN Version: 8.0.RC3, TimeStamp: 20241026152044625
opType=reset_value, DumpHead: AIV-10, CoreType=AIV, block dim=32, total_block_num=32, block_remain_len=1048448, block_initial_space=1048576, rsv=0, magic=5aa5bccd
CANN Version: 8.0.RC3, TimeStamp: 20241026152044625
opType=reset_value, DumpHead: AIV-11, CoreType=AIV, block dim=32, total_block_num=32, block_remain_len=1048448, block_initial_space=1048576, rsv=0, magic=5aa5bccd
CANN Version: 8.0.RC3, TimeStamp: 20241026152044625
opType=reset_value, DumpHead: AIV-12, CoreType=AIV, block dim=32, total_block_num=32, block_remain_len=1048448, block_initial_space=1048576, rsv=0, magic=5aa5bccd
CANN Version: 8.0.RC3, TimeStamp: 20241026152044625
opType=reset_value, DumpHead: AIV-13, CoreType=AIV, block dim=32, total_block_num=32, block_remain_len=1048448, block_initial_space=1048576, rsv=0, magic=5aa5bccd
CANN Version: 8.0.RC3, TimeStamp: 20241026152044625
opType=reset_value, DumpHead: AIV-14, CoreType=AIV, block dim=32, total_block_num=32, block_remain_len=1048448, block_initial_space=1048576, rsv=0, magic=5aa5bccd
CANN Version: 8.0.RC3, TimeStamp: 20241026152044625
opType=reset_value, DumpHead: AIV-15, CoreType=AIV, block dim=32, total_block_num=32, block_remain_len=1048448, block_initial_space=1048576, rsv=0, magic=5aa5bccd
CANN Version: 8.0.RC3, TimeStamp: 20241026152044625
opType=reset_value, DumpHead: AIV-16, CoreType=AIV, block dim=32, total_block_num=32, block_remain_len=1048448, block_initial_space=1048576, rsv=0, magic=5aa5bccd
CANN Version: 8.0.RC3, TimeStamp: 20241026152044625
opType=reset_value, DumpHead: AIV-17, CoreType=AIV, block dim=32, total_block_num=32, block_remain_len=1048448, block_initial_space=1048576, rsv=0, magic=5aa5bccd
CANN Version: 8.0.RC3, TimeStamp: 20241026152044625
opType=reset_value, DumpHead: AIV-18, CoreType=AIV, block dim=32, total_block_num=32, block_remain_len=1048448, block_initial_space=1048576, rsv=0, magic=5aa5bccd
CANN Version: 8.0.RC3, TimeStamp: 20241026152044625
opType=reset_value, DumpHead: AIV-19, CoreType=AIV, block dim=32, total_block_num=32, block_remain_len=1048448, block_initial_space=1048576, rsv=0, magic=5aa5bccd
CANN Version: 8.0.RC3, TimeStamp: 20241026152044625
opType=reset_value, DumpHead: AIV-20, CoreType=AIV, block dim=32, total_block_num=32, block_remain_len=1048448, block_initial_space=1048576, rsv=0, magic=5aa5bccd
CANN Version: 8.0.RC3, TimeStamp: 20241026152044625
opType=reset_value, DumpHead: AIV-21, CoreType=AIV, block dim=32, total_block_num=32, block_remain_len=1048448, block_initial_space=1048576, rsv=0, magic=5aa5bccd
CANN Version: 8.0.RC3, TimeStamp: 20241026152044625
opType=reset_value, DumpHead: AIV-22, CoreType=AIV, block dim=32, total_block_num=32, block_remain_len=1048448, block_initial_space=1048576, rsv=0, magic=5aa5bccd
CANN Version: 8.0.RC3, TimeStamp: 20241026152044625
opType=reset_value, DumpHead: AIV-23, CoreType=AIV, block dim=32, total_block_num=32, block_remain_len=1048448, block_initial_space=1048576, rsv=0, magic=5aa5bccd
CANN Version: 8.0.RC3, TimeStamp: 20241026152044625
opType=reset_value, DumpHead: AIV-24, CoreType=AIV, block dim=32, total_block_num=32, block_remain_len=1048448, block_initial_space=1048576, rsv=0, magic=5aa5bccd
CANN Version: 8.0.RC3, TimeStamp: 20241026152044625
opType=reset_value, DumpHead: AIV-25, CoreType=AIV, block dim=32, total_block_num=32, block_remain_len=1048448, block_initial_space=1048576, rsv=0, magic=5aa5bccd
CANN Version: 8.0.RC3, TimeStamp: 20241026152044625
opType=reset_value, DumpHead: AIV-26, CoreType=AIV, block dim=32, total_block_num=32, block_remain_len=1048448, block_initial_space=1048576, rsv=0, magic=5aa5bccd
CANN Version: 8.0.RC3, TimeStamp: 20241026152044625
opType=reset_value, DumpHead: AIV-27, CoreType=AIV, block dim=32, total_block_num=32, block_remain_len=1048448, block_initial_space=1048576, rsv=0, magic=5aa5bccd
CANN Version: 8.0.RC3, TimeStamp: 20241026152044625
opType=reset_value, DumpHead: AIV-28, CoreType=AIV, block dim=32, total_block_num=32, block_remain_len=1048448, block_initial_space=1048576, rsv=0, magic=5aa5bccd
CANN Version: 8.0.RC3, TimeStamp: 20241026152044625
opType=reset_value, DumpHead: AIV-29, CoreType=AIV, block dim=32, total_block_num=32, block_remain_len=1048448, block_initial_space=1048576, rsv=0, magic=5aa5bccd
CANN Version: 8.0.RC3, TimeStamp: 20241026152044625
opType=reset_value, DumpHead: AIV-30, CoreType=AIV, block dim=32, total_block_num=32, block_remain_len=1048448, block_initial_space=1048576, rsv=0, magic=5aa5bccd
CANN Version: 8.0.RC3, TimeStamp: 20241026152044625
opType=reset_value, DumpHead: AIV-31, CoreType=AIV, block dim=32, total_block_num=32, block_remain_len=1048448, block_initial_space=1048576, rsv=0, magic=5aa5bccd
CANN Version: 8.0.RC3, TimeStamp: 20241026152044625
opType=compute_msg, DumpHead: AIV-0, CoreType=AIV, block dim=32, total_block_num=32, block_remain_len=1048408, block_initial_space=1048576, rsv=0, magic=5aa5bccd
CANN Version: 8.0.RC3, TimeStamp: 20241026152044625
Compute Message ...
opType=compute_msg, DumpHead: AIV-1, CoreType=AIV, block dim=32, total_block_num=32, block_remain_len=1048448, block_initial_space=1048576, rsv=0, magic=5aa5bccd
CANN Version: 8.0.RC3, TimeStamp: 20241026152044625
opType=compute_msg, DumpHead: AIV-2, CoreType=AIV, block dim=32, total_block_num=32, block_remain_len=1048448, block_initial_space=1048576, rsv=0, magic=5aa5bccd
CANN Version: 8.0.RC3, TimeStamp: 20241026152044625
opType=compute_msg, DumpHead: AIV-3, CoreType=AIV, block dim=32, total_block_num=32, block_remain_len=1048448, block_initial_space=1048576, rsv=0, magic=5aa5bccd
CANN Version: 8.0.RC3, TimeStamp: 20241026152044625
opType=compute_msg, DumpHead: AIV-4, CoreType=AIV, block dim=32, total_block_num=32, block_remain_len=1048448, block_initial_space=1048576, rsv=0, magic=5aa5bccd
CANN Version: 8.0.RC3, TimeStamp: 20241026152044625
opType=compute_msg, DumpHead: AIV-5, CoreType=AIV, block dim=32, total_block_num=32, block_remain_len=1048448, block_initial_space=1048576, rsv=0, magic=5aa5bccd
CANN Version: 8.0.RC3, TimeStamp: 20241026152044625
opType=compute_msg, DumpHead: AIV-6, CoreType=AIV, block dim=32, total_block_num=32, block_remain_len=1048448, block_initial_space=1048576, rsv=0, magic=5aa5bccd
CANN Version: 8.0.RC3, TimeStamp: 20241026152044625
opType=compute_msg, DumpHead: AIV-7, CoreType=AIV, block dim=32, total_block_num=32, block_remain_len=1048448, block_initial_space=1048576, rsv=0, magic=5aa5bccd
CANN Version: 8.0.RC3, TimeStamp: 20241026152044625
opType=compute_msg, DumpHead: AIV-8, CoreType=AIV, block dim=32, total_block_num=32, block_remain_len=1048448, block_initial_space=1048576, rsv=0, magic=5aa5bccd
CANN Version: 8.0.RC3, TimeStamp: 20241026152044625
opType=compute_msg, DumpHead: AIV-9, CoreType=AIV, block dim=32, total_block_num=32, block_remain_len=1048448, block_initial_space=1048576, rsv=0, magic=5aa5bccd
CANN Version: 8.0.RC3, TimeStamp: 20241026152044625
opType=compute_msg, DumpHead: AIV-10, CoreType=AIV, block dim=32, total_block_num=32, block_remain_len=1048448, block_initial_space=1048576, rsv=0, magic=5aa5bccd
CANN Version: 8.0.RC3, TimeStamp: 20241026152044625
opType=compute_msg, DumpHead: AIV-11, CoreType=AIV, block dim=32, total_block_num=32, block_remain_len=1048448, block_initial_space=1048576, rsv=0, magic=5aa5bccd
CANN Version: 8.0.RC3, TimeStamp: 20241026152044625
opType=compute_msg, DumpHead: AIV-12, CoreType=AIV, block dim=32, total_block_num=32, block_remain_len=1048448, block_initial_space=1048576, rsv=0, magic=5aa5bccd
CANN Version: 8.0.RC3, TimeStamp: 20241026152044625
opType=compute_msg, DumpHead: AIV-13, CoreType=AIV, block dim=32, total_block_num=32, block_remain_len=1048448, block_initial_space=1048576, rsv=0, magic=5aa5bccd
CANN Version: 8.0.RC3, TimeStamp: 20241026152044625
opType=compute_msg, DumpHead: AIV-14, CoreType=AIV, block dim=32, total_block_num=32, block_remain_len=1048448, block_initial_space=1048576, rsv=0, magic=5aa5bccd
CANN Version: 8.0.RC3, TimeStamp: 20241026152044625
opType=compute_msg, DumpHead: AIV-15, CoreType=AIV, block dim=32, total_block_num=32, block_remain_len=1048448, block_initial_space=1048576, rsv=0, magic=5aa5bccd
CANN Version: 8.0.RC3, TimeStamp: 20241026152044625
opType=compute_msg, DumpHead: AIV-16, CoreType=AIV, block dim=32, total_block_num=32, block_remain_len=1048448, block_initial_space=1048576, rsv=0, magic=5aa5bccd
CANN Version: 8.0.RC3, TimeStamp: 20241026152044625
opType=compute_msg, DumpHead: AIV-17, CoreType=AIV, block dim=32, total_block_num=32, block_remain_len=1048448, block_initial_space=1048576, rsv=0, magic=5aa5bccd
CANN Version: 8.0.RC3, TimeStamp: 20241026152044625
opType=compute_msg, DumpHead: AIV-18, CoreType=AIV, block dim=32, total_block_num=32, block_remain_len=1048448, block_initial_space=1048576, rsv=0, magic=5aa5bccd
CANN Version: 8.0.RC3, TimeStamp: 20241026152044625
opType=compute_msg, DumpHead: AIV-19, CoreType=AIV, block dim=32, total_block_num=32, block_remain_len=1048448, block_initial_space=1048576, rsv=0, magic=5aa5bccd
CANN Version: 8.0.RC3, TimeStamp: 20241026152044625
opType=compute_msg, DumpHead: AIV-20, CoreType=AIV, block dim=32, total_block_num=32, block_remain_len=1048448, block_initial_space=1048576, rsv=0, magic=5aa5bccd
CANN Version: 8.0.RC3, TimeStamp: 20241026152044625
opType=compute_msg, DumpHead: AIV-21, CoreType=AIV, block dim=32, total_block_num=32, block_remain_len=1048448, block_initial_space=1048576, rsv=0, magic=5aa5bccd
CANN Version: 8.0.RC3, TimeStamp: 20241026152044625
opType=compute_msg, DumpHead: AIV-22, CoreType=AIV, block dim=32, total_block_num=32, block_remain_len=1048448, block_initial_space=1048576, rsv=0, magic=5aa5bccd
CANN Version: 8.0.RC3, TimeStamp: 20241026152044625
opType=compute_msg, DumpHead: AIV-23, CoreType=AIV, block dim=32, total_block_num=32, block_remain_len=1048448, block_initial_space=1048576, rsv=0, magic=5aa5bccd
CANN Version: 8.0.RC3, TimeStamp: 20241026152044625
opType=compute_msg, DumpHead: AIV-24, CoreType=AIV, block dim=32, total_block_num=32, block_remain_len=1048448, block_initial_space=1048576, rsv=0, magic=5aa5bccd
CANN Version: 8.0.RC3, TimeStamp: 20241026152044625
opType=compute_msg, DumpHead: AIV-25, CoreType=AIV, block dim=32, total_block_num=32, block_remain_len=1048448, block_initial_space=1048576, rsv=0, magic=5aa5bccd
CANN Version: 8.0.RC3, TimeStamp: 20241026152044625
opType=compute_msg, DumpHead: AIV-26, CoreType=AIV, block dim=32, total_block_num=32, block_remain_len=1048448, block_initial_space=1048576, rsv=0, magic=5aa5bccd
CANN Version: 8.0.RC3, TimeStamp: 20241026152044625
opType=compute_msg, DumpHead: AIV-27, CoreType=AIV, block dim=32, total_block_num=32, block_remain_len=1048448, block_initial_space=1048576, rsv=0, magic=5aa5bccd
CANN Version: 8.0.RC3, TimeStamp: 20241026152044625
opType=compute_msg, DumpHead: AIV-28, CoreType=AIV, block dim=32, total_block_num=32, block_remain_len=1048448, block_initial_space=1048576, rsv=0, magic=5aa5bccd
CANN Version: 8.0.RC3, TimeStamp: 20241026152044625
opType=compute_msg, DumpHead: AIV-29, CoreType=AIV, block dim=32, total_block_num=32, block_remain_len=1048448, block_initial_space=1048576, rsv=0, magic=5aa5bccd
CANN Version: 8.0.RC3, TimeStamp: 20241026152044625
opType=compute_msg, DumpHead: AIV-30, CoreType=AIV, block dim=32, total_block_num=32, block_remain_len=1048448, block_initial_space=1048576, rsv=0, magic=5aa5bccd
CANN Version: 8.0.RC3, TimeStamp: 20241026152044625
opType=compute_msg, DumpHead: AIV-31, CoreType=AIV, block dim=32, total_block_num=32, block_remain_len=1048448, block_initial_space=1048576, rsv=0, magic=5aa5bccd
CANN Version: 8.0.RC3, TimeStamp: 20241026152044625
opType=compute_msg, DumpHead: AIV-0, CoreType=AIV, block dim=32, total_block_num=32, block_remain_len=1048408, block_initial_space=1048576, rsv=0, magic=5aa5bccd
CANN Version: 8.0.RC3, TimeStamp: 20241026152044625
Compute Message ...
opType=compute_msg, DumpHead: AIV-1, CoreType=AIV, block dim=32, total_block_num=32, block_remain_len=1048448, block_initial_space=1048576, rsv=0, magic=5aa5bccd
CANN Version: 8.0.RC3, TimeStamp: 20241026152044625
opType=compute_msg, DumpHead: AIV-2, CoreType=AIV, block dim=32, total_block_num=32, block_remain_len=1048448, block_initial_space=1048576, rsv=0, magic=5aa5bccd
CANN Version: 8.0.RC3, TimeStamp: 20241026152044625
opType=compute_msg, DumpHead: AIV-3, CoreType=AIV, block dim=32, total_block_num=32, block_remain_len=1048448, block_initial_space=1048576, rsv=0, magic=5aa5bccd
CANN Version: 8.0.RC3, TimeStamp: 20241026152044625
opType=compute_msg, DumpHead: AIV-4, CoreType=AIV, block dim=32, total_block_num=32, block_remain_len=1048448, block_initial_space=1048576, rsv=0, magic=5aa5bccd
CANN Version: 8.0.RC3, TimeStamp: 20241026152044625
opType=compute_msg, DumpHead: AIV-5, CoreType=AIV, block dim=32, total_block_num=32, block_remain_len=1048448, block_initial_space=1048576, rsv=0, magic=5aa5bccd
CANN Version: 8.0.RC3, TimeStamp: 20241026152044625
opType=compute_msg, DumpHead: AIV-6, CoreType=AIV, block dim=32, total_block_num=32, block_remain_len=1048448, block_initial_space=1048576, rsv=0, magic=5aa5bccd
CANN Version: 8.0.RC3, TimeStamp: 20241026152044625
opType=compute_msg, DumpHead: AIV-7, CoreType=AIV, block dim=32, total_block_num=32, block_remain_len=1048448, block_initial_space=1048576, rsv=0, magic=5aa5bccd
CANN Version: 8.0.RC3, TimeStamp: 20241026152044625
opType=compute_msg, DumpHead: AIV-8, CoreType=AIV, block dim=32, total_block_num=32, block_remain_len=1048448, block_initial_space=1048576, rsv=0, magic=5aa5bccd
CANN Version: 8.0.RC3, TimeStamp: 20241026152044625
opType=compute_msg, DumpHead: AIV-9, CoreType=AIV, block dim=32, total_block_num=32, block_remain_len=1048448, block_initial_space=1048576, rsv=0, magic=5aa5bccd
CANN Version: 8.0.RC3, TimeStamp: 20241026152044625
opType=compute_msg, DumpHead: AIV-10, CoreType=AIV, block dim=32, total_block_num=32, block_remain_len=1048448, block_initial_space=1048576, rsv=0, magic=5aa5bccd
CANN Version: 8.0.RC3, TimeStamp: 20241026152044625
opType=compute_msg, DumpHead: AIV-11, CoreType=AIV, block dim=32, total_block_num=32, block_remain_len=1048448, block_initial_space=1048576, rsv=0, magic=5aa5bccd
CANN Version: 8.0.RC3, TimeStamp: 20241026152044625
opType=compute_msg, DumpHead: AIV-12, CoreType=AIV, block dim=32, total_block_num=32, block_remain_len=1048448, block_initial_space=1048576, rsv=0, magic=5aa5bccd
CANN Version: 8.0.RC3, TimeStamp: 20241026152044625
opType=compute_msg, DumpHead: AIV-13, CoreType=AIV, block dim=32, total_block_num=32, block_remain_len=1048448, block_initial_space=1048576, rsv=0, magic=5aa5bccd
CANN Version: 8.0.RC3, TimeStamp: 20241026152044625
opType=compute_msg, DumpHead: AIV-14, CoreType=AIV, block dim=32, total_block_num=32, block_remain_len=1048448, block_initial_space=1048576, rsv=0, magic=5aa5bccd
CANN Version: 8.0.RC3, TimeStamp: 20241026152044625
opType=compute_msg, DumpHead: AIV-15, CoreType=AIV, block dim=32, total_block_num=32, block_remain_len=1048448, block_initial_space=1048576, rsv=0, magic=5aa5bccd
CANN Version: 8.0.RC3, TimeStamp: 20241026152044625
opType=compute_msg, DumpHead: AIV-16, CoreType=AIV, block dim=32, total_block_num=32, block_remain_len=1048448, block_initial_space=1048576, rsv=0, magic=5aa5bccd
CANN Version: 8.0.RC3, TimeStamp: 20241026152044625
opType=compute_msg, DumpHead: AIV-17, CoreType=AIV, block dim=32, total_block_num=32, block_remain_len=1048448, block_initial_space=1048576, rsv=0, magic=5aa5bccd
CANN Version: 8.0.RC3, TimeStamp: 20241026152044625
opType=compute_msg, DumpHead: AIV-18, CoreType=AIV, block dim=32, total_block_num=32, block_remain_len=1048448, block_initial_space=1048576, rsv=0, magic=5aa5bccd
CANN Version: 8.0.RC3, TimeStamp: 20241026152044625
opType=compute_msg, DumpHead: AIV-19, CoreType=AIV, block dim=32, total_block_num=32, block_remain_len=1048448, block_initial_space=1048576, rsv=0, magic=5aa5bccd
CANN Version: 8.0.RC3, TimeStamp: 20241026152044625
opType=compute_msg, DumpHead: AIV-20, CoreType=AIV, block dim=32, total_block_num=32, block_remain_len=1048448, block_initial_space=1048576, rsv=0, magic=5aa5bccd
CANN Version: 8.0.RC3, TimeStamp: 20241026152044625
opType=compute_msg, DumpHead: AIV-21, CoreType=AIV, block dim=32, total_block_num=32, block_remain_len=1048448, block_initial_space=1048576, rsv=0, magic=5aa5bccd
CANN Version: 8.0.RC3, TimeStamp: 20241026152044625
opType=compute_msg, DumpHead: AIV-22, CoreType=AIV, block dim=32, total_block_num=32, block_remain_len=1048448, block_initial_space=1048576, rsv=0, magic=5aa5bccd
CANN Version: 8.0.RC3, TimeStamp: 20241026152044625
opType=compute_msg, DumpHead: AIV-23, CoreType=AIV, block dim=32, total_block_num=32, block_remain_len=1048448, block_initial_space=1048576, rsv=0, magic=5aa5bccd
CANN Version: 8.0.RC3, TimeStamp: 20241026152044625
opType=compute_msg, DumpHead: AIV-24, CoreType=AIV, block dim=32, total_block_num=32, block_remain_len=1048448, block_initial_space=1048576, rsv=0, magic=5aa5bccd
CANN Version: 8.0.RC3, TimeStamp: 20241026152044625
opType=compute_msg, DumpHead: AIV-25, CoreType=AIV, block dim=32, total_block_num=32, block_remain_len=1048448, block_initial_space=1048576, rsv=0, magic=5aa5bccd
CANN Version: 8.0.RC3, TimeStamp: 20241026152044625
opType=compute_msg, DumpHead: AIV-26, CoreType=AIV, block dim=32, total_block_num=32, block_remain_len=1048448, block_initial_space=1048576, rsv=0, magic=5aa5bccd
CANN Version: 8.0.RC3, TimeStamp: 20241026152044625
opType=compute_msg, DumpHead: AIV-27, CoreType=AIV, block dim=32, total_block_num=32, block_remain_len=1048448, block_initial_space=1048576, rsv=0, magic=5aa5bccd
CANN Version: 8.0.RC3, TimeStamp: 20241026152044625
opType=compute_msg, DumpHead: AIV-28, CoreType=AIV, block dim=32, total_block_num=32, block_remain_len=1048448, block_initial_space=1048576, rsv=0, magic=5aa5bccd
CANN Version: 8.0.RC3, TimeStamp: 20241026152044625
opType=compute_msg, DumpHead: AIV-29, CoreType=AIV, block dim=32, total_block_num=32, block_remain_len=1048448, block_initial_space=1048576, rsv=0, magic=5aa5bccd
CANN Version: 8.0.RC3, TimeStamp: 20241026152044625
opType=compute_msg, DumpHead: AIV-30, CoreType=AIV, block dim=32, total_block_num=32, block_remain_len=1048448, block_initial_space=1048576, rsv=0, magic=5aa5bccd
CANN Version: 8.0.RC3, TimeStamp: 20241026152044625
opType=compute_msg, DumpHead: AIV-31, CoreType=AIV, block dim=32, total_block_num=32, block_remain_len=1048448, block_initial_space=1048576, rsv=0, magic=5aa5bccd
CANN Version: 8.0.RC3, TimeStamp: 20241026152044625
opType=compute_msg, DumpHead: AIV-0, CoreType=AIV, block dim=32, total_block_num=32, block_remain_len=1048408, block_initial_space=1048576, rsv=0, magic=5aa5bccd
CANN Version: 8.0.RC3, TimeStamp: 20241026152044625
Compute Message ...
opType=compute_msg, DumpHead: AIV-1, CoreType=AIV, block dim=32, total_block_num=32, block_remain_len=1048448, block_initial_space=1048576, rsv=0, magic=5aa5bccd
CANN Version: 8.0.RC3, TimeStamp: 20241026152044625
opType=compute_msg, DumpHead: AIV-2, CoreType=AIV, block dim=32, total_block_num=32, block_remain_len=1048448, block_initial_space=1048576, rsv=0, magic=5aa5bccd
CANN Version: 8.0.RC3, TimeStamp: 20241026152044625
opType=compute_msg, DumpHead: AIV-3, CoreType=AIV, block dim=32, total_block_num=32, block_remain_len=1048448, block_initial_space=1048576, rsv=0, magic=5aa5bccd
CANN Version: 8.0.RC3, TimeStamp: 20241026152044625
opType=compute_msg, DumpHead: AIV-4, CoreType=AIV, block dim=32, total_block_num=32, block_remain_len=1048448, block_initial_space=1048576, rsv=0, magic=5aa5bccd
CANN Version: 8.0.RC3, TimeStamp: 20241026152044625
opType=compute_msg, DumpHead: AIV-5, CoreType=AIV, block dim=32, total_block_num=32, block_remain_len=1048448, block_initial_space=1048576, rsv=0, magic=5aa5bccd
CANN Version: 8.0.RC3, TimeStamp: 20241026152044625
opType=compute_msg, DumpHead: AIV-6, CoreType=AIV, block dim=32, total_block_num=32, block_remain_len=1048448, block_initial_space=1048576, rsv=0, magic=5aa5bccd
CANN Version: 8.0.RC3, TimeStamp: 20241026152044625
opType=compute_msg, DumpHead: AIV-7, CoreType=AIV, block dim=32, total_block_num=32, block_remain_len=1048448, block_initial_space=1048576, rsv=0, magic=5aa5bccd
CANN Version: 8.0.RC3, TimeStamp: 20241026152044625
opType=compute_msg, DumpHead: AIV-8, CoreType=AIV, block dim=32, total_block_num=32, block_remain_len=1048448, block_initial_space=1048576, rsv=0, magic=5aa5bccd
CANN Version: 8.0.RC3, TimeStamp: 20241026152044625
opType=compute_msg, DumpHead: AIV-9, CoreType=AIV, block dim=32, total_block_num=32, block_remain_len=1048448, block_initial_space=1048576, rsv=0, magic=5aa5bccd
CANN Version: 8.0.RC3, TimeStamp: 20241026152044625
opType=compute_msg, DumpHead: AIV-10, CoreType=AIV, block dim=32, total_block_num=32, block_remain_len=1048448, block_initial_space=1048576, rsv=0, magic=5aa5bccd
CANN Version: 8.0.RC3, TimeStamp: 20241026152044625
opType=compute_msg, DumpHead: AIV-11, CoreType=AIV, block dim=32, total_block_num=32, block_remain_len=1048448, block_initial_space=1048576, rsv=0, magic=5aa5bccd
CANN Version: 8.0.RC3, TimeStamp: 20241026152044625
opType=compute_msg, DumpHead: AIV-12, CoreType=AIV, block dim=32, total_block_num=32, block_remain_len=1048448, block_initial_space=1048576, rsv=0, magic=5aa5bccd
CANN Version: 8.0.RC3, TimeStamp: 20241026152044625
opType=compute_msg, DumpHead: AIV-13, CoreType=AIV, block dim=32, total_block_num=32, block_remain_len=1048448, block_initial_space=1048576, rsv=0, magic=5aa5bccd
CANN Version: 8.0.RC3, TimeStamp: 20241026152044625
opType=compute_msg, DumpHead: AIV-14, CoreType=AIV, block dim=32, total_block_num=32, block_remain_len=1048448, block_initial_space=1048576, rsv=0, magic=5aa5bccd
CANN Version: 8.0.RC3, TimeStamp: 20241026152044625
opType=compute_msg, DumpHead: AIV-15, CoreType=AIV, block dim=32, total_block_num=32, block_remain_len=1048448, block_initial_space=1048576, rsv=0, magic=5aa5bccd
CANN Version: 8.0.RC3, TimeStamp: 20241026152044625
opType=compute_msg, DumpHead: AIV-16, CoreType=AIV, block dim=32, total_block_num=32, block_remain_len=1048448, block_initial_space=1048576, rsv=0, magic=5aa5bccd
CANN Version: 8.0.RC3, TimeStamp: 20241026152044625
opType=compute_msg, DumpHead: AIV-17, CoreType=AIV, block dim=32, total_block_num=32, block_remain_len=1048448, block_initial_space=1048576, rsv=0, magic=5aa5bccd
CANN Version: 8.0.RC3, TimeStamp: 20241026152044625
opType=compute_msg, DumpHead: AIV-18, CoreType=AIV, block dim=32, total_block_num=32, block_remain_len=1048448, block_initial_space=1048576, rsv=0, magic=5aa5bccd
CANN Version: 8.0.RC3, TimeStamp: 20241026152044625
opType=compute_msg, DumpHead: AIV-19, CoreType=AIV, block dim=32, total_block_num=32, block_remain_len=1048448, block_initial_space=1048576, rsv=0, magic=5aa5bccd
CANN Version: 8.0.RC3, TimeStamp: 20241026152044625
opType=compute_msg, DumpHead: AIV-20, CoreType=AIV, block dim=32, total_block_num=32, block_remain_len=1048448, block_initial_space=1048576, rsv=0, magic=5aa5bccd
CANN Version: 8.0.RC3, TimeStamp: 20241026152044625
opType=compute_msg, DumpHead: AIV-21, CoreType=AIV, block dim=32, total_block_num=32, block_remain_len=1048448, block_initial_space=1048576, rsv=0, magic=5aa5bccd
CANN Version: 8.0.RC3, TimeStamp: 20241026152044625
opType=compute_msg, DumpHead: AIV-22, CoreType=AIV, block dim=32, total_block_num=32, block_remain_len=1048448, block_initial_space=1048576, rsv=0, magic=5aa5bccd
CANN Version: 8.0.RC3, TimeStamp: 20241026152044625
opType=compute_msg, DumpHead: AIV-23, CoreType=AIV, block dim=32, total_block_num=32, block_remain_len=1048448, block_initial_space=1048576, rsv=0, magic=5aa5bccd
CANN Version: 8.0.RC3, TimeStamp: 20241026152044625
opType=compute_msg, DumpHead: AIV-24, CoreType=AIV, block dim=32, total_block_num=32, block_remain_len=1048448, block_initial_space=1048576, rsv=0, magic=5aa5bccd
CANN Version: 8.0.RC3, TimeStamp: 20241026152044625
opType=compute_msg, DumpHead: AIV-25, CoreType=AIV, block dim=32, total_block_num=32, block_remain_len=1048448, block_initial_space=1048576, rsv=0, magic=5aa5bccd
CANN Version: 8.0.RC3, TimeStamp: 20241026152044625
opType=compute_msg, DumpHead: AIV-26, CoreType=AIV, block dim=32, total_block_num=32, block_remain_len=1048448, block_initial_space=1048576, rsv=0, magic=5aa5bccd
CANN Version: 8.0.RC3, TimeStamp: 20241026152044625
opType=compute_msg, DumpHead: AIV-27, CoreType=AIV, block dim=32, total_block_num=32, block_remain_len=1048448, block_initial_space=1048576, rsv=0, magic=5aa5bccd
CANN Version: 8.0.RC3, TimeStamp: 20241026152044625
opType=compute_msg, DumpHead: AIV-28, CoreType=AIV, block dim=32, total_block_num=32, block_remain_len=1048448, block_initial_space=1048576, rsv=0, magic=5aa5bccd
CANN Version: 8.0.RC3, TimeStamp: 20241026152044625
opType=compute_msg, DumpHead: AIV-29, CoreType=AIV, block dim=32, total_block_num=32, block_remain_len=1048448, block_initial_space=1048576, rsv=0, magic=5aa5bccd
CANN Version: 8.0.RC3, TimeStamp: 20241026152044625
opType=compute_msg, DumpHead: AIV-30, CoreType=AIV, block dim=32, total_block_num=32, block_remain_len=1048448, block_initial_space=1048576, rsv=0, magic=5aa5bccd
CANN Version: 8.0.RC3, TimeStamp: 20241026152044625
opType=compute_msg, DumpHead: AIV-31, CoreType=AIV, block dim=32, total_block_num=32, block_remain_len=1048448, block_initial_space=1048576, rsv=0, magic=5aa5bccd
CANN Version: 8.0.RC3, TimeStamp: 20241026152044625
opType=compute_msg, DumpHead: AIV-0, CoreType=AIV, block dim=32, total_block_num=32, block_remain_len=1048408, block_initial_space=1048576, rsv=0, magic=5aa5bccd
CANN Version: 8.0.RC3, TimeStamp: 20241026152044625
Compute Message ...
opType=compute_msg, DumpHead: AIV-1, CoreType=AIV, block dim=32, total_block_num=32, block_remain_len=1048448, block_initial_space=1048576, rsv=0, magic=5aa5bccd
CANN Version: 8.0.RC3, TimeStamp: 20241026152044625
opType=compute_msg, DumpHead: AIV-2, CoreType=AIV, block dim=32, total_block_num=32, block_remain_len=1048448, block_initial_space=1048576, rsv=0, magic=5aa5bccd
CANN Version: 8.0.RC3, TimeStamp: 20241026152044625
opType=compute_msg, DumpHead: AIV-3, CoreType=AIV, block dim=32, total_block_num=32, block_remain_len=1048448, block_initial_space=1048576, rsv=0, magic=5aa5bccd
CANN Version: 8.0.RC3, TimeStamp: 20241026152044625
opType=compute_msg, DumpHead: AIV-4, CoreType=AIV, block dim=32, total_block_num=32, block_remain_len=1048448, block_initial_space=1048576, rsv=0, magic=5aa5bccd
CANN Version: 8.0.RC3, TimeStamp: 20241026152044625
opType=compute_msg, DumpHead: AIV-5, CoreType=AIV, block dim=32, total_block_num=32, block_remain_len=1048448, block_initial_space=1048576, rsv=0, magic=5aa5bccd
CANN Version: 8.0.RC3, TimeStamp: 20241026152044625
opType=compute_msg, DumpHead: AIV-6, CoreType=AIV, block dim=32, total_block_num=32, block_remain_len=1048448, block_initial_space=1048576, rsv=0, magic=5aa5bccd
CANN Version: 8.0.RC3, TimeStamp: 20241026152044625
opType=compute_msg, DumpHead: AIV-7, CoreType=AIV, block dim=32, total_block_num=32, block_remain_len=1048448, block_initial_space=1048576, rsv=0, magic=5aa5bccd
CANN Version: 8.0.RC3, TimeStamp: 20241026152044625
opType=compute_msg, DumpHead: AIV-8, CoreType=AIV, block dim=32, total_block_num=32, block_remain_len=1048448, block_initial_space=1048576, rsv=0, magic=5aa5bccd
CANN Version: 8.0.RC3, TimeStamp: 20241026152044625
opType=compute_msg, DumpHead: AIV-9, CoreType=AIV, block dim=32, total_block_num=32, block_remain_len=1048448, block_initial_space=1048576, rsv=0, magic=5aa5bccd
CANN Version: 8.0.RC3, TimeStamp: 20241026152044625
opType=compute_msg, DumpHead: AIV-10, CoreType=AIV, block dim=32, total_block_num=32, block_remain_len=1048448, block_initial_space=1048576, rsv=0, magic=5aa5bccd
CANN Version: 8.0.RC3, TimeStamp: 20241026152044625
opType=compute_msg, DumpHead: AIV-11, CoreType=AIV, block dim=32, total_block_num=32, block_remain_len=1048448, block_initial_space=1048576, rsv=0, magic=5aa5bccd
CANN Version: 8.0.RC3, TimeStamp: 20241026152044625
opType=compute_msg, DumpHead: AIV-12, CoreType=AIV, block dim=32, total_block_num=32, block_remain_len=1048448, block_initial_space=1048576, rsv=0, magic=5aa5bccd
CANN Version: 8.0.RC3, TimeStamp: 20241026152044625
opType=compute_msg, DumpHead: AIV-13, CoreType=AIV, block dim=32, total_block_num=32, block_remain_len=1048448, block_initial_space=1048576, rsv=0, magic=5aa5bccd
CANN Version: 8.0.RC3, TimeStamp: 20241026152044625
opType=compute_msg, DumpHead: AIV-14, CoreType=AIV, block dim=32, total_block_num=32, block_remain_len=1048448, block_initial_space=1048576, rsv=0, magic=5aa5bccd
CANN Version: 8.0.RC3, TimeStamp: 20241026152044625
opType=compute_msg, DumpHead: AIV-15, CoreType=AIV, block dim=32, total_block_num=32, block_remain_len=1048448, block_initial_space=1048576, rsv=0, magic=5aa5bccd
CANN Version: 8.0.RC3, TimeStamp: 20241026152044625
opType=compute_msg, DumpHead: AIV-16, CoreType=AIV, block dim=32, total_block_num=32, block_remain_len=1048448, block_initial_space=1048576, rsv=0, magic=5aa5bccd
CANN Version: 8.0.RC3, TimeStamp: 20241026152044625
opType=compute_msg, DumpHead: AIV-17, CoreType=AIV, block dim=32, total_block_num=32, block_remain_len=1048448, block_initial_space=1048576, rsv=0, magic=5aa5bccd
CANN Version: 8.0.RC3, TimeStamp: 20241026152044625
opType=compute_msg, DumpHead: AIV-18, CoreType=AIV, block dim=32, total_block_num=32, block_remain_len=1048448, block_initial_space=1048576, rsv=0, magic=5aa5bccd
CANN Version: 8.0.RC3, TimeStamp: 20241026152044625
opType=compute_msg, DumpHead: AIV-19, CoreType=AIV, block dim=32, total_block_num=32, block_remain_len=1048448, block_initial_space=1048576, rsv=0, magic=5aa5bccd
CANN Version: 8.0.RC3, TimeStamp: 20241026152044625
opType=compute_msg, DumpHead: AIV-20, CoreType=AIV, block dim=32, total_block_num=32, block_remain_len=1048448, block_initial_space=1048576, rsv=0, magic=5aa5bccd
CANN Version: 8.0.RC3, TimeStamp: 20241026152044625
opType=compute_msg, DumpHead: AIV-21, CoreType=AIV, block dim=32, total_block_num=32, block_remain_len=1048448, block_initial_space=1048576, rsv=0, magic=5aa5bccd
CANN Version: 8.0.RC3, TimeStamp: 20241026152044625
opType=compute_msg, DumpHead: AIV-22, CoreType=AIV, block dim=32, total_block_num=32, block_remain_len=1048448, block_initial_space=1048576, rsv=0, magic=5aa5bccd
CANN Version: 8.0.RC3, TimeStamp: 20241026152044625
opType=compute_msg, DumpHead: AIV-23, CoreType=AIV, block dim=32, total_block_num=32, block_remain_len=1048448, block_initial_space=1048576, rsv=0, magic=5aa5bccd
CANN Version: 8.0.RC3, TimeStamp: 20241026152044625
opType=compute_msg, DumpHead: AIV-24, CoreType=AIV, block dim=32, total_block_num=32, block_remain_len=1048448, block_initial_space=1048576, rsv=0, magic=5aa5bccd
CANN Version: 8.0.RC3, TimeStamp: 20241026152044625
opType=compute_msg, DumpHead: AIV-25, CoreType=AIV, block dim=32, total_block_num=32, block_remain_len=1048448, block_initial_space=1048576, rsv=0, magic=5aa5bccd
CANN Version: 8.0.RC3, TimeStamp: 20241026152044625
opType=compute_msg, DumpHead: AIV-26, CoreType=AIV, block dim=32, total_block_num=32, block_remain_len=1048448, block_initial_space=1048576, rsv=0, magic=5aa5bccd
CANN Version: 8.0.RC3, TimeStamp: 20241026152044625
opType=compute_msg, DumpHead: AIV-27, CoreType=AIV, block dim=32, total_block_num=32, block_remain_len=1048448, block_initial_space=1048576, rsv=0, magic=5aa5bccd
CANN Version: 8.0.RC3, TimeStamp: 20241026152044625
opType=compute_msg, DumpHead: AIV-28, CoreType=AIV, block dim=32, total_block_num=32, block_remain_len=1048448, block_initial_space=1048576, rsv=0, magic=5aa5bccd
CANN Version: 8.0.RC3, TimeStamp: 20241026152044625
opType=compute_msg, DumpHead: AIV-29, CoreType=AIV, block dim=32, total_block_num=32, block_remain_len=1048448, block_initial_space=1048576, rsv=0, magic=5aa5bccd
CANN Version: 8.0.RC3, TimeStamp: 20241026152044625
opType=compute_msg, DumpHead: AIV-30, CoreType=AIV, block dim=32, total_block_num=32, block_remain_len=1048448, block_initial_space=1048576, rsv=0, magic=5aa5bccd
CANN Version: 8.0.RC3, TimeStamp: 20241026152044625
opType=compute_msg, DumpHead: AIV-31, CoreType=AIV, block dim=32, total_block_num=32, block_remain_len=1048448, block_initial_space=1048576, rsv=0, magic=5aa5bccd
CANN Version: 8.0.RC3, TimeStamp: 20241026152044625
opType=aggregate_msg_split, DumpHead: AIV-0, CoreType=AIV, block dim=32, total_block_num=32, block_remain_len=1048408, block_initial_space=1048576, rsv=0, magic=5aa5bccd
CANN Version: 8.0.RC3, TimeStamp: 20241026152044625
Aggregate Message ...
opType=aggregate_msg_split, DumpHead: AIV-1, CoreType=AIV, block dim=32, total_block_num=32, block_remain_len=1048448, block_initial_space=1048576, rsv=0, magic=5aa5bccd
CANN Version: 8.0.RC3, TimeStamp: 20241026152044625
opType=aggregate_msg_split, DumpHead: AIV-2, CoreType=AIV, block dim=32, total_block_num=32, block_remain_len=1048448, block_initial_space=1048576, rsv=0, magic=5aa5bccd
CANN Version: 8.0.RC3, TimeStamp: 20241026152044625
opType=aggregate_msg_split, DumpHead: AIV-3, CoreType=AIV, block dim=32, total_block_num=32, block_remain_len=1048448, block_initial_space=1048576, rsv=0, magic=5aa5bccd
CANN Version: 8.0.RC3, TimeStamp: 20241026152044625
opType=aggregate_msg_split, DumpHead: AIV-4, CoreType=AIV, block dim=32, total_block_num=32, block_remain_len=1048448, block_initial_space=1048576, rsv=0, magic=5aa5bccd
CANN Version: 8.0.RC3, TimeStamp: 20241026152044625
opType=aggregate_msg_split, DumpHead: AIV-5, CoreType=AIV, block dim=32, total_block_num=32, block_remain_len=1048448, block_initial_space=1048576, rsv=0, magic=5aa5bccd
CANN Version: 8.0.RC3, TimeStamp: 20241026152044625
opType=aggregate_msg_split, DumpHead: AIV-6, CoreType=AIV, block dim=32, total_block_num=32, block_remain_len=1048448, block_initial_space=1048576, rsv=0, magic=5aa5bccd
CANN Version: 8.0.RC3, TimeStamp: 20241026152044625
opType=aggregate_msg_split, DumpHead: AIV-7, CoreType=AIV, block dim=32, total_block_num=32, block_remain_len=1048448, block_initial_space=1048576, rsv=0, magic=5aa5bccd
CANN Version: 8.0.RC3, TimeStamp: 20241026152044625
opType=aggregate_msg_split, DumpHead: AIV-8, CoreType=AIV, block dim=32, total_block_num=32, block_remain_len=1048448, block_initial_space=1048576, rsv=0, magic=5aa5bccd
CANN Version: 8.0.RC3, TimeStamp: 20241026152044625
opType=aggregate_msg_split, DumpHead: AIV-9, CoreType=AIV, block dim=32, total_block_num=32, block_remain_len=1048448, block_initial_space=1048576, rsv=0, magic=5aa5bccd
CANN Version: 8.0.RC3, TimeStamp: 20241026152044625
opType=aggregate_msg_split, DumpHead: AIV-10, CoreType=AIV, block dim=32, total_block_num=32, block_remain_len=1048448, block_initial_space=1048576, rsv=0, magic=5aa5bccd
CANN Version: 8.0.RC3, TimeStamp: 20241026152044625
opType=aggregate_msg_split, DumpHead: AIV-11, CoreType=AIV, block dim=32, total_block_num=32, block_remain_len=1048448, block_initial_space=1048576, rsv=0, magic=5aa5bccd
CANN Version: 8.0.RC3, TimeStamp: 20241026152044625
opType=aggregate_msg_split, DumpHead: AIV-12, CoreType=AIV, block dim=32, total_block_num=32, block_remain_len=1048448, block_initial_space=1048576, rsv=0, magic=5aa5bccd
CANN Version: 8.0.RC3, TimeStamp: 20241026152044625
opType=aggregate_msg_split, DumpHead: AIV-13, CoreType=AIV, block dim=32, total_block_num=32, block_remain_len=1048448, block_initial_space=1048576, rsv=0, magic=5aa5bccd
CANN Version: 8.0.RC3, TimeStamp: 20241026152044625
opType=aggregate_msg_split, DumpHead: AIV-14, CoreType=AIV, block dim=32, total_block_num=32, block_remain_len=1048448, block_initial_space=1048576, rsv=0, magic=5aa5bccd
CANN Version: 8.0.RC3, TimeStamp: 20241026152044625
opType=aggregate_msg_split, DumpHead: AIV-15, CoreType=AIV, block dim=32, total_block_num=32, block_remain_len=1048448, block_initial_space=1048576, rsv=0, magic=5aa5bccd
CANN Version: 8.0.RC3, TimeStamp: 20241026152044625
opType=aggregate_msg_split, DumpHead: AIV-16, CoreType=AIV, block dim=32, total_block_num=32, block_remain_len=1048448, block_initial_space=1048576, rsv=0, magic=5aa5bccd
CANN Version: 8.0.RC3, TimeStamp: 20241026152044625
opType=aggregate_msg_split, DumpHead: AIV-17, CoreType=AIV, block dim=32, total_block_num=32, block_remain_len=1048448, block_initial_space=1048576, rsv=0, magic=5aa5bccd
CANN Version: 8.0.RC3, TimeStamp: 20241026152044625
opType=aggregate_msg_split, DumpHead: AIV-18, CoreType=AIV, block dim=32, total_block_num=32, block_remain_len=1048448, block_initial_space=1048576, rsv=0, magic=5aa5bccd
CANN Version: 8.0.RC3, TimeStamp: 20241026152044625
opType=aggregate_msg_split, DumpHead: AIV-19, CoreType=AIV, block dim=32, total_block_num=32, block_remain_len=1048448, block_initial_space=1048576, rsv=0, magic=5aa5bccd
CANN Version: 8.0.RC3, TimeStamp: 20241026152044625
opType=aggregate_msg_split, DumpHead: AIV-20, CoreType=AIV, block dim=32, total_block_num=32, block_remain_len=1048448, block_initial_space=1048576, rsv=0, magic=5aa5bccd
CANN Version: 8.0.RC3, TimeStamp: 20241026152044625
opType=aggregate_msg_split, DumpHead: AIV-21, CoreType=AIV, block dim=32, total_block_num=32, block_remain_len=1048448, block_initial_space=1048576, rsv=0, magic=5aa5bccd
CANN Version: 8.0.RC3, TimeStamp: 20241026152044625
opType=aggregate_msg_split, DumpHead: AIV-22, CoreType=AIV, block dim=32, total_block_num=32, block_remain_len=1048448, block_initial_space=1048576, rsv=0, magic=5aa5bccd
CANN Version: 8.0.RC3, TimeStamp: 20241026152044625
opType=aggregate_msg_split, DumpHead: AIV-23, CoreType=AIV, block dim=32, total_block_num=32, block_remain_len=1048448, block_initial_space=1048576, rsv=0, magic=5aa5bccd
CANN Version: 8.0.RC3, TimeStamp: 20241026152044625
opType=aggregate_msg_split, DumpHead: AIV-24, CoreType=AIV, block dim=32, total_block_num=32, block_remain_len=1048448, block_initial_space=1048576, rsv=0, magic=5aa5bccd
CANN Version: 8.0.RC3, TimeStamp: 20241026152044625
opType=aggregate_msg_split, DumpHead: AIV-25, CoreType=AIV, block dim=32, total_block_num=32, block_remain_len=1048448, block_initial_space=1048576, rsv=0, magic=5aa5bccd
CANN Version: 8.0.RC3, TimeStamp: 20241026152044625
opType=aggregate_msg_split, DumpHead: AIV-26, CoreType=AIV, block dim=32, total_block_num=32, block_remain_len=1048448, block_initial_space=1048576, rsv=0, magic=5aa5bccd
CANN Version: 8.0.RC3, TimeStamp: 20241026152044625
opType=aggregate_msg_split, DumpHead: AIV-27, CoreType=AIV, block dim=32, total_block_num=32, block_remain_len=1048448, block_initial_space=1048576, rsv=0, magic=5aa5bccd
CANN Version: 8.0.RC3, TimeStamp: 20241026152044625
opType=aggregate_msg_split, DumpHead: AIV-28, CoreType=AIV, block dim=32, total_block_num=32, block_remain_len=1048448, block_initial_space=1048576, rsv=0, magic=5aa5bccd
CANN Version: 8.0.RC3, TimeStamp: 20241026152044625
opType=aggregate_msg_split, DumpHead: AIV-29, CoreType=AIV, block dim=32, total_block_num=32, block_remain_len=1048448, block_initial_space=1048576, rsv=0, magic=5aa5bccd
CANN Version: 8.0.RC3, TimeStamp: 20241026152044625
opType=aggregate_msg_split, DumpHead: AIV-30, CoreType=AIV, block dim=32, total_block_num=32, block_remain_len=1048448, block_initial_space=1048576, rsv=0, magic=5aa5bccd
CANN Version: 8.0.RC3, TimeStamp: 20241026152044625
opType=aggregate_msg_split, DumpHead: AIV-31, CoreType=AIV, block dim=32, total_block_num=32, block_remain_len=1048448, block_initial_space=1048576, rsv=0, magic=5aa5bccd
CANN Version: 8.0.RC3, TimeStamp: 20241026152044625
opType=aggregate_msg_split, DumpHead: AIV-0, CoreType=AIV, block dim=32, total_block_num=32, block_remain_len=1048408, block_initial_space=1048576, rsv=0, magic=5aa5bccd
CANN Version: 8.0.RC3, TimeStamp: 20241026152044625
Aggregate Message ...
opType=aggregate_msg_split, DumpHead: AIV-1, CoreType=AIV, block dim=32, total_block_num=32, block_remain_len=1048448, block_initial_space=1048576, rsv=0, magic=5aa5bccd
CANN Version: 8.0.RC3, TimeStamp: 20241026152044625
opType=aggregate_msg_split, DumpHead: AIV-2, CoreType=AIV, block dim=32, total_block_num=32, block_remain_len=1048448, block_initial_space=1048576, rsv=0, magic=5aa5bccd
CANN Version: 8.0.RC3, TimeStamp: 20241026152044625
opType=aggregate_msg_split, DumpHead: AIV-3, CoreType=AIV, block dim=32, total_block_num=32, block_remain_len=1048448, block_initial_space=1048576, rsv=0, magic=5aa5bccd
CANN Version: 8.0.RC3, TimeStamp: 20241026152044625
opType=aggregate_msg_split, DumpHead: AIV-4, CoreType=AIV, block dim=32, total_block_num=32, block_remain_len=1048448, block_initial_space=1048576, rsv=0, magic=5aa5bccd
CANN Version: 8.0.RC3, TimeStamp: 20241026152044625
opType=aggregate_msg_split, DumpHead: AIV-5, CoreType=AIV, block dim=32, total_block_num=32, block_remain_len=1048448, block_initial_space=1048576, rsv=0, magic=5aa5bccd
CANN Version: 8.0.RC3, TimeStamp: 20241026152044625
opType=aggregate_msg_split, DumpHead: AIV-6, CoreType=AIV, block dim=32, total_block_num=32, block_remain_len=1048448, block_initial_space=1048576, rsv=0, magic=5aa5bccd
CANN Version: 8.0.RC3, TimeStamp: 20241026152044625
opType=aggregate_msg_split, DumpHead: AIV-7, CoreType=AIV, block dim=32, total_block_num=32, block_remain_len=1048448, block_initial_space=1048576, rsv=0, magic=5aa5bccd
CANN Version: 8.0.RC3, TimeStamp: 20241026152044625
opType=aggregate_msg_split, DumpHead: AIV-8, CoreType=AIV, block dim=32, total_block_num=32, block_remain_len=1048448, block_initial_space=1048576, rsv=0, magic=5aa5bccd
CANN Version: 8.0.RC3, TimeStamp: 20241026152044625
opType=aggregate_msg_split, DumpHead: AIV-9, CoreType=AIV, block dim=32, total_block_num=32, block_remain_len=1048448, block_initial_space=1048576, rsv=0, magic=5aa5bccd
CANN Version: 8.0.RC3, TimeStamp: 20241026152044625
opType=aggregate_msg_split, DumpHead: AIV-10, CoreType=AIV, block dim=32, total_block_num=32, block_remain_len=1048448, block_initial_space=1048576, rsv=0, magic=5aa5bccd
CANN Version: 8.0.RC3, TimeStamp: 20241026152044625
opType=aggregate_msg_split, DumpHead: AIV-11, CoreType=AIV, block dim=32, total_block_num=32, block_remain_len=1048448, block_initial_space=1048576, rsv=0, magic=5aa5bccd
CANN Version: 8.0.RC3, TimeStamp: 20241026152044625
opType=aggregate_msg_split, DumpHead: AIV-12, CoreType=AIV, block dim=32, total_block_num=32, block_remain_len=1048448, block_initial_space=1048576, rsv=0, magic=5aa5bccd
CANN Version: 8.0.RC3, TimeStamp: 20241026152044625
opType=aggregate_msg_split, DumpHead: AIV-13, CoreType=AIV, block dim=32, total_block_num=32, block_remain_len=1048448, block_initial_space=1048576, rsv=0, magic=5aa5bccd
CANN Version: 8.0.RC3, TimeStamp: 20241026152044625
opType=aggregate_msg_split, DumpHead: AIV-14, CoreType=AIV, block dim=32, total_block_num=32, block_remain_len=1048448, block_initial_space=1048576, rsv=0, magic=5aa5bccd
CANN Version: 8.0.RC3, TimeStamp: 20241026152044625
opType=aggregate_msg_split, DumpHead: AIV-15, CoreType=AIV, block dim=32, total_block_num=32, block_remain_len=1048448, block_initial_space=1048576, rsv=0, magic=5aa5bccd
CANN Version: 8.0.RC3, TimeStamp: 20241026152044625
opType=aggregate_msg_split, DumpHead: AIV-16, CoreType=AIV, block dim=32, total_block_num=32, block_remain_len=1048448, block_initial_space=1048576, rsv=0, magic=5aa5bccd
CANN Version: 8.0.RC3, TimeStamp: 20241026152044625
opType=aggregate_msg_split, DumpHead: AIV-17, CoreType=AIV, block dim=32, total_block_num=32, block_remain_len=1048448, block_initial_space=1048576, rsv=0, magic=5aa5bccd
CANN Version: 8.0.RC3, TimeStamp: 20241026152044625
opType=aggregate_msg_split, DumpHead: AIV-18, CoreType=AIV, block dim=32, total_block_num=32, block_remain_len=1048448, block_initial_space=1048576, rsv=0, magic=5aa5bccd
CANN Version: 8.0.RC3, TimeStamp: 20241026152044625
opType=aggregate_msg_split, DumpHead: AIV-19, CoreType=AIV, block dim=32, total_block_num=32, block_remain_len=1048448, block_initial_space=1048576, rsv=0, magic=5aa5bccd
CANN Version: 8.0.RC3, TimeStamp: 20241026152044625
opType=aggregate_msg_split, DumpHead: AIV-20, CoreType=AIV, block dim=32, total_block_num=32, block_remain_len=1048448, block_initial_space=1048576, rsv=0, magic=5aa5bccd
CANN Version: 8.0.RC3, TimeStamp: 20241026152044625
opType=aggregate_msg_split, DumpHead: AIV-21, CoreType=AIV, block dim=32, total_block_num=32, block_remain_len=1048448, block_initial_space=1048576, rsv=0, magic=5aa5bccd
CANN Version: 8.0.RC3, TimeStamp: 20241026152044625
opType=aggregate_msg_split, DumpHead: AIV-22, CoreType=AIV, block dim=32, total_block_num=32, block_remain_len=1048448, block_initial_space=1048576, rsv=0, magic=5aa5bccd
CANN Version: 8.0.RC3, TimeStamp: 20241026152044625
opType=aggregate_msg_split, DumpHead: AIV-23, CoreType=AIV, block dim=32, total_block_num=32, block_remain_len=1048448, block_initial_space=1048576, rsv=0, magic=5aa5bccd
CANN Version: 8.0.RC3, TimeStamp: 20241026152044625
opType=aggregate_msg_split, DumpHead: AIV-24, CoreType=AIV, block dim=32, total_block_num=32, block_remain_len=1048448, block_initial_space=1048576, rsv=0, magic=5aa5bccd
CANN Version: 8.0.RC3, TimeStamp: 20241026152044625
opType=aggregate_msg_split, DumpHead: AIV-25, CoreType=AIV, block dim=32, total_block_num=32, block_remain_len=1048448, block_initial_space=1048576, rsv=0, magic=5aa5bccd
CANN Version: 8.0.RC3, TimeStamp: 20241026152044625
opType=aggregate_msg_split, DumpHead: AIV-26, CoreType=AIV, block dim=32, total_block_num=32, block_remain_len=1048448, block_initial_space=1048576, rsv=0, magic=5aa5bccd
CANN Version: 8.0.RC3, TimeStamp: 20241026152044625
opType=aggregate_msg_split, DumpHead: AIV-27, CoreType=AIV, block dim=32, total_block_num=32, block_remain_len=1048448, block_initial_space=1048576, rsv=0, magic=5aa5bccd
CANN Version: 8.0.RC3, TimeStamp: 20241026152044625
opType=aggregate_msg_split, DumpHead: AIV-28, CoreType=AIV, block dim=32, total_block_num=32, block_remain_len=1048448, block_initial_space=1048576, rsv=0, magic=5aa5bccd
CANN Version: 8.0.RC3, TimeStamp: 20241026152044625
opType=aggregate_msg_split, DumpHead: AIV-29, CoreType=AIV, block dim=32, total_block_num=32, block_remain_len=1048448, block_initial_space=1048576, rsv=0, magic=5aa5bccd
CANN Version: 8.0.RC3, TimeStamp: 20241026152044625
opType=aggregate_msg_split, DumpHead: AIV-30, CoreType=AIV, block dim=32, total_block_num=32, block_remain_len=1048448, block_initial_space=1048576, rsv=0, magic=5aa5bccd
CANN Version: 8.0.RC3, TimeStamp: 20241026152044625
opType=aggregate_msg_split, DumpHead: AIV-31, CoreType=AIV, block dim=32, total_block_num=32, block_remain_len=1048448, block_initial_space=1048576, rsv=0, magic=5aa5bccd
CANN Version: 8.0.RC3, TimeStamp: 20241026152044625
opType=aggregate_msg_split, DumpHead: AIV-0, CoreType=AIV, block dim=32, total_block_num=32, block_remain_len=1048408, block_initial_space=1048576, rsv=0, magic=5aa5bccd
CANN Version: 8.0.RC3, TimeStamp: 20241026152044625
Aggregate Message ...
opType=aggregate_msg_split, DumpHead: AIV-1, CoreType=AIV, block dim=32, total_block_num=32, block_remain_len=1048448, block_initial_space=1048576, rsv=0, magic=5aa5bccd
CANN Version: 8.0.RC3, TimeStamp: 20241026152044625
opType=aggregate_msg_split, DumpHead: AIV-2, CoreType=AIV, block dim=32, total_block_num=32, block_remain_len=1048448, block_initial_space=1048576, rsv=0, magic=5aa5bccd
CANN Version: 8.0.RC3, TimeStamp: 20241026152044625
opType=aggregate_msg_split, DumpHead: AIV-3, CoreType=AIV, block dim=32, total_block_num=32, block_remain_len=1048448, block_initial_space=1048576, rsv=0, magic=5aa5bccd
CANN Version: 8.0.RC3, TimeStamp: 20241026152044625
opType=aggregate_msg_split, DumpHead: AIV-4, CoreType=AIV, block dim=32, total_block_num=32, block_remain_len=1048448, block_initial_space=1048576, rsv=0, magic=5aa5bccd
CANN Version: 8.0.RC3, TimeStamp: 20241026152044625
opType=aggregate_msg_split, DumpHead: AIV-5, CoreType=AIV, block dim=32, total_block_num=32, block_remain_len=1048448, block_initial_space=1048576, rsv=0, magic=5aa5bccd
CANN Version: 8.0.RC3, TimeStamp: 20241026152044625
opType=aggregate_msg_split, DumpHead: AIV-6, CoreType=AIV, block dim=32, total_block_num=32, block_remain_len=1048448, block_initial_space=1048576, rsv=0, magic=5aa5bccd
CANN Version: 8.0.RC3, TimeStamp: 20241026152044625
opType=aggregate_msg_split, DumpHead: AIV-7, CoreType=AIV, block dim=32, total_block_num=32, block_remain_len=1048448, block_initial_space=1048576, rsv=0, magic=5aa5bccd
CANN Version: 8.0.RC3, TimeStamp: 20241026152044625
opType=aggregate_msg_split, DumpHead: AIV-8, CoreType=AIV, block dim=32, total_block_num=32, block_remain_len=1048448, block_initial_space=1048576, rsv=0, magic=5aa5bccd
CANN Version: 8.0.RC3, TimeStamp: 20241026152044625
opType=aggregate_msg_split, DumpHead: AIV-9, CoreType=AIV, block dim=32, total_block_num=32, block_remain_len=1048448, block_initial_space=1048576, rsv=0, magic=5aa5bccd
CANN Version: 8.0.RC3, TimeStamp: 20241026152044625
opType=aggregate_msg_split, DumpHead: AIV-10, CoreType=AIV, block dim=32, total_block_num=32, block_remain_len=1048448, block_initial_space=1048576, rsv=0, magic=5aa5bccd
CANN Version: 8.0.RC3, TimeStamp: 20241026152044625
opType=aggregate_msg_split, DumpHead: AIV-11, CoreType=AIV, block dim=32, total_block_num=32, block_remain_len=1048448, block_initial_space=1048576, rsv=0, magic=5aa5bccd
CANN Version: 8.0.RC3, TimeStamp: 20241026152044625
opType=aggregate_msg_split, DumpHead: AIV-12, CoreType=AIV, block dim=32, total_block_num=32, block_remain_len=1048448, block_initial_space=1048576, rsv=0, magic=5aa5bccd
CANN Version: 8.0.RC3, TimeStamp: 20241026152044625
opType=aggregate_msg_split, DumpHead: AIV-13, CoreType=AIV, block dim=32, total_block_num=32, block_remain_len=1048448, block_initial_space=1048576, rsv=0, magic=5aa5bccd
CANN Version: 8.0.RC3, TimeStamp: 20241026152044625
opType=aggregate_msg_split, DumpHead: AIV-14, CoreType=AIV, block dim=32, total_block_num=32, block_remain_len=1048448, block_initial_space=1048576, rsv=0, magic=5aa5bccd
CANN Version: 8.0.RC3, TimeStamp: 20241026152044625
opType=aggregate_msg_split, DumpHead: AIV-15, CoreType=AIV, block dim=32, total_block_num=32, block_remain_len=1048448, block_initial_space=1048576, rsv=0, magic=5aa5bccd
CANN Version: 8.0.RC3, TimeStamp: 20241026152044625
opType=aggregate_msg_split, DumpHead: AIV-16, CoreType=AIV, block dim=32, total_block_num=32, block_remain_len=1048448, block_initial_space=1048576, rsv=0, magic=5aa5bccd
CANN Version: 8.0.RC3, TimeStamp: 20241026152044625
opType=aggregate_msg_split, DumpHead: AIV-17, CoreType=AIV, block dim=32, total_block_num=32, block_remain_len=1048448, block_initial_space=1048576, rsv=0, magic=5aa5bccd
CANN Version: 8.0.RC3, TimeStamp: 20241026152044625
opType=aggregate_msg_split, DumpHead: AIV-18, CoreType=AIV, block dim=32, total_block_num=32, block_remain_len=1048448, block_initial_space=1048576, rsv=0, magic=5aa5bccd
CANN Version: 8.0.RC3, TimeStamp: 20241026152044625
opType=aggregate_msg_split, DumpHead: AIV-19, CoreType=AIV, block dim=32, total_block_num=32, block_remain_len=1048448, block_initial_space=1048576, rsv=0, magic=5aa5bccd
CANN Version: 8.0.RC3, TimeStamp: 20241026152044625
opType=aggregate_msg_split, DumpHead: AIV-20, CoreType=AIV, block dim=32, total_block_num=32, block_remain_len=1048448, block_initial_space=1048576, rsv=0, magic=5aa5bccd
CANN Version: 8.0.RC3, TimeStamp: 20241026152044625
opType=aggregate_msg_split, DumpHead: AIV-21, CoreType=AIV, block dim=32, total_block_num=32, block_remain_len=1048448, block_initial_space=1048576, rsv=0, magic=5aa5bccd
CANN Version: 8.0.RC3, TimeStamp: 20241026152044625
opType=aggregate_msg_split, DumpHead: AIV-22, CoreType=AIV, block dim=32, total_block_num=32, block_remain_len=1048448, block_initial_space=1048576, rsv=0, magic=5aa5bccd
CANN Version: 8.0.RC3, TimeStamp: 20241026152044625
opType=aggregate_msg_split, DumpHead: AIV-23, CoreType=AIV, block dim=32, total_block_num=32, block_remain_len=1048448, block_initial_space=1048576, rsv=0, magic=5aa5bccd
CANN Version: 8.0.RC3, TimeStamp: 20241026152044625
opType=aggregate_msg_split, DumpHead: AIV-24, CoreType=AIV, block dim=32, total_block_num=32, block_remain_len=1048448, block_initial_space=1048576, rsv=0, magic=5aa5bccd
CANN Version: 8.0.RC3, TimeStamp: 20241026152044625
opType=aggregate_msg_split, DumpHead: AIV-25, CoreType=AIV, block dim=32, total_block_num=32, block_remain_len=1048448, block_initial_space=1048576, rsv=0, magic=5aa5bccd
CANN Version: 8.0.RC3, TimeStamp: 20241026152044625
opType=aggregate_msg_split, DumpHead: AIV-26, CoreType=AIV, block dim=32, total_block_num=32, block_remain_len=1048448, block_initial_space=1048576, rsv=0, magic=5aa5bccd
CANN Version: 8.0.RC3, TimeStamp: 20241026152044625
opType=aggregate_msg_split, DumpHead: AIV-27, CoreType=AIV, block dim=32, total_block_num=32, block_remain_len=1048448, block_initial_space=1048576, rsv=0, magic=5aa5bccd
CANN Version: 8.0.RC3, TimeStamp: 20241026152044625
opType=aggregate_msg_split, DumpHead: AIV-28, CoreType=AIV, block dim=32, total_block_num=32, block_remain_len=1048448, block_initial_space=1048576, rsv=0, magic=5aa5bccd
CANN Version: 8.0.RC3, TimeStamp: 20241026152044625
opType=aggregate_msg_split, DumpHead: AIV-29, CoreType=AIV, block dim=32, total_block_num=32, block_remain_len=1048448, block_initial_space=1048576, rsv=0, magic=5aa5bccd
CANN Version: 8.0.RC3, TimeStamp: 20241026152044625
opType=aggregate_msg_split, DumpHead: AIV-30, CoreType=AIV, block dim=32, total_block_num=32, block_remain_len=1048448, block_initial_space=1048576, rsv=0, magic=5aa5bccd
CANN Version: 8.0.RC3, TimeStamp: 20241026152044625
opType=aggregate_msg_split, DumpHead: AIV-31, CoreType=AIV, block dim=32, total_block_num=32, block_remain_len=1048448, block_initial_space=1048576, rsv=0, magic=5aa5bccd
CANN Version: 8.0.RC3, TimeStamp: 20241026152044625
opType=aggregate_msg_split, DumpHead: AIV-0, CoreType=AIV, block dim=32, total_block_num=32, block_remain_len=1048408, block_initial_space=1048576, rsv=0, magic=5aa5bccd
CANN Version: 8.0.RC3, TimeStamp: 20241026152044625
Aggregate Message ...
opType=aggregate_msg_split, DumpHead: AIV-1, CoreType=AIV, block dim=32, total_block_num=32, block_remain_len=1048448, block_initial_space=1048576, rsv=0, magic=5aa5bccd
CANN Version: 8.0.RC3, TimeStamp: 20241026152044625
opType=aggregate_msg_split, DumpHead: AIV-2, CoreType=AIV, block dim=32, total_block_num=32, block_remain_len=1048448, block_initial_space=1048576, rsv=0, magic=5aa5bccd
CANN Version: 8.0.RC3, TimeStamp: 20241026152044625
opType=aggregate_msg_split, DumpHead: AIV-3, CoreType=AIV, block dim=32, total_block_num=32, block_remain_len=1048448, block_initial_space=1048576, rsv=0, magic=5aa5bccd
CANN Version: 8.0.RC3, TimeStamp: 20241026152044625
opType=aggregate_msg_split, DumpHead: AIV-4, CoreType=AIV, block dim=32, total_block_num=32, block_remain_len=1048448, block_initial_space=1048576, rsv=0, magic=5aa5bccd
CANN Version: 8.0.RC3, TimeStamp: 20241026152044625
opType=aggregate_msg_split, DumpHead: AIV-5, CoreType=AIV, block dim=32, total_block_num=32, block_remain_len=1048448, block_initial_space=1048576, rsv=0, magic=5aa5bccd
CANN Version: 8.0.RC3, TimeStamp: 20241026152044625
opType=aggregate_msg_split, DumpHead: AIV-6, CoreType=AIV, block dim=32, total_block_num=32, block_remain_len=1048448, block_initial_space=1048576, rsv=0, magic=5aa5bccd
CANN Version: 8.0.RC3, TimeStamp: 20241026152044625
opType=aggregate_msg_split, DumpHead: AIV-7, CoreType=AIV, block dim=32, total_block_num=32, block_remain_len=1048448, block_initial_space=1048576, rsv=0, magic=5aa5bccd
CANN Version: 8.0.RC3, TimeStamp: 20241026152044625
opType=aggregate_msg_split, DumpHead: AIV-8, CoreType=AIV, block dim=32, total_block_num=32, block_remain_len=1048448, block_initial_space=1048576, rsv=0, magic=5aa5bccd
CANN Version: 8.0.RC3, TimeStamp: 20241026152044625
opType=aggregate_msg_split, DumpHead: AIV-9, CoreType=AIV, block dim=32, total_block_num=32, block_remain_len=1048448, block_initial_space=1048576, rsv=0, magic=5aa5bccd
CANN Version: 8.0.RC3, TimeStamp: 20241026152044625
opType=aggregate_msg_split, DumpHead: AIV-10, CoreType=AIV, block dim=32, total_block_num=32, block_remain_len=1048448, block_initial_space=1048576, rsv=0, magic=5aa5bccd
CANN Version: 8.0.RC3, TimeStamp: 20241026152044625
opType=aggregate_msg_split, DumpHead: AIV-11, CoreType=AIV, block dim=32, total_block_num=32, block_remain_len=1048448, block_initial_space=1048576, rsv=0, magic=5aa5bccd
CANN Version: 8.0.RC3, TimeStamp: 20241026152044625
opType=aggregate_msg_split, DumpHead: AIV-12, CoreType=AIV, block dim=32, total_block_num=32, block_remain_len=1048448, block_initial_space=1048576, rsv=0, magic=5aa5bccd
CANN Version: 8.0.RC3, TimeStamp: 20241026152044625
opType=aggregate_msg_split, DumpHead: AIV-13, CoreType=AIV, block dim=32, total_block_num=32, block_remain_len=1048448, block_initial_space=1048576, rsv=0, magic=5aa5bccd
CANN Version: 8.0.RC3, TimeStamp: 20241026152044625
opType=aggregate_msg_split, DumpHead: AIV-14, CoreType=AIV, block dim=32, total_block_num=32, block_remain_len=1048448, block_initial_space=1048576, rsv=0, magic=5aa5bccd
CANN Version: 8.0.RC3, TimeStamp: 20241026152044625
opType=aggregate_msg_split, DumpHead: AIV-15, CoreType=AIV, block dim=32, total_block_num=32, block_remain_len=1048448, block_initial_space=1048576, rsv=0, magic=5aa5bccd
CANN Version: 8.0.RC3, TimeStamp: 20241026152044625
opType=aggregate_msg_split, DumpHead: AIV-16, CoreType=AIV, block dim=32, total_block_num=32, block_remain_len=1048448, block_initial_space=1048576, rsv=0, magic=5aa5bccd
CANN Version: 8.0.RC3, TimeStamp: 20241026152044625
opType=aggregate_msg_split, DumpHead: AIV-17, CoreType=AIV, block dim=32, total_block_num=32, block_remain_len=1048448, block_initial_space=1048576, rsv=0, magic=5aa5bccd
CANN Version: 8.0.RC3, TimeStamp: 20241026152044625
opType=aggregate_msg_split, DumpHead: AIV-18, CoreType=AIV, block dim=32, total_block_num=32, block_remain_len=1048448, block_initial_space=1048576, rsv=0, magic=5aa5bccd
CANN Version: 8.0.RC3, TimeStamp: 20241026152044625
opType=aggregate_msg_split, DumpHead: AIV-19, CoreType=AIV, block dim=32, total_block_num=32, block_remain_len=1048448, block_initial_space=1048576, rsv=0, magic=5aa5bccd
CANN Version: 8.0.RC3, TimeStamp: 20241026152044625
opType=aggregate_msg_split, DumpHead: AIV-20, CoreType=AIV, block dim=32, total_block_num=32, block_remain_len=1048448, block_initial_space=1048576, rsv=0, magic=5aa5bccd
CANN Version: 8.0.RC3, TimeStamp: 20241026152044625
opType=aggregate_msg_split, DumpHead: AIV-21, CoreType=AIV, block dim=32, total_block_num=32, block_remain_len=1048448, block_initial_space=1048576, rsv=0, magic=5aa5bccd
CANN Version: 8.0.RC3, TimeStamp: 20241026152044625
opType=aggregate_msg_split, DumpHead: AIV-22, CoreType=AIV, block dim=32, total_block_num=32, block_remain_len=1048448, block_initial_space=1048576, rsv=0, magic=5aa5bccd
CANN Version: 8.0.RC3, TimeStamp: 20241026152044625
opType=aggregate_msg_split, DumpHead: AIV-23, CoreType=AIV, block dim=32, total_block_num=32, block_remain_len=1048448, block_initial_space=1048576, rsv=0, magic=5aa5bccd
CANN Version: 8.0.RC3, TimeStamp: 20241026152044625
opType=aggregate_msg_split, DumpHead: AIV-24, CoreType=AIV, block dim=32, total_block_num=32, block_remain_len=1048448, block_initial_space=1048576, rsv=0, magic=5aa5bccd
CANN Version: 8.0.RC3, TimeStamp: 20241026152044625
opType=aggregate_msg_split, DumpHead: AIV-25, CoreType=AIV, block dim=32, total_block_num=32, block_remain_len=1048448, block_initial_space=1048576, rsv=0, magic=5aa5bccd
CANN Version: 8.0.RC3, TimeStamp: 20241026152044625
opType=aggregate_msg_split, DumpHead: AIV-26, CoreType=AIV, block dim=32, total_block_num=32, block_remain_len=1048448, block_initial_space=1048576, rsv=0, magic=5aa5bccd
CANN Version: 8.0.RC3, TimeStamp: 20241026152044625
opType=aggregate_msg_split, DumpHead: AIV-27, CoreType=AIV, block dim=32, total_block_num=32, block_remain_len=1048448, block_initial_space=1048576, rsv=0, magic=5aa5bccd
CANN Version: 8.0.RC3, TimeStamp: 20241026152044625
opType=aggregate_msg_split, DumpHead: AIV-28, CoreType=AIV, block dim=32, total_block_num=32, block_remain_len=1048448, block_initial_space=1048576, rsv=0, magic=5aa5bccd
CANN Version: 8.0.RC3, TimeStamp: 20241026152044625
opType=aggregate_msg_split, DumpHead: AIV-29, CoreType=AIV, block dim=32, total_block_num=32, block_remain_len=1048448, block_initial_space=1048576, rsv=0, magic=5aa5bccd
CANN Version: 8.0.RC3, TimeStamp: 20241026152044625
opType=aggregate_msg_split, DumpHead: AIV-30, CoreType=AIV, block dim=32, total_block_num=32, block_remain_len=1048448, block_initial_space=1048576, rsv=0, magic=5aa5bccd
CANN Version: 8.0.RC3, TimeStamp: 20241026152044625
opType=aggregate_msg_split, DumpHead: AIV-31, CoreType=AIV, block dim=32, total_block_num=32, block_remain_len=1048448, block_initial_space=1048576, rsv=0, magic=5aa5bccd
CANN Version: 8.0.RC3, TimeStamp: 20241026152044625
opType=reset_value, DumpHead: AIV-0, CoreType=AIV, block dim=32, total_block_num=32, block_remain_len=1048408, block_initial_space=1048576, rsv=0, magic=5aa5bccd
CANN Version: 8.0.RC3, TimeStamp: 20241026152044625
Reset Value ...
opType=reset_value, DumpHead: AIV-1, CoreType=AIV, block dim=32, total_block_num=32, block_remain_len=1048448, block_initial_space=1048576, rsv=0, magic=5aa5bccd
CANN Version: 8.0.RC3, TimeStamp: 20241026152044625
opType=reset_value, DumpHead: AIV-2, CoreType=AIV, block dim=32, total_block_num=32, block_remain_len=1048448, block_initial_space=1048576, rsv=0, magic=5aa5bccd
CANN Version: 8.0.RC3, TimeStamp: 20241026152044625
opType=reset_value, DumpHead: AIV-3, CoreType=AIV, block dim=32, total_block_num=32, block_remain_len=1048448, block_initial_space=1048576, rsv=0, magic=5aa5bccd
CANN Version: 8.0.RC3, TimeStamp: 20241026152044625
opType=reset_value, DumpHead: AIV-4, CoreType=AIV, block dim=32, total_block_num=32, block_remain_len=1048448, block_initial_space=1048576, rsv=0, magic=5aa5bccd
CANN Version: 8.0.RC3, TimeStamp: 20241026152044625
opType=reset_value, DumpHead: AIV-5, CoreType=AIV, block dim=32, total_block_num=32, block_remain_len=1048448, block_initial_space=1048576, rsv=0, magic=5aa5bccd
CANN Version: 8.0.RC3, TimeStamp: 20241026152044625
opType=reset_value, DumpHead: AIV-6, CoreType=AIV, block dim=32, total_block_num=32, block_remain_len=1048448, block_initial_space=1048576, rsv=0, magic=5aa5bccd
CANN Version: 8.0.RC3, TimeStamp: 20241026152044625
opType=reset_value, DumpHead: AIV-7, CoreType=AIV, block dim=32, total_block_num=32, block_remain_len=1048448, block_initial_space=1048576, rsv=0, magic=5aa5bccd
CANN Version: 8.0.RC3, TimeStamp: 20241026152044625
opType=reset_value, DumpHead: AIV-8, CoreType=AIV, block dim=32, total_block_num=32, block_remain_len=1048448, block_initial_space=1048576, rsv=0, magic=5aa5bccd
CANN Version: 8.0.RC3, TimeStamp: 20241026152044625
opType=reset_value, DumpHead: AIV-9, CoreType=AIV, block dim=32, total_block_num=32, block_remain_len=1048448, block_initial_space=1048576, rsv=0, magic=5aa5bccd
CANN Version: 8.0.RC3, TimeStamp: 20241026152044625
opType=reset_value, DumpHead: AIV-10, CoreType=AIV, block dim=32, total_block_num=32, block_remain_len=1048448, block_initial_space=1048576, rsv=0, magic=5aa5bccd
CANN Version: 8.0.RC3, TimeStamp: 20241026152044625
opType=reset_value, DumpHead: AIV-11, CoreType=AIV, block dim=32, total_block_num=32, block_remain_len=1048448, block_initial_space=1048576, rsv=0, magic=5aa5bccd
CANN Version: 8.0.RC3, TimeStamp: 20241026152044625
opType=reset_value, DumpHead: AIV-12, CoreType=AIV, block dim=32, total_block_num=32, block_remain_len=1048448, block_initial_space=1048576, rsv=0, magic=5aa5bccd
CANN Version: 8.0.RC3, TimeStamp: 20241026152044625
opType=reset_value, DumpHead: AIV-13, CoreType=AIV, block dim=32, total_block_num=32, block_remain_len=1048448, block_initial_space=1048576, rsv=0, magic=5aa5bccd
CANN Version: 8.0.RC3, TimeStamp: 20241026152044625
opType=reset_value, DumpHead: AIV-14, CoreType=AIV, block dim=32, total_block_num=32, block_remain_len=1048448, block_initial_space=1048576, rsv=0, magic=5aa5bccd
CANN Version: 8.0.RC3, TimeStamp: 20241026152044625
opType=reset_value, DumpHead: AIV-15, CoreType=AIV, block dim=32, total_block_num=32, block_remain_len=1048448, block_initial_space=1048576, rsv=0, magic=5aa5bccd
CANN Version: 8.0.RC3, TimeStamp: 20241026152044625
opType=reset_value, DumpHead: AIV-16, CoreType=AIV, block dim=32, total_block_num=32, block_remain_len=1048448, block_initial_space=1048576, rsv=0, magic=5aa5bccd
CANN Version: 8.0.RC3, TimeStamp: 20241026152044625
opType=reset_value, DumpHead: AIV-17, CoreType=AIV, block dim=32, total_block_num=32, block_remain_len=1048448, block_initial_space=1048576, rsv=0, magic=5aa5bccd
CANN Version: 8.0.RC3, TimeStamp: 20241026152044625
opType=reset_value, DumpHead: AIV-18, CoreType=AIV, block dim=32, total_block_num=32, block_remain_len=1048448, block_initial_space=1048576, rsv=0, magic=5aa5bccd
CANN Version: 8.0.RC3, TimeStamp: 20241026152044625
opType=reset_value, DumpHead: AIV-19, CoreType=AIV, block dim=32, total_block_num=32, block_remain_len=1048448, block_initial_space=1048576, rsv=0, magic=5aa5bccd
CANN Version: 8.0.RC3, TimeStamp: 20241026152044625
opType=reset_value, DumpHead: AIV-20, CoreType=AIV, block dim=32, total_block_num=32, block_remain_len=1048448, block_initial_space=1048576, rsv=0, magic=5aa5bccd
CANN Version: 8.0.RC3, TimeStamp: 20241026152044625
opType=reset_value, DumpHead: AIV-21, CoreType=AIV, block dim=32, total_block_num=32, block_remain_len=1048448, block_initial_space=1048576, rsv=0, magic=5aa5bccd
CANN Version: 8.0.RC3, TimeStamp: 20241026152044625
opType=reset_value, DumpHead: AIV-22, CoreType=AIV, block dim=32, total_block_num=32, block_remain_len=1048448, block_initial_space=1048576, rsv=0, magic=5aa5bccd
CANN Version: 8.0.RC3, TimeStamp: 20241026152044625
opType=reset_value, DumpHead: AIV-23, CoreType=AIV, block dim=32, total_block_num=32, block_remain_len=1048448, block_initial_space=1048576, rsv=0, magic=5aa5bccd
CANN Version: 8.0.RC3, TimeStamp: 20241026152044625
opType=reset_value, DumpHead: AIV-24, CoreType=AIV, block dim=32, total_block_num=32, block_remain_len=1048448, block_initial_space=1048576, rsv=0, magic=5aa5bccd
CANN Version: 8.0.RC3, TimeStamp: 20241026152044625
opType=reset_value, DumpHead: AIV-25, CoreType=AIV, block dim=32, total_block_num=32, block_remain_len=1048448, block_initial_space=1048576, rsv=0, magic=5aa5bccd
CANN Version: 8.0.RC3, TimeStamp: 20241026152044625
opType=reset_value, DumpHead: AIV-26, CoreType=AIV, block dim=32, total_block_num=32, block_remain_len=1048448, block_initial_space=1048576, rsv=0, magic=5aa5bccd
CANN Version: 8.0.RC3, TimeStamp: 20241026152044625
opType=reset_value, DumpHead: AIV-27, CoreType=AIV, block dim=32, total_block_num=32, block_remain_len=1048448, block_initial_space=1048576, rsv=0, magic=5aa5bccd
CANN Version: 8.0.RC3, TimeStamp: 20241026152044625
opType=reset_value, DumpHead: AIV-28, CoreType=AIV, block dim=32, total_block_num=32, block_remain_len=1048448, block_initial_space=1048576, rsv=0, magic=5aa5bccd
CANN Version: 8.0.RC3, TimeStamp: 20241026152044625
opType=reset_value, DumpHead: AIV-29, CoreType=AIV, block dim=32, total_block_num=32, block_remain_len=1048448, block_initial_space=1048576, rsv=0, magic=5aa5bccd
CANN Version: 8.0.RC3, TimeStamp: 20241026152044625
opType=reset_value, DumpHead: AIV-30, CoreType=AIV, block dim=32, total_block_num=32, block_remain_len=1048448, block_initial_space=1048576, rsv=0, magic=5aa5bccd
CANN Version: 8.0.RC3, TimeStamp: 20241026152044625
opType=reset_value, DumpHead: AIV-31, CoreType=AIV, block dim=32, total_block_num=32, block_remain_len=1048448, block_initial_space=1048576, rsv=0, magic=5aa5bccd
CANN Version: 8.0.RC3, TimeStamp: 20241026152044625
opType=reset_value, DumpHead: AIV-0, CoreType=AIV, block dim=32, total_block_num=32, block_remain_len=1048408, block_initial_space=1048576, rsv=0, magic=5aa5bccd
CANN Version: 8.0.RC3, TimeStamp: 20241026152044625
Reset Value ...
opType=reset_value, DumpHead: AIV-1, CoreType=AIV, block dim=32, total_block_num=32, block_remain_len=1048448, block_initial_space=1048576, rsv=0, magic=5aa5bccd
CANN Version: 8.0.RC3, TimeStamp: 20241026152044625
opType=reset_value, DumpHead: AIV-2, CoreType=AIV, block dim=32, total_block_num=32, block_remain_len=1048448, block_initial_space=1048576, rsv=0, magic=5aa5bccd
CANN Version: 8.0.RC3, TimeStamp: 20241026152044625
opType=reset_value, DumpHead: AIV-3, CoreType=AIV, block dim=32, total_block_num=32, block_remain_len=1048448, block_initial_space=1048576, rsv=0, magic=5aa5bccd
CANN Version: 8.0.RC3, TimeStamp: 20241026152044625
opType=reset_value, DumpHead: AIV-4, CoreType=AIV, block dim=32, total_block_num=32, block_remain_len=1048448, block_initial_space=1048576, rsv=0, magic=5aa5bccd
CANN Version: 8.0.RC3, TimeStamp: 20241026152044625
opType=reset_value, DumpHead: AIV-5, CoreType=AIV, block dim=32, total_block_num=32, block_remain_len=1048448, block_initial_space=1048576, rsv=0, magic=5aa5bccd
CANN Version: 8.0.RC3, TimeStamp: 20241026152044625
opType=reset_value, DumpHead: AIV-6, CoreType=AIV, block dim=32, total_block_num=32, block_remain_len=1048448, block_initial_space=1048576, rsv=0, magic=5aa5bccd
CANN Version: 8.0.RC3, TimeStamp: 20241026152044625
opType=reset_value, DumpHead: AIV-7, CoreType=AIV, block dim=32, total_block_num=32, block_remain_len=1048448, block_initial_space=1048576, rsv=0, magic=5aa5bccd
CANN Version: 8.0.RC3, TimeStamp: 20241026152044625
opType=reset_value, DumpHead: AIV-8, CoreType=AIV, block dim=32, total_block_num=32, block_remain_len=1048448, block_initial_space=1048576, rsv=0, magic=5aa5bccd
CANN Version: 8.0.RC3, TimeStamp: 20241026152044625
opType=reset_value, DumpHead: AIV-9, CoreType=AIV, block dim=32, total_block_num=32, block_remain_len=1048448, block_initial_space=1048576, rsv=0, magic=5aa5bccd
CANN Version: 8.0.RC3, TimeStamp: 20241026152044625
opType=reset_value, DumpHead: AIV-10, CoreType=AIV, block dim=32, total_block_num=32, block_remain_len=1048448, block_initial_space=1048576, rsv=0, magic=5aa5bccd
CANN Version: 8.0.RC3, TimeStamp: 20241026152044625
opType=reset_value, DumpHead: AIV-11, CoreType=AIV, block dim=32, total_block_num=32, block_remain_len=1048448, block_initial_space=1048576, rsv=0, magic=5aa5bccd
CANN Version: 8.0.RC3, TimeStamp: 20241026152044625
opType=reset_value, DumpHead: AIV-12, CoreType=AIV, block dim=32, total_block_num=32, block_remain_len=1048448, block_initial_space=1048576, rsv=0, magic=5aa5bccd
CANN Version: 8.0.RC3, TimeStamp: 20241026152044625
opType=reset_value, DumpHead: AIV-13, CoreType=AIV, block dim=32, total_block_num=32, block_remain_len=1048448, block_initial_space=1048576, rsv=0, magic=5aa5bccd
CANN Version: 8.0.RC3, TimeStamp: 20241026152044625
opType=reset_value, DumpHead: AIV-14, CoreType=AIV, block dim=32, total_block_num=32, block_remain_len=1048448, block_initial_space=1048576, rsv=0, magic=5aa5bccd
CANN Version: 8.0.RC3, TimeStamp: 20241026152044625
opType=reset_value, DumpHead: AIV-15, CoreType=AIV, block dim=32, total_block_num=32, block_remain_len=1048448, block_initial_space=1048576, rsv=0, magic=5aa5bccd
CANN Version: 8.0.RC3, TimeStamp: 20241026152044625
opType=reset_value, DumpHead: AIV-16, CoreType=AIV, block dim=32, total_block_num=32, block_remain_len=1048448, block_initial_space=1048576, rsv=0, magic=5aa5bccd
CANN Version: 8.0.RC3, TimeStamp: 20241026152044625
opType=reset_value, DumpHead: AIV-17, CoreType=AIV, block dim=32, total_block_num=32, block_remain_len=1048448, block_initial_space=1048576, rsv=0, magic=5aa5bccd
CANN Version: 8.0.RC3, TimeStamp: 20241026152044625
opType=reset_value, DumpHead: AIV-18, CoreType=AIV, block dim=32, total_block_num=32, block_remain_len=1048448, block_initial_space=1048576, rsv=0, magic=5aa5bccd
CANN Version: 8.0.RC3, TimeStamp: 20241026152044625
opType=reset_value, DumpHead: AIV-19, CoreType=AIV, block dim=32, total_block_num=32, block_remain_len=1048448, block_initial_space=1048576, rsv=0, magic=5aa5bccd
CANN Version: 8.0.RC3, TimeStamp: 20241026152044625
opType=reset_value, DumpHead: AIV-20, CoreType=AIV, block dim=32, total_block_num=32, block_remain_len=1048448, block_initial_space=1048576, rsv=0, magic=5aa5bccd
CANN Version: 8.0.RC3, TimeStamp: 20241026152044625
opType=reset_value, DumpHead: AIV-21, CoreType=AIV, block dim=32, total_block_num=32, block_remain_len=1048448, block_initial_space=1048576, rsv=0, magic=5aa5bccd
CANN Version: 8.0.RC3, TimeStamp: 20241026152044625
opType=reset_value, DumpHead: AIV-22, CoreType=AIV, block dim=32, total_block_num=32, block_remain_len=1048448, block_initial_space=1048576, rsv=0, magic=5aa5bccd
CANN Version: 8.0.RC3, TimeStamp: 20241026152044625
opType=reset_value, DumpHead: AIV-23, CoreType=AIV, block dim=32, total_block_num=32, block_remain_len=1048448, block_initial_space=1048576, rsv=0, magic=5aa5bccd
CANN Version: 8.0.RC3, TimeStamp: 20241026152044625
opType=reset_value, DumpHead: AIV-24, CoreType=AIV, block dim=32, total_block_num=32, block_remain_len=1048448, block_initial_space=1048576, rsv=0, magic=5aa5bccd
CANN Version: 8.0.RC3, TimeStamp: 20241026152044625
opType=reset_value, DumpHead: AIV-25, CoreType=AIV, block dim=32, total_block_num=32, block_remain_len=1048448, block_initial_space=1048576, rsv=0, magic=5aa5bccd
CANN Version: 8.0.RC3, TimeStamp: 20241026152044625
opType=reset_value, DumpHead: AIV-26, CoreType=AIV, block dim=32, total_block_num=32, block_remain_len=1048448, block_initial_space=1048576, rsv=0, magic=5aa5bccd
CANN Version: 8.0.RC3, TimeStamp: 20241026152044625
opType=reset_value, DumpHead: AIV-27, CoreType=AIV, block dim=32, total_block_num=32, block_remain_len=1048448, block_initial_space=1048576, rsv=0, magic=5aa5bccd
CANN Version: 8.0.RC3, TimeStamp: 20241026152044625
opType=reset_value, DumpHead: AIV-28, CoreType=AIV, block dim=32, total_block_num=32, block_remain_len=1048448, block_initial_space=1048576, rsv=0, magic=5aa5bccd
CANN Version: 8.0.RC3, TimeStamp: 20241026152044625
opType=reset_value, DumpHead: AIV-29, CoreType=AIV, block dim=32, total_block_num=32, block_remain_len=1048448, block_initial_space=1048576, rsv=0, magic=5aa5bccd
CANN Version: 8.0.RC3, TimeStamp: 20241026152044625
opType=reset_value, DumpHead: AIV-30, CoreType=AIV, block dim=32, total_block_num=32, block_remain_len=1048448, block_initial_space=1048576, rsv=0, magic=5aa5bccd
CANN Version: 8.0.RC3, TimeStamp: 20241026152044625
opType=reset_value, DumpHead: AIV-31, CoreType=AIV, block dim=32, total_block_num=32, block_remain_len=1048448, block_initial_space=1048576, rsv=0, magic=5aa5bccd
CANN Version: 8.0.RC3, TimeStamp: 20241026152044625
opType=reset_value, DumpHead: AIV-0, CoreType=AIV, block dim=32, total_block_num=32, block_remain_len=1048408, block_initial_space=1048576, rsv=0, magic=5aa5bccd
CANN Version: 8.0.RC3, TimeStamp: 20241026152044625
Reset Value ...
opType=reset_value, DumpHead: AIV-1, CoreType=AIV, block dim=32, total_block_num=32, block_remain_len=1048448, block_initial_space=1048576, rsv=0, magic=5aa5bccd
CANN Version: 8.0.RC3, TimeStamp: 20241026152044625
opType=reset_value, DumpHead: AIV-2, CoreType=AIV, block dim=32, total_block_num=32, block_remain_len=1048448, block_initial_space=1048576, rsv=0, magic=5aa5bccd
CANN Version: 8.0.RC3, TimeStamp: 20241026152044625
opType=reset_value, DumpHead: AIV-3, CoreType=AIV, block dim=32, total_block_num=32, block_remain_len=1048448, block_initial_space=1048576, rsv=0, magic=5aa5bccd
CANN Version: 8.0.RC3, TimeStamp: 20241026152044625
opType=reset_value, DumpHead: AIV-4, CoreType=AIV, block dim=32, total_block_num=32, block_remain_len=1048448, block_initial_space=1048576, rsv=0, magic=5aa5bccd
CANN Version: 8.0.RC3, TimeStamp: 20241026152044625
opType=reset_value, DumpHead: AIV-5, CoreType=AIV, block dim=32, total_block_num=32, block_remain_len=1048448, block_initial_space=1048576, rsv=0, magic=5aa5bccd
CANN Version: 8.0.RC3, TimeStamp: 20241026152044625
opType=reset_value, DumpHead: AIV-6, CoreType=AIV, block dim=32, total_block_num=32, block_remain_len=1048448, block_initial_space=1048576, rsv=0, magic=5aa5bccd
CANN Version: 8.0.RC3, TimeStamp: 20241026152044625
opType=reset_value, DumpHead: AIV-7, CoreType=AIV, block dim=32, total_block_num=32, block_remain_len=1048448, block_initial_space=1048576, rsv=0, magic=5aa5bccd
CANN Version: 8.0.RC3, TimeStamp: 20241026152044625
opType=reset_value, DumpHead: AIV-8, CoreType=AIV, block dim=32, total_block_num=32, block_remain_len=1048448, block_initial_space=1048576, rsv=0, magic=5aa5bccd
CANN Version: 8.0.RC3, TimeStamp: 20241026152044625
opType=reset_value, DumpHead: AIV-9, CoreType=AIV, block dim=32, total_block_num=32, block_remain_len=1048448, block_initial_space=1048576, rsv=0, magic=5aa5bccd
CANN Version: 8.0.RC3, TimeStamp: 20241026152044625
opType=reset_value, DumpHead: AIV-10, CoreType=AIV, block dim=32, total_block_num=32, block_remain_len=1048448, block_initial_space=1048576, rsv=0, magic=5aa5bccd
CANN Version: 8.0.RC3, TimeStamp: 20241026152044625
opType=reset_value, DumpHead: AIV-11, CoreType=AIV, block dim=32, total_block_num=32, block_remain_len=1048448, block_initial_space=1048576, rsv=0, magic=5aa5bccd
CANN Version: 8.0.RC3, TimeStamp: 20241026152044625
opType=reset_value, DumpHead: AIV-12, CoreType=AIV, block dim=32, total_block_num=32, block_remain_len=1048448, block_initial_space=1048576, rsv=0, magic=5aa5bccd
CANN Version: 8.0.RC3, TimeStamp: 20241026152044625
opType=reset_value, DumpHead: AIV-13, CoreType=AIV, block dim=32, total_block_num=32, block_remain_len=1048448, block_initial_space=1048576, rsv=0, magic=5aa5bccd
CANN Version: 8.0.RC3, TimeStamp: 20241026152044625
opType=reset_value, DumpHead: AIV-14, CoreType=AIV, block dim=32, total_block_num=32, block_remain_len=1048448, block_initial_space=1048576, rsv=0, magic=5aa5bccd
CANN Version: 8.0.RC3, TimeStamp: 20241026152044625
opType=reset_value, DumpHead: AIV-15, CoreType=AIV, block dim=32, total_block_num=32, block_remain_len=1048448, block_initial_space=1048576, rsv=0, magic=5aa5bccd
CANN Version: 8.0.RC3, TimeStamp: 20241026152044625
opType=reset_value, DumpHead: AIV-16, CoreType=AIV, block dim=32, total_block_num=32, block_remain_len=1048448, block_initial_space=1048576, rsv=0, magic=5aa5bccd
CANN Version: 8.0.RC3, TimeStamp: 20241026152044625
opType=reset_value, DumpHead: AIV-17, CoreType=AIV, block dim=32, total_block_num=32, block_remain_len=1048448, block_initial_space=1048576, rsv=0, magic=5aa5bccd
CANN Version: 8.0.RC3, TimeStamp: 20241026152044625
opType=reset_value, DumpHead: AIV-18, CoreType=AIV, block dim=32, total_block_num=32, block_remain_len=1048448, block_initial_space=1048576, rsv=0, magic=5aa5bccd
CANN Version: 8.0.RC3, TimeStamp: 20241026152044625
opType=reset_value, DumpHead: AIV-19, CoreType=AIV, block dim=32, total_block_num=32, block_remain_len=1048448, block_initial_space=1048576, rsv=0, magic=5aa5bccd
CANN Version: 8.0.RC3, TimeStamp: 20241026152044625
opType=reset_value, DumpHead: AIV-20, CoreType=AIV, block dim=32, total_block_num=32, block_remain_len=1048448, block_initial_space=1048576, rsv=0, magic=5aa5bccd
CANN Version: 8.0.RC3, TimeStamp: 20241026152044625
opType=reset_value, DumpHead: AIV-21, CoreType=AIV, block dim=32, total_block_num=32, block_remain_len=1048448, block_initial_space=1048576, rsv=0, magic=5aa5bccd
CANN Version: 8.0.RC3, TimeStamp: 20241026152044625
opType=reset_value, DumpHead: AIV-22, CoreType=AIV, block dim=32, total_block_num=32, block_remain_len=1048448, block_initial_space=1048576, rsv=0, magic=5aa5bccd
CANN Version: 8.0.RC3, TimeStamp: 20241026152044625
opType=reset_value, DumpHead: AIV-23, CoreType=AIV, block dim=32, total_block_num=32, block_remain_len=1048448, block_initial_space=1048576, rsv=0, magic=5aa5bccd
CANN Version: 8.0.RC3, TimeStamp: 20241026152044625
opType=reset_value, DumpHead: AIV-24, CoreType=AIV, block dim=32, total_block_num=32, block_remain_len=1048448, block_initial_space=1048576, rsv=0, magic=5aa5bccd
CANN Version: 8.0.RC3, TimeStamp: 20241026152044625
opType=reset_value, DumpHead: AIV-25, CoreType=AIV, block dim=32, total_block_num=32, block_remain_len=1048448, block_initial_space=1048576, rsv=0, magic=5aa5bccd
CANN Version: 8.0.RC3, TimeStamp: 20241026152044625
opType=reset_value, DumpHead: AIV-26, CoreType=AIV, block dim=32, total_block_num=32, block_remain_len=1048448, block_initial_space=1048576, rsv=0, magic=5aa5bccd
CANN Version: 8.0.RC3, TimeStamp: 20241026152044625
opType=reset_value, DumpHead: AIV-27, CoreType=AIV, block dim=32, total_block_num=32, block_remain_len=1048448, block_initial_space=1048576, rsv=0, magic=5aa5bccd
CANN Version: 8.0.RC3, TimeStamp: 20241026152044625
opType=reset_value, DumpHead: AIV-28, CoreType=AIV, block dim=32, total_block_num=32, block_remain_len=1048448, block_initial_space=1048576, rsv=0, magic=5aa5bccd
CANN Version: 8.0.RC3, TimeStamp: 20241026152044625
opType=reset_value, DumpHead: AIV-29, CoreType=AIV, block dim=32, total_block_num=32, block_remain_len=1048448, block_initial_space=1048576, rsv=0, magic=5aa5bccd
CANN Version: 8.0.RC3, TimeStamp: 20241026152044625
opType=reset_value, DumpHead: AIV-30, CoreType=AIV, block dim=32, total_block_num=32, block_remain_len=1048448, block_initial_space=1048576, rsv=0, magic=5aa5bccd
CANN Version: 8.0.RC3, TimeStamp: 20241026152044625
opType=reset_value, DumpHead: AIV-31, CoreType=AIV, block dim=32, total_block_num=32, block_remain_len=1048448, block_initial_space=1048576, rsv=0, magic=5aa5bccd
CANN Version: 8.0.RC3, TimeStamp: 20241026152044625
opType=reset_value, DumpHead: AIV-0, CoreType=AIV, block dim=32, total_block_num=32, block_remain_len=1048408, block_initial_space=1048576, rsv=0, magic=5aa5bccd
CANN Version: 8.0.RC3, TimeStamp: 20241026152044625
Reset Value ...
opType=reset_value, DumpHead: AIV-1, CoreType=AIV, block dim=32, total_block_num=32, block_remain_len=1048448, block_initial_space=1048576, rsv=0, magic=5aa5bccd
CANN Version: 8.0.RC3, TimeStamp: 20241026152044625
opType=reset_value, DumpHead: AIV-2, CoreType=AIV, block dim=32, total_block_num=32, block_remain_len=1048448, block_initial_space=1048576, rsv=0, magic=5aa5bccd
CANN Version: 8.0.RC3, TimeStamp: 20241026152044625
opType=reset_value, DumpHead: AIV-3, CoreType=AIV, block dim=32, total_block_num=32, block_remain_len=1048448, block_initial_space=1048576, rsv=0, magic=5aa5bccd
CANN Version: 8.0.RC3, TimeStamp: 20241026152044625
opType=reset_value, DumpHead: AIV-4, CoreType=AIV, block dim=32, total_block_num=32, block_remain_len=1048448, block_initial_space=1048576, rsv=0, magic=5aa5bccd
CANN Version: 8.0.RC3, TimeStamp: 20241026152044625
opType=reset_value, DumpHead: AIV-5, CoreType=AIV, block dim=32, total_block_num=32, block_remain_len=1048448, block_initial_space=1048576, rsv=0, magic=5aa5bccd
CANN Version: 8.0.RC3, TimeStamp: 20241026152044625
opType=reset_value, DumpHead: AIV-6, CoreType=AIV, block dim=32, total_block_num=32, block_remain_len=1048448, block_initial_space=1048576, rsv=0, magic=5aa5bccd
CANN Version: 8.0.RC3, TimeStamp: 20241026152044625
opType=reset_value, DumpHead: AIV-7, CoreType=AIV, block dim=32, total_block_num=32, block_remain_len=1048448, block_initial_space=1048576, rsv=0, magic=5aa5bccd
CANN Version: 8.0.RC3, TimeStamp: 20241026152044625
opType=reset_value, DumpHead: AIV-8, CoreType=AIV, block dim=32, total_block_num=32, block_remain_len=1048448, block_initial_space=1048576, rsv=0, magic=5aa5bccd
CANN Version: 8.0.RC3, TimeStamp: 20241026152044625
opType=reset_value, DumpHead: AIV-9, CoreType=AIV, block dim=32, total_block_num=32, block_remain_len=1048448, block_initial_space=1048576, rsv=0, magic=5aa5bccd
CANN Version: 8.0.RC3, TimeStamp: 20241026152044625
opType=reset_value, DumpHead: AIV-10, CoreType=AIV, block dim=32, total_block_num=32, block_remain_len=1048448, block_initial_space=1048576, rsv=0, magic=5aa5bccd
CANN Version: 8.0.RC3, TimeStamp: 20241026152044625
opType=reset_value, DumpHead: AIV-11, CoreType=AIV, block dim=32, total_block_num=32, block_remain_len=1048448, block_initial_space=1048576, rsv=0, magic=5aa5bccd
CANN Version: 8.0.RC3, TimeStamp: 20241026152044625
opType=reset_value, DumpHead: AIV-12, CoreType=AIV, block dim=32, total_block_num=32, block_remain_len=1048448, block_initial_space=1048576, rsv=0, magic=5aa5bccd
CANN Version: 8.0.RC3, TimeStamp: 20241026152044625
opType=reset_value, DumpHead: AIV-13, CoreType=AIV, block dim=32, total_block_num=32, block_remain_len=1048448, block_initial_space=1048576, rsv=0, magic=5aa5bccd
CANN Version: 8.0.RC3, TimeStamp: 20241026152044625
opType=reset_value, DumpHead: AIV-14, CoreType=AIV, block dim=32, total_block_num=32, block_remain_len=1048448, block_initial_space=1048576, rsv=0, magic=5aa5bccd
CANN Version: 8.0.RC3, TimeStamp: 20241026152044625
opType=reset_value, DumpHead: AIV-15, CoreType=AIV, block dim=32, total_block_num=32, block_remain_len=1048448, block_initial_space=1048576, rsv=0, magic=5aa5bccd
CANN Version: 8.0.RC3, TimeStamp: 20241026152044625
opType=reset_value, DumpHead: AIV-16, CoreType=AIV, block dim=32, total_block_num=32, block_remain_len=1048448, block_initial_space=1048576, rsv=0, magic=5aa5bccd
CANN Version: 8.0.RC3, TimeStamp: 20241026152044625
opType=reset_value, DumpHead: AIV-17, CoreType=AIV, block dim=32, total_block_num=32, block_remain_len=1048448, block_initial_space=1048576, rsv=0, magic=5aa5bccd
CANN Version: 8.0.RC3, TimeStamp: 20241026152044625
opType=reset_value, DumpHead: AIV-18, CoreType=AIV, block dim=32, total_block_num=32, block_remain_len=1048448, block_initial_space=1048576, rsv=0, magic=5aa5bccd
CANN Version: 8.0.RC3, TimeStamp: 20241026152044625
opType=reset_value, DumpHead: AIV-19, CoreType=AIV, block dim=32, total_block_num=32, block_remain_len=1048448, block_initial_space=1048576, rsv=0, magic=5aa5bccd
CANN Version: 8.0.RC3, TimeStamp: 20241026152044625
opType=reset_value, DumpHead: AIV-20, CoreType=AIV, block dim=32, total_block_num=32, block_remain_len=1048448, block_initial_space=1048576, rsv=0, magic=5aa5bccd
CANN Version: 8.0.RC3, TimeStamp: 20241026152044625
opType=reset_value, DumpHead: AIV-21, CoreType=AIV, block dim=32, total_block_num=32, block_remain_len=1048448, block_initial_space=1048576, rsv=0, magic=5aa5bccd
CANN Version: 8.0.RC3, TimeStamp: 20241026152044625
opType=reset_value, DumpHead: AIV-22, CoreType=AIV, block dim=32, total_block_num=32, block_remain_len=1048448, block_initial_space=1048576, rsv=0, magic=5aa5bccd
CANN Version: 8.0.RC3, TimeStamp: 20241026152044625
opType=reset_value, DumpHead: AIV-23, CoreType=AIV, block dim=32, total_block_num=32, block_remain_len=1048448, block_initial_space=1048576, rsv=0, magic=5aa5bccd
CANN Version: 8.0.RC3, TimeStamp: 20241026152044625
opType=reset_value, DumpHead: AIV-24, CoreType=AIV, block dim=32, total_block_num=32, block_remain_len=1048448, block_initial_space=1048576, rsv=0, magic=5aa5bccd
CANN Version: 8.0.RC3, TimeStamp: 20241026152044625
opType=reset_value, DumpHead: AIV-25, CoreType=AIV, block dim=32, total_block_num=32, block_remain_len=1048448, block_initial_space=1048576, rsv=0, magic=5aa5bccd
CANN Version: 8.0.RC3, TimeStamp: 20241026152044625
opType=reset_value, DumpHead: AIV-26, CoreType=AIV, block dim=32, total_block_num=32, block_remain_len=1048448, block_initial_space=1048576, rsv=0, magic=5aa5bccd
CANN Version: 8.0.RC3, TimeStamp: 20241026152044625
opType=reset_value, DumpHead: AIV-27, CoreType=AIV, block dim=32, total_block_num=32, block_remain_len=1048448, block_initial_space=1048576, rsv=0, magic=5aa5bccd
CANN Version: 8.0.RC3, TimeStamp: 20241026152044625
opType=reset_value, DumpHead: AIV-28, CoreType=AIV, block dim=32, total_block_num=32, block_remain_len=1048448, block_initial_space=1048576, rsv=0, magic=5aa5bccd
CANN Version: 8.0.RC3, TimeStamp: 20241026152044625
opType=reset_value, DumpHead: AIV-29, CoreType=AIV, block dim=32, total_block_num=32, block_remain_len=1048448, block_initial_space=1048576, rsv=0, magic=5aa5bccd
CANN Version: 8.0.RC3, TimeStamp: 20241026152044625
opType=reset_value, DumpHead: AIV-30, CoreType=AIV, block dim=32, total_block_num=32, block_remain_len=1048448, block_initial_space=1048576, rsv=0, magic=5aa5bccd
CANN Version: 8.0.RC3, TimeStamp: 20241026152044625
opType=reset_value, DumpHead: AIV-31, CoreType=AIV, block dim=32, total_block_num=32, block_remain_len=1048448, block_initial_space=1048576, rsv=0, magic=5aa5bccd
CANN Version: 8.0.RC3, TimeStamp: 20241026152044625
opType=compute_msg, DumpHead: AIV-0, CoreType=AIV, block dim=32, total_block_num=32, block_remain_len=1048408, block_initial_space=1048576, rsv=0, magic=5aa5bccd
CANN Version: 8.0.RC3, TimeStamp: 20241026152044625
Compute Message ...
opType=compute_msg, DumpHead: AIV-1, CoreType=AIV, block dim=32, total_block_num=32, block_remain_len=1048448, block_initial_space=1048576, rsv=0, magic=5aa5bccd
CANN Version: 8.0.RC3, TimeStamp: 20241026152044625
opType=compute_msg, DumpHead: AIV-2, CoreType=AIV, block dim=32, total_block_num=32, block_remain_len=1048448, block_initial_space=1048576, rsv=0, magic=5aa5bccd
CANN Version: 8.0.RC3, TimeStamp: 20241026152044625
opType=compute_msg, DumpHead: AIV-3, CoreType=AIV, block dim=32, total_block_num=32, block_remain_len=1048448, block_initial_space=1048576, rsv=0, magic=5aa5bccd
CANN Version: 8.0.RC3, TimeStamp: 20241026152044625
opType=compute_msg, DumpHead: AIV-4, CoreType=AIV, block dim=32, total_block_num=32, block_remain_len=1048448, block_initial_space=1048576, rsv=0, magic=5aa5bccd
CANN Version: 8.0.RC3, TimeStamp: 20241026152044625
opType=compute_msg, DumpHead: AIV-5, CoreType=AIV, block dim=32, total_block_num=32, block_remain_len=1048448, block_initial_space=1048576, rsv=0, magic=5aa5bccd
CANN Version: 8.0.RC3, TimeStamp: 20241026152044625
opType=compute_msg, DumpHead: AIV-6, CoreType=AIV, block dim=32, total_block_num=32, block_remain_len=1048448, block_initial_space=1048576, rsv=0, magic=5aa5bccd
CANN Version: 8.0.RC3, TimeStamp: 20241026152044625
opType=compute_msg, DumpHead: AIV-7, CoreType=AIV, block dim=32, total_block_num=32, block_remain_len=1048448, block_initial_space=1048576, rsv=0, magic=5aa5bccd
CANN Version: 8.0.RC3, TimeStamp: 20241026152044625
opType=compute_msg, DumpHead: AIV-8, CoreType=AIV, block dim=32, total_block_num=32, block_remain_len=1048448, block_initial_space=1048576, rsv=0, magic=5aa5bccd
CANN Version: 8.0.RC3, TimeStamp: 20241026152044625
opType=compute_msg, DumpHead: AIV-9, CoreType=AIV, block dim=32, total_block_num=32, block_remain_len=1048448, block_initial_space=1048576, rsv=0, magic=5aa5bccd
CANN Version: 8.0.RC3, TimeStamp: 20241026152044625
opType=compute_msg, DumpHead: AIV-10, CoreType=AIV, block dim=32, total_block_num=32, block_remain_len=1048448, block_initial_space=1048576, rsv=0, magic=5aa5bccd
CANN Version: 8.0.RC3, TimeStamp: 20241026152044625
opType=compute_msg, DumpHead: AIV-11, CoreType=AIV, block dim=32, total_block_num=32, block_remain_len=1048448, block_initial_space=1048576, rsv=0, magic=5aa5bccd
CANN Version: 8.0.RC3, TimeStamp: 20241026152044625
opType=compute_msg, DumpHead: AIV-12, CoreType=AIV, block dim=32, total_block_num=32, block_remain_len=1048448, block_initial_space=1048576, rsv=0, magic=5aa5bccd
CANN Version: 8.0.RC3, TimeStamp: 20241026152044625
opType=compute_msg, DumpHead: AIV-13, CoreType=AIV, block dim=32, total_block_num=32, block_remain_len=1048448, block_initial_space=1048576, rsv=0, magic=5aa5bccd
CANN Version: 8.0.RC3, TimeStamp: 20241026152044625
opType=compute_msg, DumpHead: AIV-14, CoreType=AIV, block dim=32, total_block_num=32, block_remain_len=1048448, block_initial_space=1048576, rsv=0, magic=5aa5bccd
CANN Version: 8.0.RC3, TimeStamp: 20241026152044625
opType=compute_msg, DumpHead: AIV-15, CoreType=AIV, block dim=32, total_block_num=32, block_remain_len=1048448, block_initial_space=1048576, rsv=0, magic=5aa5bccd
CANN Version: 8.0.RC3, TimeStamp: 20241026152044625
opType=compute_msg, DumpHead: AIV-16, CoreType=AIV, block dim=32, total_block_num=32, block_remain_len=1048448, block_initial_space=1048576, rsv=0, magic=5aa5bccd
CANN Version: 8.0.RC3, TimeStamp: 20241026152044625
opType=compute_msg, DumpHead: AIV-17, CoreType=AIV, block dim=32, total_block_num=32, block_remain_len=1048448, block_initial_space=1048576, rsv=0, magic=5aa5bccd
CANN Version: 8.0.RC3, TimeStamp: 20241026152044625
opType=compute_msg, DumpHead: AIV-18, CoreType=AIV, block dim=32, total_block_num=32, block_remain_len=1048448, block_initial_space=1048576, rsv=0, magic=5aa5bccd
CANN Version: 8.0.RC3, TimeStamp: 20241026152044625
opType=compute_msg, DumpHead: AIV-19, CoreType=AIV, block dim=32, total_block_num=32, block_remain_len=1048448, block_initial_space=1048576, rsv=0, magic=5aa5bccd
CANN Version: 8.0.RC3, TimeStamp: 20241026152044625
opType=compute_msg, DumpHead: AIV-20, CoreType=AIV, block dim=32, total_block_num=32, block_remain_len=1048448, block_initial_space=1048576, rsv=0, magic=5aa5bccd
CANN Version: 8.0.RC3, TimeStamp: 20241026152044625
opType=compute_msg, DumpHead: AIV-21, CoreType=AIV, block dim=32, total_block_num=32, block_remain_len=1048448, block_initial_space=1048576, rsv=0, magic=5aa5bccd
CANN Version: 8.0.RC3, TimeStamp: 20241026152044625
opType=compute_msg, DumpHead: AIV-22, CoreType=AIV, block dim=32, total_block_num=32, block_remain_len=1048448, block_initial_space=1048576, rsv=0, magic=5aa5bccd
CANN Version: 8.0.RC3, TimeStamp: 20241026152044625
opType=compute_msg, DumpHead: AIV-23, CoreType=AIV, block dim=32, total_block_num=32, block_remain_len=1048448, block_initial_space=1048576, rsv=0, magic=5aa5bccd
CANN Version: 8.0.RC3, TimeStamp: 20241026152044625
opType=compute_msg, DumpHead: AIV-24, CoreType=AIV, block dim=32, total_block_num=32, block_remain_len=1048448, block_initial_space=1048576, rsv=0, magic=5aa5bccd
CANN Version: 8.0.RC3, TimeStamp: 20241026152044625
opType=compute_msg, DumpHead: AIV-25, CoreType=AIV, block dim=32, total_block_num=32, block_remain_len=1048448, block_initial_space=1048576, rsv=0, magic=5aa5bccd
CANN Version: 8.0.RC3, TimeStamp: 20241026152044625
opType=compute_msg, DumpHead: AIV-26, CoreType=AIV, block dim=32, total_block_num=32, block_remain_len=1048448, block_initial_space=1048576, rsv=0, magic=5aa5bccd
CANN Version: 8.0.RC3, TimeStamp: 20241026152044625
opType=compute_msg, DumpHead: AIV-27, CoreType=AIV, block dim=32, total_block_num=32, block_remain_len=1048448, block_initial_space=1048576, rsv=0, magic=5aa5bccd
CANN Version: 8.0.RC3, TimeStamp: 20241026152044625
opType=compute_msg, DumpHead: AIV-28, CoreType=AIV, block dim=32, total_block_num=32, block_remain_len=1048448, block_initial_space=1048576, rsv=0, magic=5aa5bccd
CANN Version: 8.0.RC3, TimeStamp: 20241026152044625
opType=compute_msg, DumpHead: AIV-29, CoreType=AIV, block dim=32, total_block_num=32, block_remain_len=1048448, block_initial_space=1048576, rsv=0, magic=5aa5bccd
CANN Version: 8.0.RC3, TimeStamp: 20241026152044625
opType=compute_msg, DumpHead: AIV-30, CoreType=AIV, block dim=32, total_block_num=32, block_remain_len=1048448, block_initial_space=1048576, rsv=0, magic=5aa5bccd
CANN Version: 8.0.RC3, TimeStamp: 20241026152044625
opType=compute_msg, DumpHead: AIV-31, CoreType=AIV, block dim=32, total_block_num=32, block_remain_len=1048448, block_initial_space=1048576, rsv=0, magic=5aa5bccd
CANN Version: 8.0.RC3, TimeStamp: 20241026152044625
opType=compute_msg, DumpHead: AIV-0, CoreType=AIV, block dim=32, total_block_num=32, block_remain_len=1048408, block_initial_space=1048576, rsv=0, magic=5aa5bccd
CANN Version: 8.0.RC3, TimeStamp: 20241026152044625
Compute Message ...
opType=compute_msg, DumpHead: AIV-1, CoreType=AIV, block dim=32, total_block_num=32, block_remain_len=1048448, block_initial_space=1048576, rsv=0, magic=5aa5bccd
CANN Version: 8.0.RC3, TimeStamp: 20241026152044625
opType=compute_msg, DumpHead: AIV-2, CoreType=AIV, block dim=32, total_block_num=32, block_remain_len=1048448, block_initial_space=1048576, rsv=0, magic=5aa5bccd
CANN Version: 8.0.RC3, TimeStamp: 20241026152044625
opType=compute_msg, DumpHead: AIV-3, CoreType=AIV, block dim=32, total_block_num=32, block_remain_len=1048448, block_initial_space=1048576, rsv=0, magic=5aa5bccd
CANN Version: 8.0.RC3, TimeStamp: 20241026152044625
opType=compute_msg, DumpHead: AIV-4, CoreType=AIV, block dim=32, total_block_num=32, block_remain_len=1048448, block_initial_space=1048576, rsv=0, magic=5aa5bccd
CANN Version: 8.0.RC3, TimeStamp: 20241026152044625
opType=compute_msg, DumpHead: AIV-5, CoreType=AIV, block dim=32, total_block_num=32, block_remain_len=1048448, block_initial_space=1048576, rsv=0, magic=5aa5bccd
CANN Version: 8.0.RC3, TimeStamp: 20241026152044625
opType=compute_msg, DumpHead: AIV-6, CoreType=AIV, block dim=32, total_block_num=32, block_remain_len=1048448, block_initial_space=1048576, rsv=0, magic=5aa5bccd
CANN Version: 8.0.RC3, TimeStamp: 20241026152044625
opType=compute_msg, DumpHead: AIV-7, CoreType=AIV, block dim=32, total_block_num=32, block_remain_len=1048448, block_initial_space=1048576, rsv=0, magic=5aa5bccd
CANN Version: 8.0.RC3, TimeStamp: 20241026152044625
opType=compute_msg, DumpHead: AIV-8, CoreType=AIV, block dim=32, total_block_num=32, block_remain_len=1048448, block_initial_space=1048576, rsv=0, magic=5aa5bccd
CANN Version: 8.0.RC3, TimeStamp: 20241026152044625
opType=compute_msg, DumpHead: AIV-9, CoreType=AIV, block dim=32, total_block_num=32, block_remain_len=1048448, block_initial_space=1048576, rsv=0, magic=5aa5bccd
CANN Version: 8.0.RC3, TimeStamp: 20241026152044625
opType=compute_msg, DumpHead: AIV-10, CoreType=AIV, block dim=32, total_block_num=32, block_remain_len=1048448, block_initial_space=1048576, rsv=0, magic=5aa5bccd
CANN Version: 8.0.RC3, TimeStamp: 20241026152044625
opType=compute_msg, DumpHead: AIV-11, CoreType=AIV, block dim=32, total_block_num=32, block_remain_len=1048448, block_initial_space=1048576, rsv=0, magic=5aa5bccd
CANN Version: 8.0.RC3, TimeStamp: 20241026152044625
opType=compute_msg, DumpHead: AIV-12, CoreType=AIV, block dim=32, total_block_num=32, block_remain_len=1048448, block_initial_space=1048576, rsv=0, magic=5aa5bccd
CANN Version: 8.0.RC3, TimeStamp: 20241026152044625
opType=compute_msg, DumpHead: AIV-13, CoreType=AIV, block dim=32, total_block_num=32, block_remain_len=1048448, block_initial_space=1048576, rsv=0, magic=5aa5bccd
CANN Version: 8.0.RC3, TimeStamp: 20241026152044625
opType=compute_msg, DumpHead: AIV-14, CoreType=AIV, block dim=32, total_block_num=32, block_remain_len=1048448, block_initial_space=1048576, rsv=0, magic=5aa5bccd
CANN Version: 8.0.RC3, TimeStamp: 20241026152044625
opType=compute_msg, DumpHead: AIV-15, CoreType=AIV, block dim=32, total_block_num=32, block_remain_len=1048448, block_initial_space=1048576, rsv=0, magic=5aa5bccd
CANN Version: 8.0.RC3, TimeStamp: 20241026152044625
opType=compute_msg, DumpHead: AIV-16, CoreType=AIV, block dim=32, total_block_num=32, block_remain_len=1048448, block_initial_space=1048576, rsv=0, magic=5aa5bccd
CANN Version: 8.0.RC3, TimeStamp: 20241026152044625
opType=compute_msg, DumpHead: AIV-17, CoreType=AIV, block dim=32, total_block_num=32, block_remain_len=1048448, block_initial_space=1048576, rsv=0, magic=5aa5bccd
CANN Version: 8.0.RC3, TimeStamp: 20241026152044625
opType=compute_msg, DumpHead: AIV-18, CoreType=AIV, block dim=32, total_block_num=32, block_remain_len=1048448, block_initial_space=1048576, rsv=0, magic=5aa5bccd
CANN Version: 8.0.RC3, TimeStamp: 20241026152044625
opType=compute_msg, DumpHead: AIV-19, CoreType=AIV, block dim=32, total_block_num=32, block_remain_len=1048448, block_initial_space=1048576, rsv=0, magic=5aa5bccd
CANN Version: 8.0.RC3, TimeStamp: 20241026152044625
opType=compute_msg, DumpHead: AIV-20, CoreType=AIV, block dim=32, total_block_num=32, block_remain_len=1048448, block_initial_space=1048576, rsv=0, magic=5aa5bccd
CANN Version: 8.0.RC3, TimeStamp: 20241026152044625
opType=compute_msg, DumpHead: AIV-21, CoreType=AIV, block dim=32, total_block_num=32, block_remain_len=1048448, block_initial_space=1048576, rsv=0, magic=5aa5bccd
CANN Version: 8.0.RC3, TimeStamp: 20241026152044625
opType=compute_msg, DumpHead: AIV-22, CoreType=AIV, block dim=32, total_block_num=32, block_remain_len=1048448, block_initial_space=1048576, rsv=0, magic=5aa5bccd
CANN Version: 8.0.RC3, TimeStamp: 20241026152044625
opType=compute_msg, DumpHead: AIV-23, CoreType=AIV, block dim=32, total_block_num=32, block_remain_len=1048448, block_initial_space=1048576, rsv=0, magic=5aa5bccd
CANN Version: 8.0.RC3, TimeStamp: 20241026152044625
opType=compute_msg, DumpHead: AIV-24, CoreType=AIV, block dim=32, total_block_num=32, block_remain_len=1048448, block_initial_space=1048576, rsv=0, magic=5aa5bccd
CANN Version: 8.0.RC3, TimeStamp: 20241026152044625
opType=compute_msg, DumpHead: AIV-25, CoreType=AIV, block dim=32, total_block_num=32, block_remain_len=1048448, block_initial_space=1048576, rsv=0, magic=5aa5bccd
CANN Version: 8.0.RC3, TimeStamp: 20241026152044625
opType=compute_msg, DumpHead: AIV-26, CoreType=AIV, block dim=32, total_block_num=32, block_remain_len=1048448, block_initial_space=1048576, rsv=0, magic=5aa5bccd
CANN Version: 8.0.RC3, TimeStamp: 20241026152044625
opType=compute_msg, DumpHead: AIV-27, CoreType=AIV, block dim=32, total_block_num=32, block_remain_len=1048448, block_initial_space=1048576, rsv=0, magic=5aa5bccd
CANN Version: 8.0.RC3, TimeStamp: 20241026152044625
opType=compute_msg, DumpHead: AIV-28, CoreType=AIV, block dim=32, total_block_num=32, block_remain_len=1048448, block_initial_space=1048576, rsv=0, magic=5aa5bccd
CANN Version: 8.0.RC3, TimeStamp: 20241026152044625
opType=compute_msg, DumpHead: AIV-29, CoreType=AIV, block dim=32, total_block_num=32, block_remain_len=1048448, block_initial_space=1048576, rsv=0, magic=5aa5bccd
CANN Version: 8.0.RC3, TimeStamp: 20241026152044625
opType=compute_msg, DumpHead: AIV-30, CoreType=AIV, block dim=32, total_block_num=32, block_remain_len=1048448, block_initial_space=1048576, rsv=0, magic=5aa5bccd
CANN Version: 8.0.RC3, TimeStamp: 20241026152044625
opType=compute_msg, DumpHead: AIV-31, CoreType=AIV, block dim=32, total_block_num=32, block_remain_len=1048448, block_initial_space=1048576, rsv=0, magic=5aa5bccd
CANN Version: 8.0.RC3, TimeStamp: 20241026152044625
opType=compute_msg, DumpHead: AIV-0, CoreType=AIV, block dim=32, total_block_num=32, block_remain_len=1048408, block_initial_space=1048576, rsv=0, magic=5aa5bccd
CANN Version: 8.0.RC3, TimeStamp: 20241026152044625
Compute Message ...
opType=compute_msg, DumpHead: AIV-1, CoreType=AIV, block dim=32, total_block_num=32, block_remain_len=1048448, block_initial_space=1048576, rsv=0, magic=5aa5bccd
CANN Version: 8.0.RC3, TimeStamp: 20241026152044625
opType=compute_msg, DumpHead: AIV-2, CoreType=AIV, block dim=32, total_block_num=32, block_remain_len=1048448, block_initial_space=1048576, rsv=0, magic=5aa5bccd
CANN Version: 8.0.RC3, TimeStamp: 20241026152044625
opType=compute_msg, DumpHead: AIV-3, CoreType=AIV, block dim=32, total_block_num=32, block_remain_len=1048448, block_initial_space=1048576, rsv=0, magic=5aa5bccd
CANN Version: 8.0.RC3, TimeStamp: 20241026152044625
opType=compute_msg, DumpHead: AIV-4, CoreType=AIV, block dim=32, total_block_num=32, block_remain_len=1048448, block_initial_space=1048576, rsv=0, magic=5aa5bccd
CANN Version: 8.0.RC3, TimeStamp: 20241026152044625
opType=compute_msg, DumpHead: AIV-5, CoreType=AIV, block dim=32, total_block_num=32, block_remain_len=1048448, block_initial_space=1048576, rsv=0, magic=5aa5bccd
CANN Version: 8.0.RC3, TimeStamp: 20241026152044625
opType=compute_msg, DumpHead: AIV-6, CoreType=AIV, block dim=32, total_block_num=32, block_remain_len=1048448, block_initial_space=1048576, rsv=0, magic=5aa5bccd
CANN Version: 8.0.RC3, TimeStamp: 20241026152044625
opType=compute_msg, DumpHead: AIV-7, CoreType=AIV, block dim=32, total_block_num=32, block_remain_len=1048448, block_initial_space=1048576, rsv=0, magic=5aa5bccd
CANN Version: 8.0.RC3, TimeStamp: 20241026152044625
opType=compute_msg, DumpHead: AIV-8, CoreType=AIV, block dim=32, total_block_num=32, block_remain_len=1048448, block_initial_space=1048576, rsv=0, magic=5aa5bccd
CANN Version: 8.0.RC3, TimeStamp: 20241026152044625
opType=compute_msg, DumpHead: AIV-9, CoreType=AIV, block dim=32, total_block_num=32, block_remain_len=1048448, block_initial_space=1048576, rsv=0, magic=5aa5bccd
CANN Version: 8.0.RC3, TimeStamp: 20241026152044625
opType=compute_msg, DumpHead: AIV-10, CoreType=AIV, block dim=32, total_block_num=32, block_remain_len=1048448, block_initial_space=1048576, rsv=0, magic=5aa5bccd
CANN Version: 8.0.RC3, TimeStamp: 20241026152044625
opType=compute_msg, DumpHead: AIV-11, CoreType=AIV, block dim=32, total_block_num=32, block_remain_len=1048448, block_initial_space=1048576, rsv=0, magic=5aa5bccd
CANN Version: 8.0.RC3, TimeStamp: 20241026152044625
opType=compute_msg, DumpHead: AIV-12, CoreType=AIV, block dim=32, total_block_num=32, block_remain_len=1048448, block_initial_space=1048576, rsv=0, magic=5aa5bccd
CANN Version: 8.0.RC3, TimeStamp: 20241026152044625
opType=compute_msg, DumpHead: AIV-13, CoreType=AIV, block dim=32, total_block_num=32, block_remain_len=1048448, block_initial_space=1048576, rsv=0, magic=5aa5bccd
CANN Version: 8.0.RC3, TimeStamp: 20241026152044625
opType=compute_msg, DumpHead: AIV-14, CoreType=AIV, block dim=32, total_block_num=32, block_remain_len=1048448, block_initial_space=1048576, rsv=0, magic=5aa5bccd
CANN Version: 8.0.RC3, TimeStamp: 20241026152044625
opType=compute_msg, DumpHead: AIV-15, CoreType=AIV, block dim=32, total_block_num=32, block_remain_len=1048448, block_initial_space=1048576, rsv=0, magic=5aa5bccd
CANN Version: 8.0.RC3, TimeStamp: 20241026152044625
opType=compute_msg, DumpHead: AIV-16, CoreType=AIV, block dim=32, total_block_num=32, block_remain_len=1048448, block_initial_space=1048576, rsv=0, magic=5aa5bccd
CANN Version: 8.0.RC3, TimeStamp: 20241026152044625
opType=compute_msg, DumpHead: AIV-17, CoreType=AIV, block dim=32, total_block_num=32, block_remain_len=1048448, block_initial_space=1048576, rsv=0, magic=5aa5bccd
CANN Version: 8.0.RC3, TimeStamp: 20241026152044625
opType=compute_msg, DumpHead: AIV-18, CoreType=AIV, block dim=32, total_block_num=32, block_remain_len=1048448, block_initial_space=1048576, rsv=0, magic=5aa5bccd
CANN Version: 8.0.RC3, TimeStamp: 20241026152044625
opType=compute_msg, DumpHead: AIV-19, CoreType=AIV, block dim=32, total_block_num=32, block_remain_len=1048448, block_initial_space=1048576, rsv=0, magic=5aa5bccd
CANN Version: 8.0.RC3, TimeStamp: 20241026152044625
opType=compute_msg, DumpHead: AIV-20, CoreType=AIV, block dim=32, total_block_num=32, block_remain_len=1048448, block_initial_space=1048576, rsv=0, magic=5aa5bccd
CANN Version: 8.0.RC3, TimeStamp: 20241026152044625
opType=compute_msg, DumpHead: AIV-21, CoreType=AIV, block dim=32, total_block_num=32, block_remain_len=1048448, block_initial_space=1048576, rsv=0, magic=5aa5bccd
CANN Version: 8.0.RC3, TimeStamp: 20241026152044625
opType=compute_msg, DumpHead: AIV-22, CoreType=AIV, block dim=32, total_block_num=32, block_remain_len=1048448, block_initial_space=1048576, rsv=0, magic=5aa5bccd
CANN Version: 8.0.RC3, TimeStamp: 20241026152044625
opType=compute_msg, DumpHead: AIV-23, CoreType=AIV, block dim=32, total_block_num=32, block_remain_len=1048448, block_initial_space=1048576, rsv=0, magic=5aa5bccd
CANN Version: 8.0.RC3, TimeStamp: 20241026152044625
opType=compute_msg, DumpHead: AIV-24, CoreType=AIV, block dim=32, total_block_num=32, block_remain_len=1048448, block_initial_space=1048576, rsv=0, magic=5aa5bccd
CANN Version: 8.0.RC3, TimeStamp: 20241026152044625
opType=compute_msg, DumpHead: AIV-25, CoreType=AIV, block dim=32, total_block_num=32, block_remain_len=1048448, block_initial_space=1048576, rsv=0, magic=5aa5bccd
CANN Version: 8.0.RC3, TimeStamp: 20241026152044625
opType=compute_msg, DumpHead: AIV-26, CoreType=AIV, block dim=32, total_block_num=32, block_remain_len=1048448, block_initial_space=1048576, rsv=0, magic=5aa5bccd
CANN Version: 8.0.RC3, TimeStamp: 20241026152044625
opType=compute_msg, DumpHead: AIV-27, CoreType=AIV, block dim=32, total_block_num=32, block_remain_len=1048448, block_initial_space=1048576, rsv=0, magic=5aa5bccd
CANN Version: 8.0.RC3, TimeStamp: 20241026152044625
opType=compute_msg, DumpHead: AIV-28, CoreType=AIV, block dim=32, total_block_num=32, block_remain_len=1048448, block_initial_space=1048576, rsv=0, magic=5aa5bccd
CANN Version: 8.0.RC3, TimeStamp: 20241026152044625
opType=compute_msg, DumpHead: AIV-29, CoreType=AIV, block dim=32, total_block_num=32, block_remain_len=1048448, block_initial_space=1048576, rsv=0, magic=5aa5bccd
CANN Version: 8.0.RC3, TimeStamp: 20241026152044625
opType=compute_msg, DumpHead: AIV-30, CoreType=AIV, block dim=32, total_block_num=32, block_remain_len=1048448, block_initial_space=1048576, rsv=0, magic=5aa5bccd
CANN Version: 8.0.RC3, TimeStamp: 20241026152044625
opType=compute_msg, DumpHead: AIV-31, CoreType=AIV, block dim=32, total_block_num=32, block_remain_len=1048448, block_initial_space=1048576, rsv=0, magic=5aa5bccd
CANN Version: 8.0.RC3, TimeStamp: 20241026152044625
opType=compute_msg, DumpHead: AIV-0, CoreType=AIV, block dim=32, total_block_num=32, block_remain_len=1048408, block_initial_space=1048576, rsv=0, magic=5aa5bccd
CANN Version: 8.0.RC3, TimeStamp: 20241026152044625
Compute Message ...
opType=compute_msg, DumpHead: AIV-1, CoreType=AIV, block dim=32, total_block_num=32, block_remain_len=1048448, block_initial_space=1048576, rsv=0, magic=5aa5bccd
CANN Version: 8.0.RC3, TimeStamp: 20241026152044625
opType=compute_msg, DumpHead: AIV-2, CoreType=AIV, block dim=32, total_block_num=32, block_remain_len=1048448, block_initial_space=1048576, rsv=0, magic=5aa5bccd
CANN Version: 8.0.RC3, TimeStamp: 20241026152044625
opType=compute_msg, DumpHead: AIV-3, CoreType=AIV, block dim=32, total_block_num=32, block_remain_len=1048448, block_initial_space=1048576, rsv=0, magic=5aa5bccd
CANN Version: 8.0.RC3, TimeStamp: 20241026152044625
opType=compute_msg, DumpHead: AIV-4, CoreType=AIV, block dim=32, total_block_num=32, block_remain_len=1048448, block_initial_space=1048576, rsv=0, magic=5aa5bccd
CANN Version: 8.0.RC3, TimeStamp: 20241026152044625
opType=compute_msg, DumpHead: AIV-5, CoreType=AIV, block dim=32, total_block_num=32, block_remain_len=1048448, block_initial_space=1048576, rsv=0, magic=5aa5bccd
CANN Version: 8.0.RC3, TimeStamp: 20241026152044625
opType=compute_msg, DumpHead: AIV-6, CoreType=AIV, block dim=32, total_block_num=32, block_remain_len=1048448, block_initial_space=1048576, rsv=0, magic=5aa5bccd
CANN Version: 8.0.RC3, TimeStamp: 20241026152044625
opType=compute_msg, DumpHead: AIV-7, CoreType=AIV, block dim=32, total_block_num=32, block_remain_len=1048448, block_initial_space=1048576, rsv=0, magic=5aa5bccd
CANN Version: 8.0.RC3, TimeStamp: 20241026152044625
opType=compute_msg, DumpHead: AIV-8, CoreType=AIV, block dim=32, total_block_num=32, block_remain_len=1048448, block_initial_space=1048576, rsv=0, magic=5aa5bccd
CANN Version: 8.0.RC3, TimeStamp: 20241026152044625
opType=compute_msg, DumpHead: AIV-9, CoreType=AIV, block dim=32, total_block_num=32, block_remain_len=1048448, block_initial_space=1048576, rsv=0, magic=5aa5bccd
CANN Version: 8.0.RC3, TimeStamp: 20241026152044625
opType=compute_msg, DumpHead: AIV-10, CoreType=AIV, block dim=32, total_block_num=32, block_remain_len=1048448, block_initial_space=1048576, rsv=0, magic=5aa5bccd
CANN Version: 8.0.RC3, TimeStamp: 20241026152044625
opType=compute_msg, DumpHead: AIV-11, CoreType=AIV, block dim=32, total_block_num=32, block_remain_len=1048448, block_initial_space=1048576, rsv=0, magic=5aa5bccd
CANN Version: 8.0.RC3, TimeStamp: 20241026152044625
opType=compute_msg, DumpHead: AIV-12, CoreType=AIV, block dim=32, total_block_num=32, block_remain_len=1048448, block_initial_space=1048576, rsv=0, magic=5aa5bccd
CANN Version: 8.0.RC3, TimeStamp: 20241026152044625
opType=compute_msg, DumpHead: AIV-13, CoreType=AIV, block dim=32, total_block_num=32, block_remain_len=1048448, block_initial_space=1048576, rsv=0, magic=5aa5bccd
CANN Version: 8.0.RC3, TimeStamp: 20241026152044625
opType=compute_msg, DumpHead: AIV-14, CoreType=AIV, block dim=32, total_block_num=32, block_remain_len=1048448, block_initial_space=1048576, rsv=0, magic=5aa5bccd
CANN Version: 8.0.RC3, TimeStamp: 20241026152044625
opType=compute_msg, DumpHead: AIV-15, CoreType=AIV, block dim=32, total_block_num=32, block_remain_len=1048448, block_initial_space=1048576, rsv=0, magic=5aa5bccd
CANN Version: 8.0.RC3, TimeStamp: 20241026152044625
opType=compute_msg, DumpHead: AIV-16, CoreType=AIV, block dim=32, total_block_num=32, block_remain_len=1048448, block_initial_space=1048576, rsv=0, magic=5aa5bccd
CANN Version: 8.0.RC3, TimeStamp: 20241026152044625
opType=compute_msg, DumpHead: AIV-17, CoreType=AIV, block dim=32, total_block_num=32, block_remain_len=1048448, block_initial_space=1048576, rsv=0, magic=5aa5bccd
CANN Version: 8.0.RC3, TimeStamp: 20241026152044625
opType=compute_msg, DumpHead: AIV-18, CoreType=AIV, block dim=32, total_block_num=32, block_remain_len=1048448, block_initial_space=1048576, rsv=0, magic=5aa5bccd
CANN Version: 8.0.RC3, TimeStamp: 20241026152044625
opType=compute_msg, DumpHead: AIV-19, CoreType=AIV, block dim=32, total_block_num=32, block_remain_len=1048448, block_initial_space=1048576, rsv=0, magic=5aa5bccd
CANN Version: 8.0.RC3, TimeStamp: 20241026152044625
opType=compute_msg, DumpHead: AIV-20, CoreType=AIV, block dim=32, total_block_num=32, block_remain_len=1048448, block_initial_space=1048576, rsv=0, magic=5aa5bccd
CANN Version: 8.0.RC3, TimeStamp: 20241026152044625
opType=compute_msg, DumpHead: AIV-21, CoreType=AIV, block dim=32, total_block_num=32, block_remain_len=1048448, block_initial_space=1048576, rsv=0, magic=5aa5bccd
CANN Version: 8.0.RC3, TimeStamp: 20241026152044625
opType=compute_msg, DumpHead: AIV-22, CoreType=AIV, block dim=32, total_block_num=32, block_remain_len=1048448, block_initial_space=1048576, rsv=0, magic=5aa5bccd
CANN Version: 8.0.RC3, TimeStamp: 20241026152044625
opType=compute_msg, DumpHead: AIV-23, CoreType=AIV, block dim=32, total_block_num=32, block_remain_len=1048448, block_initial_space=1048576, rsv=0, magic=5aa5bccd
CANN Version: 8.0.RC3, TimeStamp: 20241026152044625
opType=compute_msg, DumpHead: AIV-24, CoreType=AIV, block dim=32, total_block_num=32, block_remain_len=1048448, block_initial_space=1048576, rsv=0, magic=5aa5bccd
CANN Version: 8.0.RC3, TimeStamp: 20241026152044625
opType=compute_msg, DumpHead: AIV-25, CoreType=AIV, block dim=32, total_block_num=32, block_remain_len=1048448, block_initial_space=1048576, rsv=0, magic=5aa5bccd
CANN Version: 8.0.RC3, TimeStamp: 20241026152044625
opType=compute_msg, DumpHead: AIV-26, CoreType=AIV, block dim=32, total_block_num=32, block_remain_len=1048448, block_initial_space=1048576, rsv=0, magic=5aa5bccd
CANN Version: 8.0.RC3, TimeStamp: 20241026152044625
opType=compute_msg, DumpHead: AIV-27, CoreType=AIV, block dim=32, total_block_num=32, block_remain_len=1048448, block_initial_space=1048576, rsv=0, magic=5aa5bccd
CANN Version: 8.0.RC3, TimeStamp: 20241026152044625
opType=compute_msg, DumpHead: AIV-28, CoreType=AIV, block dim=32, total_block_num=32, block_remain_len=1048448, block_initial_space=1048576, rsv=0, magic=5aa5bccd
CANN Version: 8.0.RC3, TimeStamp: 20241026152044625
opType=compute_msg, DumpHead: AIV-29, CoreType=AIV, block dim=32, total_block_num=32, block_remain_len=1048448, block_initial_space=1048576, rsv=0, magic=5aa5bccd
CANN Version: 8.0.RC3, TimeStamp: 20241026152044625
opType=compute_msg, DumpHead: AIV-30, CoreType=AIV, block dim=32, total_block_num=32, block_remain_len=1048448, block_initial_space=1048576, rsv=0, magic=5aa5bccd
CANN Version: 8.0.RC3, TimeStamp: 20241026152044625
opType=compute_msg, DumpHead: AIV-31, CoreType=AIV, block dim=32, total_block_num=32, block_remain_len=1048448, block_initial_space=1048576, rsv=0, magic=5aa5bccd
CANN Version: 8.0.RC3, TimeStamp: 20241026152044625
opType=aggregate_msg_split, DumpHead: AIV-0, CoreType=AIV, block dim=32, total_block_num=32, block_remain_len=1048408, block_initial_space=1048576, rsv=0, magic=5aa5bccd
CANN Version: 8.0.RC3, TimeStamp: 20241026152044625
Aggregate Message ...
opType=aggregate_msg_split, DumpHead: AIV-1, CoreType=AIV, block dim=32, total_block_num=32, block_remain_len=1048448, block_initial_space=1048576, rsv=0, magic=5aa5bccd
CANN Version: 8.0.RC3, TimeStamp: 20241026152044625
opType=aggregate_msg_split, DumpHead: AIV-2, CoreType=AIV, block dim=32, total_block_num=32, block_remain_len=1048448, block_initial_space=1048576, rsv=0, magic=5aa5bccd
CANN Version: 8.0.RC3, TimeStamp: 20241026152044625
opType=aggregate_msg_split, DumpHead: AIV-3, CoreType=AIV, block dim=32, total_block_num=32, block_remain_len=1048448, block_initial_space=1048576, rsv=0, magic=5aa5bccd
CANN Version: 8.0.RC3, TimeStamp: 20241026152044625
opType=aggregate_msg_split, DumpHead: AIV-4, CoreType=AIV, block dim=32, total_block_num=32, block_remain_len=1048448, block_initial_space=1048576, rsv=0, magic=5aa5bccd
CANN Version: 8.0.RC3, TimeStamp: 20241026152044625
opType=aggregate_msg_split, DumpHead: AIV-5, CoreType=AIV, block dim=32, total_block_num=32, block_remain_len=1048448, block_initial_space=1048576, rsv=0, magic=5aa5bccd
CANN Version: 8.0.RC3, TimeStamp: 20241026152044625
opType=aggregate_msg_split, DumpHead: AIV-6, CoreType=AIV, block dim=32, total_block_num=32, block_remain_len=1048448, block_initial_space=1048576, rsv=0, magic=5aa5bccd
CANN Version: 8.0.RC3, TimeStamp: 20241026152044625
opType=aggregate_msg_split, DumpHead: AIV-7, CoreType=AIV, block dim=32, total_block_num=32, block_remain_len=1048448, block_initial_space=1048576, rsv=0, magic=5aa5bccd
CANN Version: 8.0.RC3, TimeStamp: 20241026152044625
opType=aggregate_msg_split, DumpHead: AIV-8, CoreType=AIV, block dim=32, total_block_num=32, block_remain_len=1048448, block_initial_space=1048576, rsv=0, magic=5aa5bccd
CANN Version: 8.0.RC3, TimeStamp: 20241026152044625
opType=aggregate_msg_split, DumpHead: AIV-9, CoreType=AIV, block dim=32, total_block_num=32, block_remain_len=1048448, block_initial_space=1048576, rsv=0, magic=5aa5bccd
CANN Version: 8.0.RC3, TimeStamp: 20241026152044625
opType=aggregate_msg_split, DumpHead: AIV-10, CoreType=AIV, block dim=32, total_block_num=32, block_remain_len=1048448, block_initial_space=1048576, rsv=0, magic=5aa5bccd
CANN Version: 8.0.RC3, TimeStamp: 20241026152044625
opType=aggregate_msg_split, DumpHead: AIV-11, CoreType=AIV, block dim=32, total_block_num=32, block_remain_len=1048448, block_initial_space=1048576, rsv=0, magic=5aa5bccd
CANN Version: 8.0.RC3, TimeStamp: 20241026152044625
opType=aggregate_msg_split, DumpHead: AIV-12, CoreType=AIV, block dim=32, total_block_num=32, block_remain_len=1048448, block_initial_space=1048576, rsv=0, magic=5aa5bccd
CANN Version: 8.0.RC3, TimeStamp: 20241026152044625
opType=aggregate_msg_split, DumpHead: AIV-13, CoreType=AIV, block dim=32, total_block_num=32, block_remain_len=1048448, block_initial_space=1048576, rsv=0, magic=5aa5bccd
CANN Version: 8.0.RC3, TimeStamp: 20241026152044625
opType=aggregate_msg_split, DumpHead: AIV-14, CoreType=AIV, block dim=32, total_block_num=32, block_remain_len=1048448, block_initial_space=1048576, rsv=0, magic=5aa5bccd
CANN Version: 8.0.RC3, TimeStamp: 20241026152044625
opType=aggregate_msg_split, DumpHead: AIV-15, CoreType=AIV, block dim=32, total_block_num=32, block_remain_len=1048448, block_initial_space=1048576, rsv=0, magic=5aa5bccd
CANN Version: 8.0.RC3, TimeStamp: 20241026152044625
opType=aggregate_msg_split, DumpHead: AIV-16, CoreType=AIV, block dim=32, total_block_num=32, block_remain_len=1048448, block_initial_space=1048576, rsv=0, magic=5aa5bccd
CANN Version: 8.0.RC3, TimeStamp: 20241026152044625
opType=aggregate_msg_split, DumpHead: AIV-17, CoreType=AIV, block dim=32, total_block_num=32, block_remain_len=1048448, block_initial_space=1048576, rsv=0, magic=5aa5bccd
CANN Version: 8.0.RC3, TimeStamp: 20241026152044625
opType=aggregate_msg_split, DumpHead: AIV-18, CoreType=AIV, block dim=32, total_block_num=32, block_remain_len=1048448, block_initial_space=1048576, rsv=0, magic=5aa5bccd
CANN Version: 8.0.RC3, TimeStamp: 20241026152044625
opType=aggregate_msg_split, DumpHead: AIV-19, CoreType=AIV, block dim=32, total_block_num=32, block_remain_len=1048448, block_initial_space=1048576, rsv=0, magic=5aa5bccd
CANN Version: 8.0.RC3, TimeStamp: 20241026152044625
opType=aggregate_msg_split, DumpHead: AIV-20, CoreType=AIV, block dim=32, total_block_num=32, block_remain_len=1048448, block_initial_space=1048576, rsv=0, magic=5aa5bccd
CANN Version: 8.0.RC3, TimeStamp: 20241026152044625
opType=aggregate_msg_split, DumpHead: AIV-21, CoreType=AIV, block dim=32, total_block_num=32, block_remain_len=1048448, block_initial_space=1048576, rsv=0, magic=5aa5bccd
CANN Version: 8.0.RC3, TimeStamp: 20241026152044625
opType=aggregate_msg_split, DumpHead: AIV-22, CoreType=AIV, block dim=32, total_block_num=32, block_remain_len=1048448, block_initial_space=1048576, rsv=0, magic=5aa5bccd
CANN Version: 8.0.RC3, TimeStamp: 20241026152044625
opType=aggregate_msg_split, DumpHead: AIV-23, CoreType=AIV, block dim=32, total_block_num=32, block_remain_len=1048448, block_initial_space=1048576, rsv=0, magic=5aa5bccd
CANN Version: 8.0.RC3, TimeStamp: 20241026152044625
opType=aggregate_msg_split, DumpHead: AIV-24, CoreType=AIV, block dim=32, total_block_num=32, block_remain_len=1048448, block_initial_space=1048576, rsv=0, magic=5aa5bccd
CANN Version: 8.0.RC3, TimeStamp: 20241026152044625
opType=aggregate_msg_split, DumpHead: AIV-25, CoreType=AIV, block dim=32, total_block_num=32, block_remain_len=1048448, block_initial_space=1048576, rsv=0, magic=5aa5bccd
CANN Version: 8.0.RC3, TimeStamp: 20241026152044625
opType=aggregate_msg_split, DumpHead: AIV-26, CoreType=AIV, block dim=32, total_block_num=32, block_remain_len=1048448, block_initial_space=1048576, rsv=0, magic=5aa5bccd
CANN Version: 8.0.RC3, TimeStamp: 20241026152044625
opType=aggregate_msg_split, DumpHead: AIV-27, CoreType=AIV, block dim=32, total_block_num=32, block_remain_len=1048448, block_initial_space=1048576, rsv=0, magic=5aa5bccd
CANN Version: 8.0.RC3, TimeStamp: 20241026152044625
opType=aggregate_msg_split, DumpHead: AIV-28, CoreType=AIV, block dim=32, total_block_num=32, block_remain_len=1048448, block_initial_space=1048576, rsv=0, magic=5aa5bccd
CANN Version: 8.0.RC3, TimeStamp: 20241026152044625
opType=aggregate_msg_split, DumpHead: AIV-29, CoreType=AIV, block dim=32, total_block_num=32, block_remain_len=1048448, block_initial_space=1048576, rsv=0, magic=5aa5bccd
CANN Version: 8.0.RC3, TimeStamp: 20241026152044625
opType=aggregate_msg_split, DumpHead: AIV-30, CoreType=AIV, block dim=32, total_block_num=32, block_remain_len=1048448, block_initial_space=1048576, rsv=0, magic=5aa5bccd
CANN Version: 8.0.RC3, TimeStamp: 20241026152044625
opType=aggregate_msg_split, DumpHead: AIV-31, CoreType=AIV, block dim=32, total_block_num=32, block_remain_len=1048448, block_initial_space=1048576, rsv=0, magic=5aa5bccd
CANN Version: 8.0.RC3, TimeStamp: 20241026152044625
opType=aggregate_msg_split, DumpHead: AIV-0, CoreType=AIV, block dim=32, total_block_num=32, block_remain_len=1048408, block_initial_space=1048576, rsv=0, magic=5aa5bccd
CANN Version: 8.0.RC3, TimeStamp: 20241026152044625
Aggregate Message ...
opType=aggregate_msg_split, DumpHead: AIV-1, CoreType=AIV, block dim=32, total_block_num=32, block_remain_len=1048448, block_initial_space=1048576, rsv=0, magic=5aa5bccd
CANN Version: 8.0.RC3, TimeStamp: 20241026152044625
opType=aggregate_msg_split, DumpHead: AIV-2, CoreType=AIV, block dim=32, total_block_num=32, block_remain_len=1048448, block_initial_space=1048576, rsv=0, magic=5aa5bccd
CANN Version: 8.0.RC3, TimeStamp: 20241026152044625
opType=aggregate_msg_split, DumpHead: AIV-3, CoreType=AIV, block dim=32, total_block_num=32, block_remain_len=1048448, block_initial_space=1048576, rsv=0, magic=5aa5bccd
CANN Version: 8.0.RC3, TimeStamp: 20241026152044625
opType=aggregate_msg_split, DumpHead: AIV-4, CoreType=AIV, block dim=32, total_block_num=32, block_remain_len=1048448, block_initial_space=1048576, rsv=0, magic=5aa5bccd
CANN Version: 8.0.RC3, TimeStamp: 20241026152044625
opType=aggregate_msg_split, DumpHead: AIV-5, CoreType=AIV, block dim=32, total_block_num=32, block_remain_len=1048448, block_initial_space=1048576, rsv=0, magic=5aa5bccd
CANN Version: 8.0.RC3, TimeStamp: 20241026152044625
opType=aggregate_msg_split, DumpHead: AIV-6, CoreType=AIV, block dim=32, total_block_num=32, block_remain_len=1048448, block_initial_space=1048576, rsv=0, magic=5aa5bccd
CANN Version: 8.0.RC3, TimeStamp: 20241026152044625
opType=aggregate_msg_split, DumpHead: AIV-7, CoreType=AIV, block dim=32, total_block_num=32, block_remain_len=1048448, block_initial_space=1048576, rsv=0, magic=5aa5bccd
CANN Version: 8.0.RC3, TimeStamp: 20241026152044625
opType=aggregate_msg_split, DumpHead: AIV-8, CoreType=AIV, block dim=32, total_block_num=32, block_remain_len=1048448, block_initial_space=1048576, rsv=0, magic=5aa5bccd
CANN Version: 8.0.RC3, TimeStamp: 20241026152044625
opType=aggregate_msg_split, DumpHead: AIV-9, CoreType=AIV, block dim=32, total_block_num=32, block_remain_len=1048448, block_initial_space=1048576, rsv=0, magic=5aa5bccd
CANN Version: 8.0.RC3, TimeStamp: 20241026152044625
opType=aggregate_msg_split, DumpHead: AIV-10, CoreType=AIV, block dim=32, total_block_num=32, block_remain_len=1048448, block_initial_space=1048576, rsv=0, magic=5aa5bccd
CANN Version: 8.0.RC3, TimeStamp: 20241026152044625
opType=aggregate_msg_split, DumpHead: AIV-11, CoreType=AIV, block dim=32, total_block_num=32, block_remain_len=1048448, block_initial_space=1048576, rsv=0, magic=5aa5bccd
CANN Version: 8.0.RC3, TimeStamp: 20241026152044625
opType=aggregate_msg_split, DumpHead: AIV-12, CoreType=AIV, block dim=32, total_block_num=32, block_remain_len=1048448, block_initial_space=1048576, rsv=0, magic=5aa5bccd
CANN Version: 8.0.RC3, TimeStamp: 20241026152044625
opType=aggregate_msg_split, DumpHead: AIV-13, CoreType=AIV, block dim=32, total_block_num=32, block_remain_len=1048448, block_initial_space=1048576, rsv=0, magic=5aa5bccd
CANN Version: 8.0.RC3, TimeStamp: 20241026152044625
opType=aggregate_msg_split, DumpHead: AIV-14, CoreType=AIV, block dim=32, total_block_num=32, block_remain_len=1048448, block_initial_space=1048576, rsv=0, magic=5aa5bccd
CANN Version: 8.0.RC3, TimeStamp: 20241026152044625
opType=aggregate_msg_split, DumpHead: AIV-15, CoreType=AIV, block dim=32, total_block_num=32, block_remain_len=1048448, block_initial_space=1048576, rsv=0, magic=5aa5bccd
CANN Version: 8.0.RC3, TimeStamp: 20241026152044625
opType=aggregate_msg_split, DumpHead: AIV-16, CoreType=AIV, block dim=32, total_block_num=32, block_remain_len=1048448, block_initial_space=1048576, rsv=0, magic=5aa5bccd
CANN Version: 8.0.RC3, TimeStamp: 20241026152044625
opType=aggregate_msg_split, DumpHead: AIV-17, CoreType=AIV, block dim=32, total_block_num=32, block_remain_len=1048448, block_initial_space=1048576, rsv=0, magic=5aa5bccd
CANN Version: 8.0.RC3, TimeStamp: 20241026152044625
opType=aggregate_msg_split, DumpHead: AIV-18, CoreType=AIV, block dim=32, total_block_num=32, block_remain_len=1048448, block_initial_space=1048576, rsv=0, magic=5aa5bccd
CANN Version: 8.0.RC3, TimeStamp: 20241026152044625
opType=aggregate_msg_split, DumpHead: AIV-19, CoreType=AIV, block dim=32, total_block_num=32, block_remain_len=1048448, block_initial_space=1048576, rsv=0, magic=5aa5bccd
CANN Version: 8.0.RC3, TimeStamp: 20241026152044625
opType=aggregate_msg_split, DumpHead: AIV-20, CoreType=AIV, block dim=32, total_block_num=32, block_remain_len=1048448, block_initial_space=1048576, rsv=0, magic=5aa5bccd
CANN Version: 8.0.RC3, TimeStamp: 20241026152044625
opType=aggregate_msg_split, DumpHead: AIV-21, CoreType=AIV, block dim=32, total_block_num=32, block_remain_len=1048448, block_initial_space=1048576, rsv=0, magic=5aa5bccd
CANN Version: 8.0.RC3, TimeStamp: 20241026152044625
opType=aggregate_msg_split, DumpHead: AIV-22, CoreType=AIV, block dim=32, total_block_num=32, block_remain_len=1048448, block_initial_space=1048576, rsv=0, magic=5aa5bccd
CANN Version: 8.0.RC3, TimeStamp: 20241026152044625
opType=aggregate_msg_split, DumpHead: AIV-23, CoreType=AIV, block dim=32, total_block_num=32, block_remain_len=1048448, block_initial_space=1048576, rsv=0, magic=5aa5bccd
CANN Version: 8.0.RC3, TimeStamp: 20241026152044625
opType=aggregate_msg_split, DumpHead: AIV-24, CoreType=AIV, block dim=32, total_block_num=32, block_remain_len=1048448, block_initial_space=1048576, rsv=0, magic=5aa5bccd
CANN Version: 8.0.RC3, TimeStamp: 20241026152044625
opType=aggregate_msg_split, DumpHead: AIV-25, CoreType=AIV, block dim=32, total_block_num=32, block_remain_len=1048448, block_initial_space=1048576, rsv=0, magic=5aa5bccd
CANN Version: 8.0.RC3, TimeStamp: 20241026152044625
opType=aggregate_msg_split, DumpHead: AIV-26, CoreType=AIV, block dim=32, total_block_num=32, block_remain_len=1048448, block_initial_space=1048576, rsv=0, magic=5aa5bccd
CANN Version: 8.0.RC3, TimeStamp: 20241026152044625
opType=aggregate_msg_split, DumpHead: AIV-27, CoreType=AIV, block dim=32, total_block_num=32, block_remain_len=1048448, block_initial_space=1048576, rsv=0, magic=5aa5bccd
CANN Version: 8.0.RC3, TimeStamp: 20241026152044625
opType=aggregate_msg_split, DumpHead: AIV-28, CoreType=AIV, block dim=32, total_block_num=32, block_remain_len=1048448, block_initial_space=1048576, rsv=0, magic=5aa5bccd
CANN Version: 8.0.RC3, TimeStamp: 20241026152044625
opType=aggregate_msg_split, DumpHead: AIV-29, CoreType=AIV, block dim=32, total_block_num=32, block_remain_len=1048448, block_initial_space=1048576, rsv=0, magic=5aa5bccd
CANN Version: 8.0.RC3, TimeStamp: 20241026152044625
opType=aggregate_msg_split, DumpHead: AIV-30, CoreType=AIV, block dim=32, total_block_num=32, block_remain_len=1048448, block_initial_space=1048576, rsv=0, magic=5aa5bccd
CANN Version: 8.0.RC3, TimeStamp: 20241026152044625
opType=aggregate_msg_split, DumpHead: AIV-31, CoreType=AIV, block dim=32, total_block_num=32, block_remain_len=1048448, block_initial_space=1048576, rsv=0, magic=5aa5bccd
CANN Version: 8.0.RC3, TimeStamp: 20241026152044625
opType=aggregate_msg_split, DumpHead: AIV-0, CoreType=AIV, block dim=32, total_block_num=32, block_remain_len=1048408, block_initial_space=1048576, rsv=0, magic=5aa5bccd
CANN Version: 8.0.RC3, TimeStamp: 20241026152044625
Aggregate Message ...
opType=aggregate_msg_split, DumpHead: AIV-1, CoreType=AIV, block dim=32, total_block_num=32, block_remain_len=1048448, block_initial_space=1048576, rsv=0, magic=5aa5bccd
CANN Version: 8.0.RC3, TimeStamp: 20241026152044625
opType=aggregate_msg_split, DumpHead: AIV-2, CoreType=AIV, block dim=32, total_block_num=32, block_remain_len=1048448, block_initial_space=1048576, rsv=0, magic=5aa5bccd
CANN Version: 8.0.RC3, TimeStamp: 20241026152044625
opType=aggregate_msg_split, DumpHead: AIV-3, CoreType=AIV, block dim=32, total_block_num=32, block_remain_len=1048448, block_initial_space=1048576, rsv=0, magic=5aa5bccd
CANN Version: 8.0.RC3, TimeStamp: 20241026152044625
opType=aggregate_msg_split, DumpHead: AIV-4, CoreType=AIV, block dim=32, total_block_num=32, block_remain_len=1048448, block_initial_space=1048576, rsv=0, magic=5aa5bccd
CANN Version: 8.0.RC3, TimeStamp: 20241026152044625
opType=aggregate_msg_split, DumpHead: AIV-5, CoreType=AIV, block dim=32, total_block_num=32, block_remain_len=1048448, block_initial_space=1048576, rsv=0, magic=5aa5bccd
CANN Version: 8.0.RC3, TimeStamp: 20241026152044625
opType=aggregate_msg_split, DumpHead: AIV-6, CoreType=AIV, block dim=32, total_block_num=32, block_remain_len=1048448, block_initial_space=1048576, rsv=0, magic=5aa5bccd
CANN Version: 8.0.RC3, TimeStamp: 20241026152044625
opType=aggregate_msg_split, DumpHead: AIV-7, CoreType=AIV, block dim=32, total_block_num=32, block_remain_len=1048448, block_initial_space=1048576, rsv=0, magic=5aa5bccd
CANN Version: 8.0.RC3, TimeStamp: 20241026152044625
opType=aggregate_msg_split, DumpHead: AIV-8, CoreType=AIV, block dim=32, total_block_num=32, block_remain_len=1048448, block_initial_space=1048576, rsv=0, magic=5aa5bccd
CANN Version: 8.0.RC3, TimeStamp: 20241026152044625
opType=aggregate_msg_split, DumpHead: AIV-9, CoreType=AIV, block dim=32, total_block_num=32, block_remain_len=1048448, block_initial_space=1048576, rsv=0, magic=5aa5bccd
CANN Version: 8.0.RC3, TimeStamp: 20241026152044625
opType=aggregate_msg_split, DumpHead: AIV-10, CoreType=AIV, block dim=32, total_block_num=32, block_remain_len=1048448, block_initial_space=1048576, rsv=0, magic=5aa5bccd
CANN Version: 8.0.RC3, TimeStamp: 20241026152044625
opType=aggregate_msg_split, DumpHead: AIV-11, CoreType=AIV, block dim=32, total_block_num=32, block_remain_len=1048448, block_initial_space=1048576, rsv=0, magic=5aa5bccd
CANN Version: 8.0.RC3, TimeStamp: 20241026152044625
opType=aggregate_msg_split, DumpHead: AIV-12, CoreType=AIV, block dim=32, total_block_num=32, block_remain_len=1048448, block_initial_space=1048576, rsv=0, magic=5aa5bccd
CANN Version: 8.0.RC3, TimeStamp: 20241026152044625
opType=aggregate_msg_split, DumpHead: AIV-13, CoreType=AIV, block dim=32, total_block_num=32, block_remain_len=1048448, block_initial_space=1048576, rsv=0, magic=5aa5bccd
CANN Version: 8.0.RC3, TimeStamp: 20241026152044625
opType=aggregate_msg_split, DumpHead: AIV-14, CoreType=AIV, block dim=32, total_block_num=32, block_remain_len=1048448, block_initial_space=1048576, rsv=0, magic=5aa5bccd
CANN Version: 8.0.RC3, TimeStamp: 20241026152044625
opType=aggregate_msg_split, DumpHead: AIV-15, CoreType=AIV, block dim=32, total_block_num=32, block_remain_len=1048448, block_initial_space=1048576, rsv=0, magic=5aa5bccd
CANN Version: 8.0.RC3, TimeStamp: 20241026152044625
opType=aggregate_msg_split, DumpHead: AIV-16, CoreType=AIV, block dim=32, total_block_num=32, block_remain_len=1048448, block_initial_space=1048576, rsv=0, magic=5aa5bccd
CANN Version: 8.0.RC3, TimeStamp: 20241026152044625
opType=aggregate_msg_split, DumpHead: AIV-17, CoreType=AIV, block dim=32, total_block_num=32, block_remain_len=1048448, block_initial_space=1048576, rsv=0, magic=5aa5bccd
CANN Version: 8.0.RC3, TimeStamp: 20241026152044625
opType=aggregate_msg_split, DumpHead: AIV-18, CoreType=AIV, block dim=32, total_block_num=32, block_remain_len=1048448, block_initial_space=1048576, rsv=0, magic=5aa5bccd
CANN Version: 8.0.RC3, TimeStamp: 20241026152044625
opType=aggregate_msg_split, DumpHead: AIV-19, CoreType=AIV, block dim=32, total_block_num=32, block_remain_len=1048448, block_initial_space=1048576, rsv=0, magic=5aa5bccd
CANN Version: 8.0.RC3, TimeStamp: 20241026152044625
opType=aggregate_msg_split, DumpHead: AIV-20, CoreType=AIV, block dim=32, total_block_num=32, block_remain_len=1048448, block_initial_space=1048576, rsv=0, magic=5aa5bccd
CANN Version: 8.0.RC3, TimeStamp: 20241026152044625
opType=aggregate_msg_split, DumpHead: AIV-21, CoreType=AIV, block dim=32, total_block_num=32, block_remain_len=1048448, block_initial_space=1048576, rsv=0, magic=5aa5bccd
CANN Version: 8.0.RC3, TimeStamp: 20241026152044625
opType=aggregate_msg_split, DumpHead: AIV-22, CoreType=AIV, block dim=32, total_block_num=32, block_remain_len=1048448, block_initial_space=1048576, rsv=0, magic=5aa5bccd
CANN Version: 8.0.RC3, TimeStamp: 20241026152044625
opType=aggregate_msg_split, DumpHead: AIV-23, CoreType=AIV, block dim=32, total_block_num=32, block_remain_len=1048448, block_initial_space=1048576, rsv=0, magic=5aa5bccd
CANN Version: 8.0.RC3, TimeStamp: 20241026152044625
opType=aggregate_msg_split, DumpHead: AIV-24, CoreType=AIV, block dim=32, total_block_num=32, block_remain_len=1048448, block_initial_space=1048576, rsv=0, magic=5aa5bccd
CANN Version: 8.0.RC3, TimeStamp: 20241026152044625
opType=aggregate_msg_split, DumpHead: AIV-25, CoreType=AIV, block dim=32, total_block_num=32, block_remain_len=1048448, block_initial_space=1048576, rsv=0, magic=5aa5bccd
CANN Version: 8.0.RC3, TimeStamp: 20241026152044625
opType=aggregate_msg_split, DumpHead: AIV-26, CoreType=AIV, block dim=32, total_block_num=32, block_remain_len=1048448, block_initial_space=1048576, rsv=0, magic=5aa5bccd
CANN Version: 8.0.RC3, TimeStamp: 20241026152044625
opType=aggregate_msg_split, DumpHead: AIV-27, CoreType=AIV, block dim=32, total_block_num=32, block_remain_len=1048448, block_initial_space=1048576, rsv=0, magic=5aa5bccd
CANN Version: 8.0.RC3, TimeStamp: 20241026152044625
opType=aggregate_msg_split, DumpHead: AIV-28, CoreType=AIV, block dim=32, total_block_num=32, block_remain_len=1048448, block_initial_space=1048576, rsv=0, magic=5aa5bccd
CANN Version: 8.0.RC3, TimeStamp: 20241026152044625
opType=aggregate_msg_split, DumpHead: AIV-29, CoreType=AIV, block dim=32, total_block_num=32, block_remain_len=1048448, block_initial_space=1048576, rsv=0, magic=5aa5bccd
CANN Version: 8.0.RC3, TimeStamp: 20241026152044625
opType=aggregate_msg_split, DumpHead: AIV-30, CoreType=AIV, block dim=32, total_block_num=32, block_remain_len=1048448, block_initial_space=1048576, rsv=0, magic=5aa5bccd
CANN Version: 8.0.RC3, TimeStamp: 20241026152044625
opType=aggregate_msg_split, DumpHead: AIV-31, CoreType=AIV, block dim=32, total_block_num=32, block_remain_len=1048448, block_initial_space=1048576, rsv=0, magic=5aa5bccd
CANN Version: 8.0.RC3, TimeStamp: 20241026152044625
opType=aggregate_msg_split, DumpHead: AIV-0, CoreType=AIV, block dim=32, total_block_num=32, block_remain_len=1048408, block_initial_space=1048576, rsv=0, magic=5aa5bccd
CANN Version: 8.0.RC3, TimeStamp: 20241026152044625
Aggregate Message ...
opType=aggregate_msg_split, DumpHead: AIV-1, CoreType=AIV, block dim=32, total_block_num=32, block_remain_len=1048448, block_initial_space=1048576, rsv=0, magic=5aa5bccd
CANN Version: 8.0.RC3, TimeStamp: 20241026152044625
opType=aggregate_msg_split, DumpHead: AIV-2, CoreType=AIV, block dim=32, total_block_num=32, block_remain_len=1048448, block_initial_space=1048576, rsv=0, magic=5aa5bccd
CANN Version: 8.0.RC3, TimeStamp: 20241026152044625
opType=aggregate_msg_split, DumpHead: AIV-3, CoreType=AIV, block dim=32, total_block_num=32, block_remain_len=1048448, block_initial_space=1048576, rsv=0, magic=5aa5bccd
CANN Version: 8.0.RC3, TimeStamp: 20241026152044625
opType=aggregate_msg_split, DumpHead: AIV-4, CoreType=AIV, block dim=32, total_block_num=32, block_remain_len=1048448, block_initial_space=1048576, rsv=0, magic=5aa5bccd
CANN Version: 8.0.RC3, TimeStamp: 20241026152044625
opType=aggregate_msg_split, DumpHead: AIV-5, CoreType=AIV, block dim=32, total_block_num=32, block_remain_len=1048448, block_initial_space=1048576, rsv=0, magic=5aa5bccd
CANN Version: 8.0.RC3, TimeStamp: 20241026152044625
opType=aggregate_msg_split, DumpHead: AIV-6, CoreType=AIV, block dim=32, total_block_num=32, block_remain_len=1048448, block_initial_space=1048576, rsv=0, magic=5aa5bccd
CANN Version: 8.0.RC3, TimeStamp: 20241026152044625
opType=aggregate_msg_split, DumpHead: AIV-7, CoreType=AIV, block dim=32, total_block_num=32, block_remain_len=1048448, block_initial_space=1048576, rsv=0, magic=5aa5bccd
CANN Version: 8.0.RC3, TimeStamp: 20241026152044625
opType=aggregate_msg_split, DumpHead: AIV-8, CoreType=AIV, block dim=32, total_block_num=32, block_remain_len=1048448, block_initial_space=1048576, rsv=0, magic=5aa5bccd
CANN Version: 8.0.RC3, TimeStamp: 20241026152044625
opType=aggregate_msg_split, DumpHead: AIV-9, CoreType=AIV, block dim=32, total_block_num=32, block_remain_len=1048448, block_initial_space=1048576, rsv=0, magic=5aa5bccd
CANN Version: 8.0.RC3, TimeStamp: 20241026152044625
opType=aggregate_msg_split, DumpHead: AIV-10, CoreType=AIV, block dim=32, total_block_num=32, block_remain_len=1048448, block_initial_space=1048576, rsv=0, magic=5aa5bccd
CANN Version: 8.0.RC3, TimeStamp: 20241026152044625
opType=aggregate_msg_split, DumpHead: AIV-11, CoreType=AIV, block dim=32, total_block_num=32, block_remain_len=1048448, block_initial_space=1048576, rsv=0, magic=5aa5bccd
CANN Version: 8.0.RC3, TimeStamp: 20241026152044625
opType=aggregate_msg_split, DumpHead: AIV-12, CoreType=AIV, block dim=32, total_block_num=32, block_remain_len=1048448, block_initial_space=1048576, rsv=0, magic=5aa5bccd
CANN Version: 8.0.RC3, TimeStamp: 20241026152044625
opType=aggregate_msg_split, DumpHead: AIV-13, CoreType=AIV, block dim=32, total_block_num=32, block_remain_len=1048448, block_initial_space=1048576, rsv=0, magic=5aa5bccd
CANN Version: 8.0.RC3, TimeStamp: 20241026152044625
opType=aggregate_msg_split, DumpHead: AIV-14, CoreType=AIV, block dim=32, total_block_num=32, block_remain_len=1048448, block_initial_space=1048576, rsv=0, magic=5aa5bccd
CANN Version: 8.0.RC3, TimeStamp: 20241026152044625
opType=aggregate_msg_split, DumpHead: AIV-15, CoreType=AIV, block dim=32, total_block_num=32, block_remain_len=1048448, block_initial_space=1048576, rsv=0, magic=5aa5bccd
CANN Version: 8.0.RC3, TimeStamp: 20241026152044625
opType=aggregate_msg_split, DumpHead: AIV-16, CoreType=AIV, block dim=32, total_block_num=32, block_remain_len=1048448, block_initial_space=1048576, rsv=0, magic=5aa5bccd
CANN Version: 8.0.RC3, TimeStamp: 20241026152044625
opType=aggregate_msg_split, DumpHead: AIV-17, CoreType=AIV, block dim=32, total_block_num=32, block_remain_len=1048448, block_initial_space=1048576, rsv=0, magic=5aa5bccd
CANN Version: 8.0.RC3, TimeStamp: 20241026152044625
opType=aggregate_msg_split, DumpHead: AIV-18, CoreType=AIV, block dim=32, total_block_num=32, block_remain_len=1048448, block_initial_space=1048576, rsv=0, magic=5aa5bccd
CANN Version: 8.0.RC3, TimeStamp: 20241026152044625
opType=aggregate_msg_split, DumpHead: AIV-19, CoreType=AIV, block dim=32, total_block_num=32, block_remain_len=1048448, block_initial_space=1048576, rsv=0, magic=5aa5bccd
CANN Version: 8.0.RC3, TimeStamp: 20241026152044625
opType=aggregate_msg_split, DumpHead: AIV-20, CoreType=AIV, block dim=32, total_block_num=32, block_remain_len=1048448, block_initial_space=1048576, rsv=0, magic=5aa5bccd
CANN Version: 8.0.RC3, TimeStamp: 20241026152044625
opType=aggregate_msg_split, DumpHead: AIV-21, CoreType=AIV, block dim=32, total_block_num=32, block_remain_len=1048448, block_initial_space=1048576, rsv=0, magic=5aa5bccd
CANN Version: 8.0.RC3, TimeStamp: 20241026152044625
opType=aggregate_msg_split, DumpHead: AIV-22, CoreType=AIV, block dim=32, total_block_num=32, block_remain_len=1048448, block_initial_space=1048576, rsv=0, magic=5aa5bccd
CANN Version: 8.0.RC3, TimeStamp: 20241026152044625
opType=aggregate_msg_split, DumpHead: AIV-23, CoreType=AIV, block dim=32, total_block_num=32, block_remain_len=1048448, block_initial_space=1048576, rsv=0, magic=5aa5bccd
CANN Version: 8.0.RC3, TimeStamp: 20241026152044625
opType=aggregate_msg_split, DumpHead: AIV-24, CoreType=AIV, block dim=32, total_block_num=32, block_remain_len=1048448, block_initial_space=1048576, rsv=0, magic=5aa5bccd
CANN Version: 8.0.RC3, TimeStamp: 20241026152044625
opType=aggregate_msg_split, DumpHead: AIV-25, CoreType=AIV, block dim=32, total_block_num=32, block_remain_len=1048448, block_initial_space=1048576, rsv=0, magic=5aa5bccd
CANN Version: 8.0.RC3, TimeStamp: 20241026152044625
opType=aggregate_msg_split, DumpHead: AIV-26, CoreType=AIV, block dim=32, total_block_num=32, block_remain_len=1048448, block_initial_space=1048576, rsv=0, magic=5aa5bccd
CANN Version: 8.0.RC3, TimeStamp: 20241026152044625
opType=aggregate_msg_split, DumpHead: AIV-27, CoreType=AIV, block dim=32, total_block_num=32, block_remain_len=1048448, block_initial_space=1048576, rsv=0, magic=5aa5bccd
CANN Version: 8.0.RC3, TimeStamp: 20241026152044625
opType=aggregate_msg_split, DumpHead: AIV-28, CoreType=AIV, block dim=32, total_block_num=32, block_remain_len=1048448, block_initial_space=1048576, rsv=0, magic=5aa5bccd
CANN Version: 8.0.RC3, TimeStamp: 20241026152044625
opType=aggregate_msg_split, DumpHead: AIV-29, CoreType=AIV, block dim=32, total_block_num=32, block_remain_len=1048448, block_initial_space=1048576, rsv=0, magic=5aa5bccd
CANN Version: 8.0.RC3, TimeStamp: 20241026152044625
opType=aggregate_msg_split, DumpHead: AIV-30, CoreType=AIV, block dim=32, total_block_num=32, block_remain_len=1048448, block_initial_space=1048576, rsv=0, magic=5aa5bccd
CANN Version: 8.0.RC3, TimeStamp: 20241026152044625
opType=aggregate_msg_split, DumpHead: AIV-31, CoreType=AIV, block dim=32, total_block_num=32, block_remain_len=1048448, block_initial_space=1048576, rsv=0, magic=5aa5bccd
CANN Version: 8.0.RC3, TimeStamp: 20241026152044625
opType=reset_value, DumpHead: AIV-0, CoreType=AIV, block dim=32, total_block_num=32, block_remain_len=1048408, block_initial_space=1048576, rsv=0, magic=5aa5bccd
CANN Version: 8.0.RC3, TimeStamp: 20241026152044625
Reset Value ...
opType=reset_value, DumpHead: AIV-1, CoreType=AIV, block dim=32, total_block_num=32, block_remain_len=1048448, block_initial_space=1048576, rsv=0, magic=5aa5bccd
CANN Version: 8.0.RC3, TimeStamp: 20241026152044625
opType=reset_value, DumpHead: AIV-2, CoreType=AIV, block dim=32, total_block_num=32, block_remain_len=1048448, block_initial_space=1048576, rsv=0, magic=5aa5bccd
CANN Version: 8.0.RC3, TimeStamp: 20241026152044625
opType=reset_value, DumpHead: AIV-3, CoreType=AIV, block dim=32, total_block_num=32, block_remain_len=1048448, block_initial_space=1048576, rsv=0, magic=5aa5bccd
CANN Version: 8.0.RC3, TimeStamp: 20241026152044625
opType=reset_value, DumpHead: AIV-4, CoreType=AIV, block dim=32, total_block_num=32, block_remain_len=1048448, block_initial_space=1048576, rsv=0, magic=5aa5bccd
CANN Version: 8.0.RC3, TimeStamp: 20241026152044625
opType=reset_value, DumpHead: AIV-5, CoreType=AIV, block dim=32, total_block_num=32, block_remain_len=1048448, block_initial_space=1048576, rsv=0, magic=5aa5bccd
CANN Version: 8.0.RC3, TimeStamp: 20241026152044625
opType=reset_value, DumpHead: AIV-6, CoreType=AIV, block dim=32, total_block_num=32, block_remain_len=1048448, block_initial_space=1048576, rsv=0, magic=5aa5bccd
CANN Version: 8.0.RC3, TimeStamp: 20241026152044625
opType=reset_value, DumpHead: AIV-7, CoreType=AIV, block dim=32, total_block_num=32, block_remain_len=1048448, block_initial_space=1048576, rsv=0, magic=5aa5bccd
CANN Version: 8.0.RC3, TimeStamp: 20241026152044625
opType=reset_value, DumpHead: AIV-8, CoreType=AIV, block dim=32, total_block_num=32, block_remain_len=1048448, block_initial_space=1048576, rsv=0, magic=5aa5bccd
CANN Version: 8.0.RC3, TimeStamp: 20241026152044625
opType=reset_value, DumpHead: AIV-9, CoreType=AIV, block dim=32, total_block_num=32, block_remain_len=1048448, block_initial_space=1048576, rsv=0, magic=5aa5bccd
CANN Version: 8.0.RC3, TimeStamp: 20241026152044625
opType=reset_value, DumpHead: AIV-10, CoreType=AIV, block dim=32, total_block_num=32, block_remain_len=1048448, block_initial_space=1048576, rsv=0, magic=5aa5bccd
CANN Version: 8.0.RC3, TimeStamp: 20241026152044625
opType=reset_value, DumpHead: AIV-11, CoreType=AIV, block dim=32, total_block_num=32, block_remain_len=1048448, block_initial_space=1048576, rsv=0, magic=5aa5bccd
CANN Version: 8.0.RC3, TimeStamp: 20241026152044625
opType=reset_value, DumpHead: AIV-12, CoreType=AIV, block dim=32, total_block_num=32, block_remain_len=1048448, block_initial_space=1048576, rsv=0, magic=5aa5bccd
CANN Version: 8.0.RC3, TimeStamp: 20241026152044625
opType=reset_value, DumpHead: AIV-13, CoreType=AIV, block dim=32, total_block_num=32, block_remain_len=1048448, block_initial_space=1048576, rsv=0, magic=5aa5bccd
CANN Version: 8.0.RC3, TimeStamp: 20241026152044625
opType=reset_value, DumpHead: AIV-14, CoreType=AIV, block dim=32, total_block_num=32, block_remain_len=1048448, block_initial_space=1048576, rsv=0, magic=5aa5bccd
CANN Version: 8.0.RC3, TimeStamp: 20241026152044625
opType=reset_value, DumpHead: AIV-15, CoreType=AIV, block dim=32, total_block_num=32, block_remain_len=1048448, block_initial_space=1048576, rsv=0, magic=5aa5bccd
CANN Version: 8.0.RC3, TimeStamp: 20241026152044625
opType=reset_value, DumpHead: AIV-16, CoreType=AIV, block dim=32, total_block_num=32, block_remain_len=1048448, block_initial_space=1048576, rsv=0, magic=5aa5bccd
CANN Version: 8.0.RC3, TimeStamp: 20241026152044625
opType=reset_value, DumpHead: AIV-17, CoreType=AIV, block dim=32, total_block_num=32, block_remain_len=1048448, block_initial_space=1048576, rsv=0, magic=5aa5bccd
CANN Version: 8.0.RC3, TimeStamp: 20241026152044625
opType=reset_value, DumpHead: AIV-18, CoreType=AIV, block dim=32, total_block_num=32, block_remain_len=1048448, block_initial_space=1048576, rsv=0, magic=5aa5bccd
CANN Version: 8.0.RC3, TimeStamp: 20241026152044625
opType=reset_value, DumpHead: AIV-19, CoreType=AIV, block dim=32, total_block_num=32, block_remain_len=1048448, block_initial_space=1048576, rsv=0, magic=5aa5bccd
CANN Version: 8.0.RC3, TimeStamp: 20241026152044625
opType=reset_value, DumpHead: AIV-20, CoreType=AIV, block dim=32, total_block_num=32, block_remain_len=1048448, block_initial_space=1048576, rsv=0, magic=5aa5bccd
CANN Version: 8.0.RC3, TimeStamp: 20241026152044625
opType=reset_value, DumpHead: AIV-21, CoreType=AIV, block dim=32, total_block_num=32, block_remain_len=1048448, block_initial_space=1048576, rsv=0, magic=5aa5bccd
CANN Version: 8.0.RC3, TimeStamp: 20241026152044625
opType=reset_value, DumpHead: AIV-22, CoreType=AIV, block dim=32, total_block_num=32, block_remain_len=1048448, block_initial_space=1048576, rsv=0, magic=5aa5bccd
CANN Version: 8.0.RC3, TimeStamp: 20241026152044625
opType=reset_value, DumpHead: AIV-23, CoreType=AIV, block dim=32, total_block_num=32, block_remain_len=1048448, block_initial_space=1048576, rsv=0, magic=5aa5bccd
CANN Version: 8.0.RC3, TimeStamp: 20241026152044625
opType=reset_value, DumpHead: AIV-24, CoreType=AIV, block dim=32, total_block_num=32, block_remain_len=1048448, block_initial_space=1048576, rsv=0, magic=5aa5bccd
CANN Version: 8.0.RC3, TimeStamp: 20241026152044625
opType=reset_value, DumpHead: AIV-25, CoreType=AIV, block dim=32, total_block_num=32, block_remain_len=1048448, block_initial_space=1048576, rsv=0, magic=5aa5bccd
CANN Version: 8.0.RC3, TimeStamp: 20241026152044625
opType=reset_value, DumpHead: AIV-26, CoreType=AIV, block dim=32, total_block_num=32, block_remain_len=1048448, block_initial_space=1048576, rsv=0, magic=5aa5bccd
CANN Version: 8.0.RC3, TimeStamp: 20241026152044625
opType=reset_value, DumpHead: AIV-27, CoreType=AIV, block dim=32, total_block_num=32, block_remain_len=1048448, block_initial_space=1048576, rsv=0, magic=5aa5bccd
CANN Version: 8.0.RC3, TimeStamp: 20241026152044625
opType=reset_value, DumpHead: AIV-28, CoreType=AIV, block dim=32, total_block_num=32, block_remain_len=1048448, block_initial_space=1048576, rsv=0, magic=5aa5bccd
CANN Version: 8.0.RC3, TimeStamp: 20241026152044625
opType=reset_value, DumpHead: AIV-29, CoreType=AIV, block dim=32, total_block_num=32, block_remain_len=1048448, block_initial_space=1048576, rsv=0, magic=5aa5bccd
CANN Version: 8.0.RC3, TimeStamp: 20241026152044625
opType=reset_value, DumpHead: AIV-30, CoreType=AIV, block dim=32, total_block_num=32, block_remain_len=1048448, block_initial_space=1048576, rsv=0, magic=5aa5bccd
CANN Version: 8.0.RC3, TimeStamp: 20241026152044625
opType=reset_value, DumpHead: AIV-31, CoreType=AIV, block dim=32, total_block_num=32, block_remain_len=1048448, block_initial_space=1048576, rsv=0, magic=5aa5bccd
CANN Version: 8.0.RC3, TimeStamp: 20241026152044625
opType=reset_value, DumpHead: AIV-0, CoreType=AIV, block dim=32, total_block_num=32, block_remain_len=1048408, block_initial_space=1048576, rsv=0, magic=5aa5bccd
CANN Version: 8.0.RC3, TimeStamp: 20241026152044625
Reset Value ...
opType=reset_value, DumpHead: AIV-1, CoreType=AIV, block dim=32, total_block_num=32, block_remain_len=1048448, block_initial_space=1048576, rsv=0, magic=5aa5bccd
CANN Version: 8.0.RC3, TimeStamp: 20241026152044625
opType=reset_value, DumpHead: AIV-2, CoreType=AIV, block dim=32, total_block_num=32, block_remain_len=1048448, block_initial_space=1048576, rsv=0, magic=5aa5bccd
CANN Version: 8.0.RC3, TimeStamp: 20241026152044625
opType=reset_value, DumpHead: AIV-3, CoreType=AIV, block dim=32, total_block_num=32, block_remain_len=1048448, block_initial_space=1048576, rsv=0, magic=5aa5bccd
CANN Version: 8.0.RC3, TimeStamp: 20241026152044625
opType=reset_value, DumpHead: AIV-4, CoreType=AIV, block dim=32, total_block_num=32, block_remain_len=1048448, block_initial_space=1048576, rsv=0, magic=5aa5bccd
CANN Version: 8.0.RC3, TimeStamp: 20241026152044625
opType=reset_value, DumpHead: AIV-5, CoreType=AIV, block dim=32, total_block_num=32, block_remain_len=1048448, block_initial_space=1048576, rsv=0, magic=5aa5bccd
CANN Version: 8.0.RC3, TimeStamp: 20241026152044625
opType=reset_value, DumpHead: AIV-6, CoreType=AIV, block dim=32, total_block_num=32, block_remain_len=1048448, block_initial_space=1048576, rsv=0, magic=5aa5bccd
CANN Version: 8.0.RC3, TimeStamp: 20241026152044625
opType=reset_value, DumpHead: AIV-7, CoreType=AIV, block dim=32, total_block_num=32, block_remain_len=1048448, block_initial_space=1048576, rsv=0, magic=5aa5bccd
CANN Version: 8.0.RC3, TimeStamp: 20241026152044625
opType=reset_value, DumpHead: AIV-8, CoreType=AIV, block dim=32, total_block_num=32, block_remain_len=1048448, block_initial_space=1048576, rsv=0, magic=5aa5bccd
CANN Version: 8.0.RC3, TimeStamp: 20241026152044625
opType=reset_value, DumpHead: AIV-9, CoreType=AIV, block dim=32, total_block_num=32, block_remain_len=1048448, block_initial_space=1048576, rsv=0, magic=5aa5bccd
CANN Version: 8.0.RC3, TimeStamp: 20241026152044625
opType=reset_value, DumpHead: AIV-10, CoreType=AIV, block dim=32, total_block_num=32, block_remain_len=1048448, block_initial_space=1048576, rsv=0, magic=5aa5bccd
CANN Version: 8.0.RC3, TimeStamp: 20241026152044625
opType=reset_value, DumpHead: AIV-11, CoreType=AIV, block dim=32, total_block_num=32, block_remain_len=1048448, block_initial_space=1048576, rsv=0, magic=5aa5bccd
CANN Version: 8.0.RC3, TimeStamp: 20241026152044625
opType=reset_value, DumpHead: AIV-12, CoreType=AIV, block dim=32, total_block_num=32, block_remain_len=1048448, block_initial_space=1048576, rsv=0, magic=5aa5bccd
CANN Version: 8.0.RC3, TimeStamp: 20241026152044625
opType=reset_value, DumpHead: AIV-13, CoreType=AIV, block dim=32, total_block_num=32, block_remain_len=1048448, block_initial_space=1048576, rsv=0, magic=5aa5bccd
CANN Version: 8.0.RC3, TimeStamp: 20241026152044625
opType=reset_value, DumpHead: AIV-14, CoreType=AIV, block dim=32, total_block_num=32, block_remain_len=1048448, block_initial_space=1048576, rsv=0, magic=5aa5bccd
CANN Version: 8.0.RC3, TimeStamp: 20241026152044625
opType=reset_value, DumpHead: AIV-15, CoreType=AIV, block dim=32, total_block_num=32, block_remain_len=1048448, block_initial_space=1048576, rsv=0, magic=5aa5bccd
CANN Version: 8.0.RC3, TimeStamp: 20241026152044625
opType=reset_value, DumpHead: AIV-16, CoreType=AIV, block dim=32, total_block_num=32, block_remain_len=1048448, block_initial_space=1048576, rsv=0, magic=5aa5bccd
CANN Version: 8.0.RC3, TimeStamp: 20241026152044625
opType=reset_value, DumpHead: AIV-17, CoreType=AIV, block dim=32, total_block_num=32, block_remain_len=1048448, block_initial_space=1048576, rsv=0, magic=5aa5bccd
CANN Version: 8.0.RC3, TimeStamp: 20241026152044625
opType=reset_value, DumpHead: AIV-18, CoreType=AIV, block dim=32, total_block_num=32, block_remain_len=1048448, block_initial_space=1048576, rsv=0, magic=5aa5bccd
CANN Version: 8.0.RC3, TimeStamp: 20241026152044625
opType=reset_value, DumpHead: AIV-19, CoreType=AIV, block dim=32, total_block_num=32, block_remain_len=1048448, block_initial_space=1048576, rsv=0, magic=5aa5bccd
CANN Version: 8.0.RC3, TimeStamp: 20241026152044625
opType=reset_value, DumpHead: AIV-20, CoreType=AIV, block dim=32, total_block_num=32, block_remain_len=1048448, block_initial_space=1048576, rsv=0, magic=5aa5bccd
CANN Version: 8.0.RC3, TimeStamp: 20241026152044625
opType=reset_value, DumpHead: AIV-21, CoreType=AIV, block dim=32, total_block_num=32, block_remain_len=1048448, block_initial_space=1048576, rsv=0, magic=5aa5bccd
CANN Version: 8.0.RC3, TimeStamp: 20241026152044625
opType=reset_value, DumpHead: AIV-22, CoreType=AIV, block dim=32, total_block_num=32, block_remain_len=1048448, block_initial_space=1048576, rsv=0, magic=5aa5bccd
CANN Version: 8.0.RC3, TimeStamp: 20241026152044625
opType=reset_value, DumpHead: AIV-23, CoreType=AIV, block dim=32, total_block_num=32, block_remain_len=1048448, block_initial_space=1048576, rsv=0, magic=5aa5bccd
CANN Version: 8.0.RC3, TimeStamp: 20241026152044625
opType=reset_value, DumpHead: AIV-24, CoreType=AIV, block dim=32, total_block_num=32, block_remain_len=1048448, block_initial_space=1048576, rsv=0, magic=5aa5bccd
CANN Version: 8.0.RC3, TimeStamp: 20241026152044625
opType=reset_value, DumpHead: AIV-25, CoreType=AIV, block dim=32, total_block_num=32, block_remain_len=1048448, block_initial_space=1048576, rsv=0, magic=5aa5bccd
CANN Version: 8.0.RC3, TimeStamp: 20241026152044625
opType=reset_value, DumpHead: AIV-26, CoreType=AIV, block dim=32, total_block_num=32, block_remain_len=1048448, block_initial_space=1048576, rsv=0, magic=5aa5bccd
CANN Version: 8.0.RC3, TimeStamp: 20241026152044625
opType=reset_value, DumpHead: AIV-27, CoreType=AIV, block dim=32, total_block_num=32, block_remain_len=1048448, block_initial_space=1048576, rsv=0, magic=5aa5bccd
CANN Version: 8.0.RC3, TimeStamp: 20241026152044625
opType=reset_value, DumpHead: AIV-28, CoreType=AIV, block dim=32, total_block_num=32, block_remain_len=1048448, block_initial_space=1048576, rsv=0, magic=5aa5bccd
CANN Version: 8.0.RC3, TimeStamp: 20241026152044625
opType=reset_value, DumpHead: AIV-29, CoreType=AIV, block dim=32, total_block_num=32, block_remain_len=1048448, block_initial_space=1048576, rsv=0, magic=5aa5bccd
CANN Version: 8.0.RC3, TimeStamp: 20241026152044625
opType=reset_value, DumpHead: AIV-30, CoreType=AIV, block dim=32, total_block_num=32, block_remain_len=1048448, block_initial_space=1048576, rsv=0, magic=5aa5bccd
CANN Version: 8.0.RC3, TimeStamp: 20241026152044625
opType=reset_value, DumpHead: AIV-31, CoreType=AIV, block dim=32, total_block_num=32, block_remain_len=1048448, block_initial_space=1048576, rsv=0, magic=5aa5bccd
CANN Version: 8.0.RC3, TimeStamp: 20241026152044625
opType=reset_value, DumpHead: AIV-0, CoreType=AIV, block dim=32, total_block_num=32, block_remain_len=1048408, block_initial_space=1048576, rsv=0, magic=5aa5bccd
CANN Version: 8.0.RC3, TimeStamp: 20241026152044625
Reset Value ...
opType=reset_value, DumpHead: AIV-1, CoreType=AIV, block dim=32, total_block_num=32, block_remain_len=1048448, block_initial_space=1048576, rsv=0, magic=5aa5bccd
CANN Version: 8.0.RC3, TimeStamp: 20241026152044625
opType=reset_value, DumpHead: AIV-2, CoreType=AIV, block dim=32, total_block_num=32, block_remain_len=1048448, block_initial_space=1048576, rsv=0, magic=5aa5bccd
CANN Version: 8.0.RC3, TimeStamp: 20241026152044625
opType=reset_value, DumpHead: AIV-3, CoreType=AIV, block dim=32, total_block_num=32, block_remain_len=1048448, block_initial_space=1048576, rsv=0, magic=5aa5bccd
CANN Version: 8.0.RC3, TimeStamp: 20241026152044625
opType=reset_value, DumpHead: AIV-4, CoreType=AIV, block dim=32, total_block_num=32, block_remain_len=1048448, block_initial_space=1048576, rsv=0, magic=5aa5bccd
CANN Version: 8.0.RC3, TimeStamp: 20241026152044625
opType=reset_value, DumpHead: AIV-5, CoreType=AIV, block dim=32, total_block_num=32, block_remain_len=1048448, block_initial_space=1048576, rsv=0, magic=5aa5bccd
CANN Version: 8.0.RC3, TimeStamp: 20241026152044625
opType=reset_value, DumpHead: AIV-6, CoreType=AIV, block dim=32, total_block_num=32, block_remain_len=1048448, block_initial_space=1048576, rsv=0, magic=5aa5bccd
CANN Version: 8.0.RC3, TimeStamp: 20241026152044625
opType=reset_value, DumpHead: AIV-7, CoreType=AIV, block dim=32, total_block_num=32, block_remain_len=1048448, block_initial_space=1048576, rsv=0, magic=5aa5bccd
CANN Version: 8.0.RC3, TimeStamp: 20241026152044625
opType=reset_value, DumpHead: AIV-8, CoreType=AIV, block dim=32, total_block_num=32, block_remain_len=1048448, block_initial_space=1048576, rsv=0, magic=5aa5bccd
CANN Version: 8.0.RC3, TimeStamp: 20241026152044625
opType=reset_value, DumpHead: AIV-9, CoreType=AIV, block dim=32, total_block_num=32, block_remain_len=1048448, block_initial_space=1048576, rsv=0, magic=5aa5bccd
CANN Version: 8.0.RC3, TimeStamp: 20241026152044625
opType=reset_value, DumpHead: AIV-10, CoreType=AIV, block dim=32, total_block_num=32, block_remain_len=1048448, block_initial_space=1048576, rsv=0, magic=5aa5bccd
CANN Version: 8.0.RC3, TimeStamp: 20241026152044625
opType=reset_value, DumpHead: AIV-11, CoreType=AIV, block dim=32, total_block_num=32, block_remain_len=1048448, block_initial_space=1048576, rsv=0, magic=5aa5bccd
CANN Version: 8.0.RC3, TimeStamp: 20241026152044625
opType=reset_value, DumpHead: AIV-12, CoreType=AIV, block dim=32, total_block_num=32, block_remain_len=1048448, block_initial_space=1048576, rsv=0, magic=5aa5bccd
CANN Version: 8.0.RC3, TimeStamp: 20241026152044625
opType=reset_value, DumpHead: AIV-13, CoreType=AIV, block dim=32, total_block_num=32, block_remain_len=1048448, block_initial_space=1048576, rsv=0, magic=5aa5bccd
CANN Version: 8.0.RC3, TimeStamp: 20241026152044625
opType=reset_value, DumpHead: AIV-14, CoreType=AIV, block dim=32, total_block_num=32, block_remain_len=1048448, block_initial_space=1048576, rsv=0, magic=5aa5bccd
CANN Version: 8.0.RC3, TimeStamp: 20241026152044625
opType=reset_value, DumpHead: AIV-15, CoreType=AIV, block dim=32, total_block_num=32, block_remain_len=1048448, block_initial_space=1048576, rsv=0, magic=5aa5bccd
CANN Version: 8.0.RC3, TimeStamp: 20241026152044625
opType=reset_value, DumpHead: AIV-16, CoreType=AIV, block dim=32, total_block_num=32, block_remain_len=1048448, block_initial_space=1048576, rsv=0, magic=5aa5bccd
CANN Version: 8.0.RC3, TimeStamp: 20241026152044625
opType=reset_value, DumpHead: AIV-17, CoreType=AIV, block dim=32, total_block_num=32, block_remain_len=1048448, block_initial_space=1048576, rsv=0, magic=5aa5bccd
CANN Version: 8.0.RC3, TimeStamp: 20241026152044625
opType=reset_value, DumpHead: AIV-18, CoreType=AIV, block dim=32, total_block_num=32, block_remain_len=1048448, block_initial_space=1048576, rsv=0, magic=5aa5bccd
CANN Version: 8.0.RC3, TimeStamp: 20241026152044625
opType=reset_value, DumpHead: AIV-19, CoreType=AIV, block dim=32, total_block_num=32, block_remain_len=1048448, block_initial_space=1048576, rsv=0, magic=5aa5bccd
CANN Version: 8.0.RC3, TimeStamp: 20241026152044625
opType=reset_value, DumpHead: AIV-20, CoreType=AIV, block dim=32, total_block_num=32, block_remain_len=1048448, block_initial_space=1048576, rsv=0, magic=5aa5bccd
CANN Version: 8.0.RC3, TimeStamp: 20241026152044625
opType=reset_value, DumpHead: AIV-21, CoreType=AIV, block dim=32, total_block_num=32, block_remain_len=1048448, block_initial_space=1048576, rsv=0, magic=5aa5bccd
CANN Version: 8.0.RC3, TimeStamp: 20241026152044625
opType=reset_value, DumpHead: AIV-22, CoreType=AIV, block dim=32, total_block_num=32, block_remain_len=1048448, block_initial_space=1048576, rsv=0, magic=5aa5bccd
CANN Version: 8.0.RC3, TimeStamp: 20241026152044625
opType=reset_value, DumpHead: AIV-23, CoreType=AIV, block dim=32, total_block_num=32, block_remain_len=1048448, block_initial_space=1048576, rsv=0, magic=5aa5bccd
CANN Version: 8.0.RC3, TimeStamp: 20241026152044625
opType=reset_value, DumpHead: AIV-24, CoreType=AIV, block dim=32, total_block_num=32, block_remain_len=1048448, block_initial_space=1048576, rsv=0, magic=5aa5bccd
CANN Version: 8.0.RC3, TimeStamp: 20241026152044625
opType=reset_value, DumpHead: AIV-25, CoreType=AIV, block dim=32, total_block_num=32, block_remain_len=1048448, block_initial_space=1048576, rsv=0, magic=5aa5bccd
CANN Version: 8.0.RC3, TimeStamp: 20241026152044625
opType=reset_value, DumpHead: AIV-26, CoreType=AIV, block dim=32, total_block_num=32, block_remain_len=1048448, block_initial_space=1048576, rsv=0, magic=5aa5bccd
CANN Version: 8.0.RC3, TimeStamp: 20241026152044625
opType=reset_value, DumpHead: AIV-27, CoreType=AIV, block dim=32, total_block_num=32, block_remain_len=1048448, block_initial_space=1048576, rsv=0, magic=5aa5bccd
CANN Version: 8.0.RC3, TimeStamp: 20241026152044625
opType=reset_value, DumpHead: AIV-28, CoreType=AIV, block dim=32, total_block_num=32, block_remain_len=1048448, block_initial_space=1048576, rsv=0, magic=5aa5bccd
CANN Version: 8.0.RC3, TimeStamp: 20241026152044625
opType=reset_value, DumpHead: AIV-29, CoreType=AIV, block dim=32, total_block_num=32, block_remain_len=1048448, block_initial_space=1048576, rsv=0, magic=5aa5bccd
CANN Version: 8.0.RC3, TimeStamp: 20241026152044625
opType=reset_value, DumpHead: AIV-30, CoreType=AIV, block dim=32, total_block_num=32, block_remain_len=1048448, block_initial_space=1048576, rsv=0, magic=5aa5bccd
CANN Version: 8.0.RC3, TimeStamp: 20241026152044625
opType=reset_value, DumpHead: AIV-31, CoreType=AIV, block dim=32, total_block_num=32, block_remain_len=1048448, block_initial_space=1048576, rsv=0, magic=5aa5bccd
CANN Version: 8.0.RC3, TimeStamp: 20241026152044625
opType=reset_value, DumpHead: AIV-0, CoreType=AIV, block dim=32, total_block_num=32, block_remain_len=1048408, block_initial_space=1048576, rsv=0, magic=5aa5bccd
CANN Version: 8.0.RC3, TimeStamp: 20241026152044625
Reset Value ...
opType=reset_value, DumpHead: AIV-1, CoreType=AIV, block dim=32, total_block_num=32, block_remain_len=1048448, block_initial_space=1048576, rsv=0, magic=5aa5bccd
CANN Version: 8.0.RC3, TimeStamp: 20241026152044625
opType=reset_value, DumpHead: AIV-2, CoreType=AIV, block dim=32, total_block_num=32, block_remain_len=1048448, block_initial_space=1048576, rsv=0, magic=5aa5bccd
CANN Version: 8.0.RC3, TimeStamp: 20241026152044625
opType=reset_value, DumpHead: AIV-3, CoreType=AIV, block dim=32, total_block_num=32, block_remain_len=1048448, block_initial_space=1048576, rsv=0, magic=5aa5bccd
CANN Version: 8.0.RC3, TimeStamp: 20241026152044625
opType=reset_value, DumpHead: AIV-4, CoreType=AIV, block dim=32, total_block_num=32, block_remain_len=1048448, block_initial_space=1048576, rsv=0, magic=5aa5bccd
CANN Version: 8.0.RC3, TimeStamp: 20241026152044625
opType=reset_value, DumpHead: AIV-5, CoreType=AIV, block dim=32, total_block_num=32, block_remain_len=1048448, block_initial_space=1048576, rsv=0, magic=5aa5bccd
CANN Version: 8.0.RC3, TimeStamp: 20241026152044625
opType=reset_value, DumpHead: AIV-6, CoreType=AIV, block dim=32, total_block_num=32, block_remain_len=1048448, block_initial_space=1048576, rsv=0, magic=5aa5bccd
CANN Version: 8.0.RC3, TimeStamp: 20241026152044625
opType=reset_value, DumpHead: AIV-7, CoreType=AIV, block dim=32, total_block_num=32, block_remain_len=1048448, block_initial_space=1048576, rsv=0, magic=5aa5bccd
CANN Version: 8.0.RC3, TimeStamp: 20241026152044625
opType=reset_value, DumpHead: AIV-8, CoreType=AIV, block dim=32, total_block_num=32, block_remain_len=1048448, block_initial_space=1048576, rsv=0, magic=5aa5bccd
CANN Version: 8.0.RC3, TimeStamp: 20241026152044625
opType=reset_value, DumpHead: AIV-9, CoreType=AIV, block dim=32, total_block_num=32, block_remain_len=1048448, block_initial_space=1048576, rsv=0, magic=5aa5bccd
CANN Version: 8.0.RC3, TimeStamp: 20241026152044625
opType=reset_value, DumpHead: AIV-10, CoreType=AIV, block dim=32, total_block_num=32, block_remain_len=1048448, block_initial_space=1048576, rsv=0, magic=5aa5bccd
CANN Version: 8.0.RC3, TimeStamp: 20241026152044625
opType=reset_value, DumpHead: AIV-11, CoreType=AIV, block dim=32, total_block_num=32, block_remain_len=1048448, block_initial_space=1048576, rsv=0, magic=5aa5bccd
CANN Version: 8.0.RC3, TimeStamp: 20241026152044625
opType=reset_value, DumpHead: AIV-12, CoreType=AIV, block dim=32, total_block_num=32, block_remain_len=1048448, block_initial_space=1048576, rsv=0, magic=5aa5bccd
CANN Version: 8.0.RC3, TimeStamp: 20241026152044625
opType=reset_value, DumpHead: AIV-13, CoreType=AIV, block dim=32, total_block_num=32, block_remain_len=1048448, block_initial_space=1048576, rsv=0, magic=5aa5bccd
CANN Version: 8.0.RC3, TimeStamp: 20241026152044625
opType=reset_value, DumpHead: AIV-14, CoreType=AIV, block dim=32, total_block_num=32, block_remain_len=1048448, block_initial_space=1048576, rsv=0, magic=5aa5bccd
CANN Version: 8.0.RC3, TimeStamp: 20241026152044625
opType=reset_value, DumpHead: AIV-15, CoreType=AIV, block dim=32, total_block_num=32, block_remain_len=1048448, block_initial_space=1048576, rsv=0, magic=5aa5bccd
CANN Version: 8.0.RC3, TimeStamp: 20241026152044625
opType=reset_value, DumpHead: AIV-16, CoreType=AIV, block dim=32, total_block_num=32, block_remain_len=1048448, block_initial_space=1048576, rsv=0, magic=5aa5bccd
CANN Version: 8.0.RC3, TimeStamp: 20241026152044625
opType=reset_value, DumpHead: AIV-17, CoreType=AIV, block dim=32, total_block_num=32, block_remain_len=1048448, block_initial_space=1048576, rsv=0, magic=5aa5bccd
CANN Version: 8.0.RC3, TimeStamp: 20241026152044625
opType=reset_value, DumpHead: AIV-18, CoreType=AIV, block dim=32, total_block_num=32, block_remain_len=1048448, block_initial_space=1048576, rsv=0, magic=5aa5bccd
CANN Version: 8.0.RC3, TimeStamp: 20241026152044625
opType=reset_value, DumpHead: AIV-19, CoreType=AIV, block dim=32, total_block_num=32, block_remain_len=1048448, block_initial_space=1048576, rsv=0, magic=5aa5bccd
CANN Version: 8.0.RC3, TimeStamp: 20241026152044625
opType=reset_value, DumpHead: AIV-20, CoreType=AIV, block dim=32, total_block_num=32, block_remain_len=1048448, block_initial_space=1048576, rsv=0, magic=5aa5bccd
CANN Version: 8.0.RC3, TimeStamp: 20241026152044625
opType=reset_value, DumpHead: AIV-21, CoreType=AIV, block dim=32, total_block_num=32, block_remain_len=1048448, block_initial_space=1048576, rsv=0, magic=5aa5bccd
CANN Version: 8.0.RC3, TimeStamp: 20241026152044625
opType=reset_value, DumpHead: AIV-22, CoreType=AIV, block dim=32, total_block_num=32, block_remain_len=1048448, block_initial_space=1048576, rsv=0, magic=5aa5bccd
CANN Version: 8.0.RC3, TimeStamp: 20241026152044625
opType=reset_value, DumpHead: AIV-23, CoreType=AIV, block dim=32, total_block_num=32, block_remain_len=1048448, block_initial_space=1048576, rsv=0, magic=5aa5bccd
CANN Version: 8.0.RC3, TimeStamp: 20241026152044625
opType=reset_value, DumpHead: AIV-24, CoreType=AIV, block dim=32, total_block_num=32, block_remain_len=1048448, block_initial_space=1048576, rsv=0, magic=5aa5bccd
CANN Version: 8.0.RC3, TimeStamp: 20241026152044625
opType=reset_value, DumpHead: AIV-25, CoreType=AIV, block dim=32, total_block_num=32, block_remain_len=1048448, block_initial_space=1048576, rsv=0, magic=5aa5bccd
CANN Version: 8.0.RC3, TimeStamp: 20241026152044625
opType=reset_value, DumpHead: AIV-26, CoreType=AIV, block dim=32, total_block_num=32, block_remain_len=1048448, block_initial_space=1048576, rsv=0, magic=5aa5bccd
CANN Version: 8.0.RC3, TimeStamp: 20241026152044625
opType=reset_value, DumpHead: AIV-27, CoreType=AIV, block dim=32, total_block_num=32, block_remain_len=1048448, block_initial_space=1048576, rsv=0, magic=5aa5bccd
CANN Version: 8.0.RC3, TimeStamp: 20241026152044625
opType=reset_value, DumpHead: AIV-28, CoreType=AIV, block dim=32, total_block_num=32, block_remain_len=1048448, block_initial_space=1048576, rsv=0, magic=5aa5bccd
CANN Version: 8.0.RC3, TimeStamp: 20241026152044625
opType=reset_value, DumpHead: AIV-29, CoreType=AIV, block dim=32, total_block_num=32, block_remain_len=1048448, block_initial_space=1048576, rsv=0, magic=5aa5bccd
CANN Version: 8.0.RC3, TimeStamp: 20241026152044625
opType=reset_value, DumpHead: AIV-30, CoreType=AIV, block dim=32, total_block_num=32, block_remain_len=1048448, block_initial_space=1048576, rsv=0, magic=5aa5bccd
CANN Version: 8.0.RC3, TimeStamp: 20241026152044625
opType=reset_value, DumpHead: AIV-31, CoreType=AIV, block dim=32, total_block_num=32, block_remain_len=1048448, block_initial_space=1048576, rsv=0, magic=5aa5bccd
CANN Version: 8.0.RC3, TimeStamp: 20241026152044625
opType=compute_msg, DumpHead: AIV-0, CoreType=AIV, block dim=32, total_block_num=32, block_remain_len=1048408, block_initial_space=1048576, rsv=0, magic=5aa5bccd
CANN Version: 8.0.RC3, TimeStamp: 20241026152044625
Compute Message ...
opType=compute_msg, DumpHead: AIV-1, CoreType=AIV, block dim=32, total_block_num=32, block_remain_len=1048448, block_initial_space=1048576, rsv=0, magic=5aa5bccd
CANN Version: 8.0.RC3, TimeStamp: 20241026152044625
opType=compute_msg, DumpHead: AIV-2, CoreType=AIV, block dim=32, total_block_num=32, block_remain_len=1048448, block_initial_space=1048576, rsv=0, magic=5aa5bccd
CANN Version: 8.0.RC3, TimeStamp: 20241026152044625
opType=compute_msg, DumpHead: AIV-3, CoreType=AIV, block dim=32, total_block_num=32, block_remain_len=1048448, block_initial_space=1048576, rsv=0, magic=5aa5bccd
CANN Version: 8.0.RC3, TimeStamp: 20241026152044625
opType=compute_msg, DumpHead: AIV-4, CoreType=AIV, block dim=32, total_block_num=32, block_remain_len=1048448, block_initial_space=1048576, rsv=0, magic=5aa5bccd
CANN Version: 8.0.RC3, TimeStamp: 20241026152044625
opType=compute_msg, DumpHead: AIV-5, CoreType=AIV, block dim=32, total_block_num=32, block_remain_len=1048448, block_initial_space=1048576, rsv=0, magic=5aa5bccd
CANN Version: 8.0.RC3, TimeStamp: 20241026152044625
opType=compute_msg, DumpHead: AIV-6, CoreType=AIV, block dim=32, total_block_num=32, block_remain_len=1048448, block_initial_space=1048576, rsv=0, magic=5aa5bccd
CANN Version: 8.0.RC3, TimeStamp: 20241026152044625
opType=compute_msg, DumpHead: AIV-7, CoreType=AIV, block dim=32, total_block_num=32, block_remain_len=1048448, block_initial_space=1048576, rsv=0, magic=5aa5bccd
CANN Version: 8.0.RC3, TimeStamp: 20241026152044625
opType=compute_msg, DumpHead: AIV-8, CoreType=AIV, block dim=32, total_block_num=32, block_remain_len=1048448, block_initial_space=1048576, rsv=0, magic=5aa5bccd
CANN Version: 8.0.RC3, TimeStamp: 20241026152044625
opType=compute_msg, DumpHead: AIV-9, CoreType=AIV, block dim=32, total_block_num=32, block_remain_len=1048448, block_initial_space=1048576, rsv=0, magic=5aa5bccd
CANN Version: 8.0.RC3, TimeStamp: 20241026152044625
opType=compute_msg, DumpHead: AIV-10, CoreType=AIV, block dim=32, total_block_num=32, block_remain_len=1048448, block_initial_space=1048576, rsv=0, magic=5aa5bccd
CANN Version: 8.0.RC3, TimeStamp: 20241026152044625
opType=compute_msg, DumpHead: AIV-11, CoreType=AIV, block dim=32, total_block_num=32, block_remain_len=1048448, block_initial_space=1048576, rsv=0, magic=5aa5bccd
CANN Version: 8.0.RC3, TimeStamp: 20241026152044625
opType=compute_msg, DumpHead: AIV-12, CoreType=AIV, block dim=32, total_block_num=32, block_remain_len=1048448, block_initial_space=1048576, rsv=0, magic=5aa5bccd
CANN Version: 8.0.RC3, TimeStamp: 20241026152044625
opType=compute_msg, DumpHead: AIV-13, CoreType=AIV, block dim=32, total_block_num=32, block_remain_len=1048448, block_initial_space=1048576, rsv=0, magic=5aa5bccd
CANN Version: 8.0.RC3, TimeStamp: 20241026152044625
opType=compute_msg, DumpHead: AIV-14, CoreType=AIV, block dim=32, total_block_num=32, block_remain_len=1048448, block_initial_space=1048576, rsv=0, magic=5aa5bccd
CANN Version: 8.0.RC3, TimeStamp: 20241026152044625
opType=compute_msg, DumpHead: AIV-15, CoreType=AIV, block dim=32, total_block_num=32, block_remain_len=1048448, block_initial_space=1048576, rsv=0, magic=5aa5bccd
CANN Version: 8.0.RC3, TimeStamp: 20241026152044625
opType=compute_msg, DumpHead: AIV-16, CoreType=AIV, block dim=32, total_block_num=32, block_remain_len=1048448, block_initial_space=1048576, rsv=0, magic=5aa5bccd
CANN Version: 8.0.RC3, TimeStamp: 20241026152044625
opType=compute_msg, DumpHead: AIV-17, CoreType=AIV, block dim=32, total_block_num=32, block_remain_len=1048448, block_initial_space=1048576, rsv=0, magic=5aa5bccd
CANN Version: 8.0.RC3, TimeStamp: 20241026152044625
opType=compute_msg, DumpHead: AIV-18, CoreType=AIV, block dim=32, total_block_num=32, block_remain_len=1048448, block_initial_space=1048576, rsv=0, magic=5aa5bccd
CANN Version: 8.0.RC3, TimeStamp: 20241026152044625
opType=compute_msg, DumpHead: AIV-19, CoreType=AIV, block dim=32, total_block_num=32, block_remain_len=1048448, block_initial_space=1048576, rsv=0, magic=5aa5bccd
CANN Version: 8.0.RC3, TimeStamp: 20241026152044625
opType=compute_msg, DumpHead: AIV-20, CoreType=AIV, block dim=32, total_block_num=32, block_remain_len=1048448, block_initial_space=1048576, rsv=0, magic=5aa5bccd
CANN Version: 8.0.RC3, TimeStamp: 20241026152044625
opType=compute_msg, DumpHead: AIV-21, CoreType=AIV, block dim=32, total_block_num=32, block_remain_len=1048448, block_initial_space=1048576, rsv=0, magic=5aa5bccd
CANN Version: 8.0.RC3, TimeStamp: 20241026152044625
opType=compute_msg, DumpHead: AIV-22, CoreType=AIV, block dim=32, total_block_num=32, block_remain_len=1048448, block_initial_space=1048576, rsv=0, magic=5aa5bccd
CANN Version: 8.0.RC3, TimeStamp: 20241026152044625
opType=compute_msg, DumpHead: AIV-23, CoreType=AIV, block dim=32, total_block_num=32, block_remain_len=1048448, block_initial_space=1048576, rsv=0, magic=5aa5bccd
CANN Version: 8.0.RC3, TimeStamp: 20241026152044625
opType=compute_msg, DumpHead: AIV-24, CoreType=AIV, block dim=32, total_block_num=32, block_remain_len=1048448, block_initial_space=1048576, rsv=0, magic=5aa5bccd
CANN Version: 8.0.RC3, TimeStamp: 20241026152044625
opType=compute_msg, DumpHead: AIV-25, CoreType=AIV, block dim=32, total_block_num=32, block_remain_len=1048448, block_initial_space=1048576, rsv=0, magic=5aa5bccd
CANN Version: 8.0.RC3, TimeStamp: 20241026152044625
opType=compute_msg, DumpHead: AIV-26, CoreType=AIV, block dim=32, total_block_num=32, block_remain_len=1048448, block_initial_space=1048576, rsv=0, magic=5aa5bccd
CANN Version: 8.0.RC3, TimeStamp: 20241026152044625
opType=compute_msg, DumpHead: AIV-27, CoreType=AIV, block dim=32, total_block_num=32, block_remain_len=1048448, block_initial_space=1048576, rsv=0, magic=5aa5bccd
CANN Version: 8.0.RC3, TimeStamp: 20241026152044625
opType=compute_msg, DumpHead: AIV-28, CoreType=AIV, block dim=32, total_block_num=32, block_remain_len=1048448, block_initial_space=1048576, rsv=0, magic=5aa5bccd
CANN Version: 8.0.RC3, TimeStamp: 20241026152044625
opType=compute_msg, DumpHead: AIV-29, CoreType=AIV, block dim=32, total_block_num=32, block_remain_len=1048448, block_initial_space=1048576, rsv=0, magic=5aa5bccd
CANN Version: 8.0.RC3, TimeStamp: 20241026152044625
opType=compute_msg, DumpHead: AIV-30, CoreType=AIV, block dim=32, total_block_num=32, block_remain_len=1048448, block_initial_space=1048576, rsv=0, magic=5aa5bccd
CANN Version: 8.0.RC3, TimeStamp: 20241026152044625
opType=compute_msg, DumpHead: AIV-31, CoreType=AIV, block dim=32, total_block_num=32, block_remain_len=1048448, block_initial_space=1048576, rsv=0, magic=5aa5bccd
CANN Version: 8.0.RC3, TimeStamp: 20241026152044625
opType=compute_msg, DumpHead: AIV-0, CoreType=AIV, block dim=32, total_block_num=32, block_remain_len=1048408, block_initial_space=1048576, rsv=0, magic=5aa5bccd
CANN Version: 8.0.RC3, TimeStamp: 20241026152044625
Compute Message ...
opType=compute_msg, DumpHead: AIV-1, CoreType=AIV, block dim=32, total_block_num=32, block_remain_len=1048448, block_initial_space=1048576, rsv=0, magic=5aa5bccd
CANN Version: 8.0.RC3, TimeStamp: 20241026152044625
opType=compute_msg, DumpHead: AIV-2, CoreType=AIV, block dim=32, total_block_num=32, block_remain_len=1048448, block_initial_space=1048576, rsv=0, magic=5aa5bccd
CANN Version: 8.0.RC3, TimeStamp: 20241026152044625
opType=compute_msg, DumpHead: AIV-3, CoreType=AIV, block dim=32, total_block_num=32, block_remain_len=1048448, block_initial_space=1048576, rsv=0, magic=5aa5bccd
CANN Version: 8.0.RC3, TimeStamp: 20241026152044625
opType=compute_msg, DumpHead: AIV-4, CoreType=AIV, block dim=32, total_block_num=32, block_remain_len=1048448, block_initial_space=1048576, rsv=0, magic=5aa5bccd
CANN Version: 8.0.RC3, TimeStamp: 20241026152044625
opType=compute_msg, DumpHead: AIV-5, CoreType=AIV, block dim=32, total_block_num=32, block_remain_len=1048448, block_initial_space=1048576, rsv=0, magic=5aa5bccd
CANN Version: 8.0.RC3, TimeStamp: 20241026152044625
opType=compute_msg, DumpHead: AIV-6, CoreType=AIV, block dim=32, total_block_num=32, block_remain_len=1048448, block_initial_space=1048576, rsv=0, magic=5aa5bccd
CANN Version: 8.0.RC3, TimeStamp: 20241026152044625
opType=compute_msg, DumpHead: AIV-7, CoreType=AIV, block dim=32, total_block_num=32, block_remain_len=1048448, block_initial_space=1048576, rsv=0, magic=5aa5bccd
CANN Version: 8.0.RC3, TimeStamp: 20241026152044625
opType=compute_msg, DumpHead: AIV-8, CoreType=AIV, block dim=32, total_block_num=32, block_remain_len=1048448, block_initial_space=1048576, rsv=0, magic=5aa5bccd
CANN Version: 8.0.RC3, TimeStamp: 20241026152044625
opType=compute_msg, DumpHead: AIV-9, CoreType=AIV, block dim=32, total_block_num=32, block_remain_len=1048448, block_initial_space=1048576, rsv=0, magic=5aa5bccd
CANN Version: 8.0.RC3, TimeStamp: 20241026152044625
opType=compute_msg, DumpHead: AIV-10, CoreType=AIV, block dim=32, total_block_num=32, block_remain_len=1048448, block_initial_space=1048576, rsv=0, magic=5aa5bccd
CANN Version: 8.0.RC3, TimeStamp: 20241026152044625
opType=compute_msg, DumpHead: AIV-11, CoreType=AIV, block dim=32, total_block_num=32, block_remain_len=1048448, block_initial_space=1048576, rsv=0, magic=5aa5bccd
CANN Version: 8.0.RC3, TimeStamp: 20241026152044625
opType=compute_msg, DumpHead: AIV-12, CoreType=AIV, block dim=32, total_block_num=32, block_remain_len=1048448, block_initial_space=1048576, rsv=0, magic=5aa5bccd
CANN Version: 8.0.RC3, TimeStamp: 20241026152044625
opType=compute_msg, DumpHead: AIV-13, CoreType=AIV, block dim=32, total_block_num=32, block_remain_len=1048448, block_initial_space=1048576, rsv=0, magic=5aa5bccd
CANN Version: 8.0.RC3, TimeStamp: 20241026152044625
opType=compute_msg, DumpHead: AIV-14, CoreType=AIV, block dim=32, total_block_num=32, block_remain_len=1048448, block_initial_space=1048576, rsv=0, magic=5aa5bccd
CANN Version: 8.0.RC3, TimeStamp: 20241026152044625
opType=compute_msg, DumpHead: AIV-15, CoreType=AIV, block dim=32, total_block_num=32, block_remain_len=1048448, block_initial_space=1048576, rsv=0, magic=5aa5bccd
CANN Version: 8.0.RC3, TimeStamp: 20241026152044625
opType=compute_msg, DumpHead: AIV-16, CoreType=AIV, block dim=32, total_block_num=32, block_remain_len=1048448, block_initial_space=1048576, rsv=0, magic=5aa5bccd
CANN Version: 8.0.RC3, TimeStamp: 20241026152044625
opType=compute_msg, DumpHead: AIV-17, CoreType=AIV, block dim=32, total_block_num=32, block_remain_len=1048448, block_initial_space=1048576, rsv=0, magic=5aa5bccd
CANN Version: 8.0.RC3, TimeStamp: 20241026152044625
opType=compute_msg, DumpHead: AIV-18, CoreType=AIV, block dim=32, total_block_num=32, block_remain_len=1048448, block_initial_space=1048576, rsv=0, magic=5aa5bccd
CANN Version: 8.0.RC3, TimeStamp: 20241026152044625
opType=compute_msg, DumpHead: AIV-19, CoreType=AIV, block dim=32, total_block_num=32, block_remain_len=1048448, block_initial_space=1048576, rsv=0, magic=5aa5bccd
CANN Version: 8.0.RC3, TimeStamp: 20241026152044625
opType=compute_msg, DumpHead: AIV-20, CoreType=AIV, block dim=32, total_block_num=32, block_remain_len=1048448, block_initial_space=1048576, rsv=0, magic=5aa5bccd
CANN Version: 8.0.RC3, TimeStamp: 20241026152044625
opType=compute_msg, DumpHead: AIV-21, CoreType=AIV, block dim=32, total_block_num=32, block_remain_len=1048448, block_initial_space=1048576, rsv=0, magic=5aa5bccd
CANN Version: 8.0.RC3, TimeStamp: 20241026152044625
opType=compute_msg, DumpHead: AIV-22, CoreType=AIV, block dim=32, total_block_num=32, block_remain_len=1048448, block_initial_space=1048576, rsv=0, magic=5aa5bccd
CANN Version: 8.0.RC3, TimeStamp: 20241026152044625
opType=compute_msg, DumpHead: AIV-23, CoreType=AIV, block dim=32, total_block_num=32, block_remain_len=1048448, block_initial_space=1048576, rsv=0, magic=5aa5bccd
CANN Version: 8.0.RC3, TimeStamp: 20241026152044625
opType=compute_msg, DumpHead: AIV-24, CoreType=AIV, block dim=32, total_block_num=32, block_remain_len=1048448, block_initial_space=1048576, rsv=0, magic=5aa5bccd
CANN Version: 8.0.RC3, TimeStamp: 20241026152044625
opType=compute_msg, DumpHead: AIV-25, CoreType=AIV, block dim=32, total_block_num=32, block_remain_len=1048448, block_initial_space=1048576, rsv=0, magic=5aa5bccd
CANN Version: 8.0.RC3, TimeStamp: 20241026152044625
opType=compute_msg, DumpHead: AIV-26, CoreType=AIV, block dim=32, total_block_num=32, block_remain_len=1048448, block_initial_space=1048576, rsv=0, magic=5aa5bccd
CANN Version: 8.0.RC3, TimeStamp: 20241026152044625
opType=compute_msg, DumpHead: AIV-27, CoreType=AIV, block dim=32, total_block_num=32, block_remain_len=1048448, block_initial_space=1048576, rsv=0, magic=5aa5bccd
CANN Version: 8.0.RC3, TimeStamp: 20241026152044625
opType=compute_msg, DumpHead: AIV-28, CoreType=AIV, block dim=32, total_block_num=32, block_remain_len=1048448, block_initial_space=1048576, rsv=0, magic=5aa5bccd
CANN Version: 8.0.RC3, TimeStamp: 20241026152044625
opType=compute_msg, DumpHead: AIV-29, CoreType=AIV, block dim=32, total_block_num=32, block_remain_len=1048448, block_initial_space=1048576, rsv=0, magic=5aa5bccd
CANN Version: 8.0.RC3, TimeStamp: 20241026152044625
opType=compute_msg, DumpHead: AIV-30, CoreType=AIV, block dim=32, total_block_num=32, block_remain_len=1048448, block_initial_space=1048576, rsv=0, magic=5aa5bccd
CANN Version: 8.0.RC3, TimeStamp: 20241026152044625
opType=compute_msg, DumpHead: AIV-31, CoreType=AIV, block dim=32, total_block_num=32, block_remain_len=1048448, block_initial_space=1048576, rsv=0, magic=5aa5bccd
CANN Version: 8.0.RC3, TimeStamp: 20241026152044625
opType=compute_msg, DumpHead: AIV-0, CoreType=AIV, block dim=32, total_block_num=32, block_remain_len=1048408, block_initial_space=1048576, rsv=0, magic=5aa5bccd
CANN Version: 8.0.RC3, TimeStamp: 20241026152044625
Compute Message ...
opType=compute_msg, DumpHead: AIV-1, CoreType=AIV, block dim=32, total_block_num=32, block_remain_len=1048448, block_initial_space=1048576, rsv=0, magic=5aa5bccd
CANN Version: 8.0.RC3, TimeStamp: 20241026152044625
opType=compute_msg, DumpHead: AIV-2, CoreType=AIV, block dim=32, total_block_num=32, block_remain_len=1048448, block_initial_space=1048576, rsv=0, magic=5aa5bccd
CANN Version: 8.0.RC3, TimeStamp: 20241026152044625
opType=compute_msg, DumpHead: AIV-3, CoreType=AIV, block dim=32, total_block_num=32, block_remain_len=1048448, block_initial_space=1048576, rsv=0, magic=5aa5bccd
CANN Version: 8.0.RC3, TimeStamp: 20241026152044625
opType=compute_msg, DumpHead: AIV-4, CoreType=AIV, block dim=32, total_block_num=32, block_remain_len=1048448, block_initial_space=1048576, rsv=0, magic=5aa5bccd
CANN Version: 8.0.RC3, TimeStamp: 20241026152044625
opType=compute_msg, DumpHead: AIV-5, CoreType=AIV, block dim=32, total_block_num=32, block_remain_len=1048448, block_initial_space=1048576, rsv=0, magic=5aa5bccd
CANN Version: 8.0.RC3, TimeStamp: 20241026152044625
opType=compute_msg, DumpHead: AIV-6, CoreType=AIV, block dim=32, total_block_num=32, block_remain_len=1048448, block_initial_space=1048576, rsv=0, magic=5aa5bccd
CANN Version: 8.0.RC3, TimeStamp: 20241026152044625
opType=compute_msg, DumpHead: AIV-7, CoreType=AIV, block dim=32, total_block_num=32, block_remain_len=1048448, block_initial_space=1048576, rsv=0, magic=5aa5bccd
CANN Version: 8.0.RC3, TimeStamp: 20241026152044625
opType=compute_msg, DumpHead: AIV-8, CoreType=AIV, block dim=32, total_block_num=32, block_remain_len=1048448, block_initial_space=1048576, rsv=0, magic=5aa5bccd
CANN Version: 8.0.RC3, TimeStamp: 20241026152044625
opType=compute_msg, DumpHead: AIV-9, CoreType=AIV, block dim=32, total_block_num=32, block_remain_len=1048448, block_initial_space=1048576, rsv=0, magic=5aa5bccd
CANN Version: 8.0.RC3, TimeStamp: 20241026152044625
opType=compute_msg, DumpHead: AIV-10, CoreType=AIV, block dim=32, total_block_num=32, block_remain_len=1048448, block_initial_space=1048576, rsv=0, magic=5aa5bccd
CANN Version: 8.0.RC3, TimeStamp: 20241026152044625
opType=compute_msg, DumpHead: AIV-11, CoreType=AIV, block dim=32, total_block_num=32, block_remain_len=1048448, block_initial_space=1048576, rsv=0, magic=5aa5bccd
CANN Version: 8.0.RC3, TimeStamp: 20241026152044625
opType=compute_msg, DumpHead: AIV-12, CoreType=AIV, block dim=32, total_block_num=32, block_remain_len=1048448, block_initial_space=1048576, rsv=0, magic=5aa5bccd
CANN Version: 8.0.RC3, TimeStamp: 20241026152044625
opType=compute_msg, DumpHead: AIV-13, CoreType=AIV, block dim=32, total_block_num=32, block_remain_len=1048448, block_initial_space=1048576, rsv=0, magic=5aa5bccd
CANN Version: 8.0.RC3, TimeStamp: 20241026152044625
opType=compute_msg, DumpHead: AIV-14, CoreType=AIV, block dim=32, total_block_num=32, block_remain_len=1048448, block_initial_space=1048576, rsv=0, magic=5aa5bccd
CANN Version: 8.0.RC3, TimeStamp: 20241026152044625
opType=compute_msg, DumpHead: AIV-15, CoreType=AIV, block dim=32, total_block_num=32, block_remain_len=1048448, block_initial_space=1048576, rsv=0, magic=5aa5bccd
CANN Version: 8.0.RC3, TimeStamp: 20241026152044625
opType=compute_msg, DumpHead: AIV-16, CoreType=AIV, block dim=32, total_block_num=32, block_remain_len=1048448, block_initial_space=1048576, rsv=0, magic=5aa5bccd
CANN Version: 8.0.RC3, TimeStamp: 20241026152044625
opType=compute_msg, DumpHead: AIV-17, CoreType=AIV, block dim=32, total_block_num=32, block_remain_len=1048448, block_initial_space=1048576, rsv=0, magic=5aa5bccd
CANN Version: 8.0.RC3, TimeStamp: 20241026152044625
opType=compute_msg, DumpHead: AIV-18, CoreType=AIV, block dim=32, total_block_num=32, block_remain_len=1048448, block_initial_space=1048576, rsv=0, magic=5aa5bccd
CANN Version: 8.0.RC3, TimeStamp: 20241026152044625
opType=compute_msg, DumpHead: AIV-19, CoreType=AIV, block dim=32, total_block_num=32, block_remain_len=1048448, block_initial_space=1048576, rsv=0, magic=5aa5bccd
CANN Version: 8.0.RC3, TimeStamp: 20241026152044625
opType=compute_msg, DumpHead: AIV-20, CoreType=AIV, block dim=32, total_block_num=32, block_remain_len=1048448, block_initial_space=1048576, rsv=0, magic=5aa5bccd
CANN Version: 8.0.RC3, TimeStamp: 20241026152044625
opType=compute_msg, DumpHead: AIV-21, CoreType=AIV, block dim=32, total_block_num=32, block_remain_len=1048448, block_initial_space=1048576, rsv=0, magic=5aa5bccd
CANN Version: 8.0.RC3, TimeStamp: 20241026152044625
opType=compute_msg, DumpHead: AIV-22, CoreType=AIV, block dim=32, total_block_num=32, block_remain_len=1048448, block_initial_space=1048576, rsv=0, magic=5aa5bccd
CANN Version: 8.0.RC3, TimeStamp: 20241026152044625
opType=compute_msg, DumpHead: AIV-23, CoreType=AIV, block dim=32, total_block_num=32, block_remain_len=1048448, block_initial_space=1048576, rsv=0, magic=5aa5bccd
CANN Version: 8.0.RC3, TimeStamp: 20241026152044625
opType=compute_msg, DumpHead: AIV-24, CoreType=AIV, block dim=32, total_block_num=32, block_remain_len=1048448, block_initial_space=1048576, rsv=0, magic=5aa5bccd
CANN Version: 8.0.RC3, TimeStamp: 20241026152044625
opType=compute_msg, DumpHead: AIV-25, CoreType=AIV, block dim=32, total_block_num=32, block_remain_len=1048448, block_initial_space=1048576, rsv=0, magic=5aa5bccd
CANN Version: 8.0.RC3, TimeStamp: 20241026152044625
opType=compute_msg, DumpHead: AIV-26, CoreType=AIV, block dim=32, total_block_num=32, block_remain_len=1048448, block_initial_space=1048576, rsv=0, magic=5aa5bccd
CANN Version: 8.0.RC3, TimeStamp: 20241026152044625
opType=compute_msg, DumpHead: AIV-27, CoreType=AIV, block dim=32, total_block_num=32, block_remain_len=1048448, block_initial_space=1048576, rsv=0, magic=5aa5bccd
CANN Version: 8.0.RC3, TimeStamp: 20241026152044625
opType=compute_msg, DumpHead: AIV-28, CoreType=AIV, block dim=32, total_block_num=32, block_remain_len=1048448, block_initial_space=1048576, rsv=0, magic=5aa5bccd
CANN Version: 8.0.RC3, TimeStamp: 20241026152044625
opType=compute_msg, DumpHead: AIV-29, CoreType=AIV, block dim=32, total_block_num=32, block_remain_len=1048448, block_initial_space=1048576, rsv=0, magic=5aa5bccd
CANN Version: 8.0.RC3, TimeStamp: 20241026152044625
opType=compute_msg, DumpHead: AIV-30, CoreType=AIV, block dim=32, total_block_num=32, block_remain_len=1048448, block_initial_space=1048576, rsv=0, magic=5aa5bccd
CANN Version: 8.0.RC3, TimeStamp: 20241026152044625
opType=compute_msg, DumpHead: AIV-31, CoreType=AIV, block dim=32, total_block_num=32, block_remain_len=1048448, block_initial_space=1048576, rsv=0, magic=5aa5bccd
CANN Version: 8.0.RC3, TimeStamp: 20241026152044625
opType=compute_msg, DumpHead: AIV-0, CoreType=AIV, block dim=32, total_block_num=32, block_remain_len=1048408, block_initial_space=1048576, rsv=0, magic=5aa5bccd
CANN Version: 8.0.RC3, TimeStamp: 20241026152044625
Compute Message ...
opType=compute_msg, DumpHead: AIV-1, CoreType=AIV, block dim=32, total_block_num=32, block_remain_len=1048448, block_initial_space=1048576, rsv=0, magic=5aa5bccd
CANN Version: 8.0.RC3, TimeStamp: 20241026152044625
opType=compute_msg, DumpHead: AIV-2, CoreType=AIV, block dim=32, total_block_num=32, block_remain_len=1048448, block_initial_space=1048576, rsv=0, magic=5aa5bccd
CANN Version: 8.0.RC3, TimeStamp: 20241026152044625
opType=compute_msg, DumpHead: AIV-3, CoreType=AIV, block dim=32, total_block_num=32, block_remain_len=1048448, block_initial_space=1048576, rsv=0, magic=5aa5bccd
CANN Version: 8.0.RC3, TimeStamp: 20241026152044625
opType=compute_msg, DumpHead: AIV-4, CoreType=AIV, block dim=32, total_block_num=32, block_remain_len=1048448, block_initial_space=1048576, rsv=0, magic=5aa5bccd
CANN Version: 8.0.RC3, TimeStamp: 20241026152044625
opType=compute_msg, DumpHead: AIV-5, CoreType=AIV, block dim=32, total_block_num=32, block_remain_len=1048448, block_initial_space=1048576, rsv=0, magic=5aa5bccd
CANN Version: 8.0.RC3, TimeStamp: 20241026152044625
opType=compute_msg, DumpHead: AIV-6, CoreType=AIV, block dim=32, total_block_num=32, block_remain_len=1048448, block_initial_space=1048576, rsv=0, magic=5aa5bccd
CANN Version: 8.0.RC3, TimeStamp: 20241026152044625
opType=compute_msg, DumpHead: AIV-7, CoreType=AIV, block dim=32, total_block_num=32, block_remain_len=1048448, block_initial_space=1048576, rsv=0, magic=5aa5bccd
CANN Version: 8.0.RC3, TimeStamp: 20241026152044625
opType=compute_msg, DumpHead: AIV-8, CoreType=AIV, block dim=32, total_block_num=32, block_remain_len=1048448, block_initial_space=1048576, rsv=0, magic=5aa5bccd
CANN Version: 8.0.RC3, TimeStamp: 20241026152044625
opType=compute_msg, DumpHead: AIV-9, CoreType=AIV, block dim=32, total_block_num=32, block_remain_len=1048448, block_initial_space=1048576, rsv=0, magic=5aa5bccd
CANN Version: 8.0.RC3, TimeStamp: 20241026152044625
opType=compute_msg, DumpHead: AIV-10, CoreType=AIV, block dim=32, total_block_num=32, block_remain_len=1048448, block_initial_space=1048576, rsv=0, magic=5aa5bccd
CANN Version: 8.0.RC3, TimeStamp: 20241026152044625
opType=compute_msg, DumpHead: AIV-11, CoreType=AIV, block dim=32, total_block_num=32, block_remain_len=1048448, block_initial_space=1048576, rsv=0, magic=5aa5bccd
CANN Version: 8.0.RC3, TimeStamp: 20241026152044625
opType=compute_msg, DumpHead: AIV-12, CoreType=AIV, block dim=32, total_block_num=32, block_remain_len=1048448, block_initial_space=1048576, rsv=0, magic=5aa5bccd
CANN Version: 8.0.RC3, TimeStamp: 20241026152044625
opType=compute_msg, DumpHead: AIV-13, CoreType=AIV, block dim=32, total_block_num=32, block_remain_len=1048448, block_initial_space=1048576, rsv=0, magic=5aa5bccd
CANN Version: 8.0.RC3, TimeStamp: 20241026152044625
opType=compute_msg, DumpHead: AIV-14, CoreType=AIV, block dim=32, total_block_num=32, block_remain_len=1048448, block_initial_space=1048576, rsv=0, magic=5aa5bccd
CANN Version: 8.0.RC3, TimeStamp: 20241026152044625
opType=compute_msg, DumpHead: AIV-15, CoreType=AIV, block dim=32, total_block_num=32, block_remain_len=1048448, block_initial_space=1048576, rsv=0, magic=5aa5bccd
CANN Version: 8.0.RC3, TimeStamp: 20241026152044625
opType=compute_msg, DumpHead: AIV-16, CoreType=AIV, block dim=32, total_block_num=32, block_remain_len=1048448, block_initial_space=1048576, rsv=0, magic=5aa5bccd
CANN Version: 8.0.RC3, TimeStamp: 20241026152044625
opType=compute_msg, DumpHead: AIV-17, CoreType=AIV, block dim=32, total_block_num=32, block_remain_len=1048448, block_initial_space=1048576, rsv=0, magic=5aa5bccd
CANN Version: 8.0.RC3, TimeStamp: 20241026152044625
opType=compute_msg, DumpHead: AIV-18, CoreType=AIV, block dim=32, total_block_num=32, block_remain_len=1048448, block_initial_space=1048576, rsv=0, magic=5aa5bccd
CANN Version: 8.0.RC3, TimeStamp: 20241026152044625
opType=compute_msg, DumpHead: AIV-19, CoreType=AIV, block dim=32, total_block_num=32, block_remain_len=1048448, block_initial_space=1048576, rsv=0, magic=5aa5bccd
CANN Version: 8.0.RC3, TimeStamp: 20241026152044625
opType=compute_msg, DumpHead: AIV-20, CoreType=AIV, block dim=32, total_block_num=32, block_remain_len=1048448, block_initial_space=1048576, rsv=0, magic=5aa5bccd
CANN Version: 8.0.RC3, TimeStamp: 20241026152044625
opType=compute_msg, DumpHead: AIV-21, CoreType=AIV, block dim=32, total_block_num=32, block_remain_len=1048448, block_initial_space=1048576, rsv=0, magic=5aa5bccd
CANN Version: 8.0.RC3, TimeStamp: 20241026152044625
opType=compute_msg, DumpHead: AIV-22, CoreType=AIV, block dim=32, total_block_num=32, block_remain_len=1048448, block_initial_space=1048576, rsv=0, magic=5aa5bccd
CANN Version: 8.0.RC3, TimeStamp: 20241026152044625
opType=compute_msg, DumpHead: AIV-23, CoreType=AIV, block dim=32, total_block_num=32, block_remain_len=1048448, block_initial_space=1048576, rsv=0, magic=5aa5bccd
CANN Version: 8.0.RC3, TimeStamp: 20241026152044625
opType=compute_msg, DumpHead: AIV-24, CoreType=AIV, block dim=32, total_block_num=32, block_remain_len=1048448, block_initial_space=1048576, rsv=0, magic=5aa5bccd
CANN Version: 8.0.RC3, TimeStamp: 20241026152044625
opType=compute_msg, DumpHead: AIV-25, CoreType=AIV, block dim=32, total_block_num=32, block_remain_len=1048448, block_initial_space=1048576, rsv=0, magic=5aa5bccd
CANN Version: 8.0.RC3, TimeStamp: 20241026152044625
opType=compute_msg, DumpHead: AIV-26, CoreType=AIV, block dim=32, total_block_num=32, block_remain_len=1048448, block_initial_space=1048576, rsv=0, magic=5aa5bccd
CANN Version: 8.0.RC3, TimeStamp: 20241026152044625
opType=compute_msg, DumpHead: AIV-27, CoreType=AIV, block dim=32, total_block_num=32, block_remain_len=1048448, block_initial_space=1048576, rsv=0, magic=5aa5bccd
CANN Version: 8.0.RC3, TimeStamp: 20241026152044625
opType=compute_msg, DumpHead: AIV-28, CoreType=AIV, block dim=32, total_block_num=32, block_remain_len=1048448, block_initial_space=1048576, rsv=0, magic=5aa5bccd
CANN Version: 8.0.RC3, TimeStamp: 20241026152044625
opType=compute_msg, DumpHead: AIV-29, CoreType=AIV, block dim=32, total_block_num=32, block_remain_len=1048448, block_initial_space=1048576, rsv=0, magic=5aa5bccd
CANN Version: 8.0.RC3, TimeStamp: 20241026152044625
opType=compute_msg, DumpHead: AIV-30, CoreType=AIV, block dim=32, total_block_num=32, block_remain_len=1048448, block_initial_space=1048576, rsv=0, magic=5aa5bccd
CANN Version: 8.0.RC3, TimeStamp: 20241026152044625
opType=compute_msg, DumpHead: AIV-31, CoreType=AIV, block dim=32, total_block_num=32, block_remain_len=1048448, block_initial_space=1048576, rsv=0, magic=5aa5bccd
CANN Version: 8.0.RC3, TimeStamp: 20241026152044625
opType=aggregate_msg_split, DumpHead: AIV-0, CoreType=AIV, block dim=32, total_block_num=32, block_remain_len=1048408, block_initial_space=1048576, rsv=0, magic=5aa5bccd
CANN Version: 8.0.RC3, TimeStamp: 20241026152044625
Aggregate Message ...
opType=aggregate_msg_split, DumpHead: AIV-1, CoreType=AIV, block dim=32, total_block_num=32, block_remain_len=1048448, block_initial_space=1048576, rsv=0, magic=5aa5bccd
CANN Version: 8.0.RC3, TimeStamp: 20241026152044625
opType=aggregate_msg_split, DumpHead: AIV-2, CoreType=AIV, block dim=32, total_block_num=32, block_remain_len=1048448, block_initial_space=1048576, rsv=0, magic=5aa5bccd
CANN Version: 8.0.RC3, TimeStamp: 20241026152044625
opType=aggregate_msg_split, DumpHead: AIV-3, CoreType=AIV, block dim=32, total_block_num=32, block_remain_len=1048448, block_initial_space=1048576, rsv=0, magic=5aa5bccd
CANN Version: 8.0.RC3, TimeStamp: 20241026152044625
opType=aggregate_msg_split, DumpHead: AIV-4, CoreType=AIV, block dim=32, total_block_num=32, block_remain_len=1048448, block_initial_space=1048576, rsv=0, magic=5aa5bccd
CANN Version: 8.0.RC3, TimeStamp: 20241026152044625
opType=aggregate_msg_split, DumpHead: AIV-5, CoreType=AIV, block dim=32, total_block_num=32, block_remain_len=1048448, block_initial_space=1048576, rsv=0, magic=5aa5bccd
CANN Version: 8.0.RC3, TimeStamp: 20241026152044625
opType=aggregate_msg_split, DumpHead: AIV-6, CoreType=AIV, block dim=32, total_block_num=32, block_remain_len=1048448, block_initial_space=1048576, rsv=0, magic=5aa5bccd
CANN Version: 8.0.RC3, TimeStamp: 20241026152044625
opType=aggregate_msg_split, DumpHead: AIV-7, CoreType=AIV, block dim=32, total_block_num=32, block_remain_len=1048448, block_initial_space=1048576, rsv=0, magic=5aa5bccd
CANN Version: 8.0.RC3, TimeStamp: 20241026152044625
opType=aggregate_msg_split, DumpHead: AIV-8, CoreType=AIV, block dim=32, total_block_num=32, block_remain_len=1048448, block_initial_space=1048576, rsv=0, magic=5aa5bccd
CANN Version: 8.0.RC3, TimeStamp: 20241026152044625
opType=aggregate_msg_split, DumpHead: AIV-9, CoreType=AIV, block dim=32, total_block_num=32, block_remain_len=1048448, block_initial_space=1048576, rsv=0, magic=5aa5bccd
CANN Version: 8.0.RC3, TimeStamp: 20241026152044625
opType=aggregate_msg_split, DumpHead: AIV-10, CoreType=AIV, block dim=32, total_block_num=32, block_remain_len=1048448, block_initial_space=1048576, rsv=0, magic=5aa5bccd
CANN Version: 8.0.RC3, TimeStamp: 20241026152044625
opType=aggregate_msg_split, DumpHead: AIV-11, CoreType=AIV, block dim=32, total_block_num=32, block_remain_len=1048448, block_initial_space=1048576, rsv=0, magic=5aa5bccd
CANN Version: 8.0.RC3, TimeStamp: 20241026152044625
opType=aggregate_msg_split, DumpHead: AIV-12, CoreType=AIV, block dim=32, total_block_num=32, block_remain_len=1048448, block_initial_space=1048576, rsv=0, magic=5aa5bccd
CANN Version: 8.0.RC3, TimeStamp: 20241026152044625
opType=aggregate_msg_split, DumpHead: AIV-13, CoreType=AIV, block dim=32, total_block_num=32, block_remain_len=1048448, block_initial_space=1048576, rsv=0, magic=5aa5bccd
CANN Version: 8.0.RC3, TimeStamp: 20241026152044625
opType=aggregate_msg_split, DumpHead: AIV-14, CoreType=AIV, block dim=32, total_block_num=32, block_remain_len=1048448, block_initial_space=1048576, rsv=0, magic=5aa5bccd
CANN Version: 8.0.RC3, TimeStamp: 20241026152044625
opType=aggregate_msg_split, DumpHead: AIV-15, CoreType=AIV, block dim=32, total_block_num=32, block_remain_len=1048448, block_initial_space=1048576, rsv=0, magic=5aa5bccd
CANN Version: 8.0.RC3, TimeStamp: 20241026152044625
opType=aggregate_msg_split, DumpHead: AIV-16, CoreType=AIV, block dim=32, total_block_num=32, block_remain_len=1048448, block_initial_space=1048576, rsv=0, magic=5aa5bccd
CANN Version: 8.0.RC3, TimeStamp: 20241026152044625
opType=aggregate_msg_split, DumpHead: AIV-17, CoreType=AIV, block dim=32, total_block_num=32, block_remain_len=1048448, block_initial_space=1048576, rsv=0, magic=5aa5bccd
CANN Version: 8.0.RC3, TimeStamp: 20241026152044625
opType=aggregate_msg_split, DumpHead: AIV-18, CoreType=AIV, block dim=32, total_block_num=32, block_remain_len=1048448, block_initial_space=1048576, rsv=0, magic=5aa5bccd
CANN Version: 8.0.RC3, TimeStamp: 20241026152044625
opType=aggregate_msg_split, DumpHead: AIV-19, CoreType=AIV, block dim=32, total_block_num=32, block_remain_len=1048448, block_initial_space=1048576, rsv=0, magic=5aa5bccd
CANN Version: 8.0.RC3, TimeStamp: 20241026152044625
opType=aggregate_msg_split, DumpHead: AIV-20, CoreType=AIV, block dim=32, total_block_num=32, block_remain_len=1048448, block_initial_space=1048576, rsv=0, magic=5aa5bccd
CANN Version: 8.0.RC3, TimeStamp: 20241026152044625
opType=aggregate_msg_split, DumpHead: AIV-21, CoreType=AIV, block dim=32, total_block_num=32, block_remain_len=1048448, block_initial_space=1048576, rsv=0, magic=5aa5bccd
CANN Version: 8.0.RC3, TimeStamp: 20241026152044625
opType=aggregate_msg_split, DumpHead: AIV-22, CoreType=AIV, block dim=32, total_block_num=32, block_remain_len=1048448, block_initial_space=1048576, rsv=0, magic=5aa5bccd
CANN Version: 8.0.RC3, TimeStamp: 20241026152044625
opType=aggregate_msg_split, DumpHead: AIV-23, CoreType=AIV, block dim=32, total_block_num=32, block_remain_len=1048448, block_initial_space=1048576, rsv=0, magic=5aa5bccd
CANN Version: 8.0.RC3, TimeStamp: 20241026152044625
opType=aggregate_msg_split, DumpHead: AIV-24, CoreType=AIV, block dim=32, total_block_num=32, block_remain_len=1048448, block_initial_space=1048576, rsv=0, magic=5aa5bccd
CANN Version: 8.0.RC3, TimeStamp: 20241026152044625
opType=aggregate_msg_split, DumpHead: AIV-25, CoreType=AIV, block dim=32, total_block_num=32, block_remain_len=1048448, block_initial_space=1048576, rsv=0, magic=5aa5bccd
CANN Version: 8.0.RC3, TimeStamp: 20241026152044625
opType=aggregate_msg_split, DumpHead: AIV-26, CoreType=AIV, block dim=32, total_block_num=32, block_remain_len=1048448, block_initial_space=1048576, rsv=0, magic=5aa5bccd
CANN Version: 8.0.RC3, TimeStamp: 20241026152044625
opType=aggregate_msg_split, DumpHead: AIV-27, CoreType=AIV, block dim=32, total_block_num=32, block_remain_len=1048448, block_initial_space=1048576, rsv=0, magic=5aa5bccd
CANN Version: 8.0.RC3, TimeStamp: 20241026152044625
opType=aggregate_msg_split, DumpHead: AIV-28, CoreType=AIV, block dim=32, total_block_num=32, block_remain_len=1048448, block_initial_space=1048576, rsv=0, magic=5aa5bccd
CANN Version: 8.0.RC3, TimeStamp: 20241026152044625
opType=aggregate_msg_split, DumpHead: AIV-29, CoreType=AIV, block dim=32, total_block_num=32, block_remain_len=1048448, block_initial_space=1048576, rsv=0, magic=5aa5bccd
CANN Version: 8.0.RC3, TimeStamp: 20241026152044625
opType=aggregate_msg_split, DumpHead: AIV-30, CoreType=AIV, block dim=32, total_block_num=32, block_remain_len=1048448, block_initial_space=1048576, rsv=0, magic=5aa5bccd
CANN Version: 8.0.RC3, TimeStamp: 20241026152044625
opType=aggregate_msg_split, DumpHead: AIV-31, CoreType=AIV, block dim=32, total_block_num=32, block_remain_len=1048448, block_initial_space=1048576, rsv=0, magic=5aa5bccd
CANN Version: 8.0.RC3, TimeStamp: 20241026152044625
opType=aggregate_msg_split, DumpHead: AIV-0, CoreType=AIV, block dim=32, total_block_num=32, block_remain_len=1048408, block_initial_space=1048576, rsv=0, magic=5aa5bccd
CANN Version: 8.0.RC3, TimeStamp: 20241026152044625
Aggregate Message ...
opType=aggregate_msg_split, DumpHead: AIV-1, CoreType=AIV, block dim=32, total_block_num=32, block_remain_len=1048448, block_initial_space=1048576, rsv=0, magic=5aa5bccd
CANN Version: 8.0.RC3, TimeStamp: 20241026152044625
opType=aggregate_msg_split, DumpHead: AIV-2, CoreType=AIV, block dim=32, total_block_num=32, block_remain_len=1048448, block_initial_space=1048576, rsv=0, magic=5aa5bccd
CANN Version: 8.0.RC3, TimeStamp: 20241026152044625
opType=aggregate_msg_split, DumpHead: AIV-3, CoreType=AIV, block dim=32, total_block_num=32, block_remain_len=1048448, block_initial_space=1048576, rsv=0, magic=5aa5bccd
CANN Version: 8.0.RC3, TimeStamp: 20241026152044625
opType=aggregate_msg_split, DumpHead: AIV-4, CoreType=AIV, block dim=32, total_block_num=32, block_remain_len=1048448, block_initial_space=1048576, rsv=0, magic=5aa5bccd
CANN Version: 8.0.RC3, TimeStamp: 20241026152044625
opType=aggregate_msg_split, DumpHead: AIV-5, CoreType=AIV, block dim=32, total_block_num=32, block_remain_len=1048448, block_initial_space=1048576, rsv=0, magic=5aa5bccd
CANN Version: 8.0.RC3, TimeStamp: 20241026152044625
opType=aggregate_msg_split, DumpHead: AIV-6, CoreType=AIV, block dim=32, total_block_num=32, block_remain_len=1048448, block_initial_space=1048576, rsv=0, magic=5aa5bccd
CANN Version: 8.0.RC3, TimeStamp: 20241026152044625
opType=aggregate_msg_split, DumpHead: AIV-7, CoreType=AIV, block dim=32, total_block_num=32, block_remain_len=1048448, block_initial_space=1048576, rsv=0, magic=5aa5bccd
CANN Version: 8.0.RC3, TimeStamp: 20241026152044625
opType=aggregate_msg_split, DumpHead: AIV-8, CoreType=AIV, block dim=32, total_block_num=32, block_remain_len=1048448, block_initial_space=1048576, rsv=0, magic=5aa5bccd
CANN Version: 8.0.RC3, TimeStamp: 20241026152044625
opType=aggregate_msg_split, DumpHead: AIV-9, CoreType=AIV, block dim=32, total_block_num=32, block_remain_len=1048448, block_initial_space=1048576, rsv=0, magic=5aa5bccd
CANN Version: 8.0.RC3, TimeStamp: 20241026152044625
opType=aggregate_msg_split, DumpHead: AIV-10, CoreType=AIV, block dim=32, total_block_num=32, block_remain_len=1048448, block_initial_space=1048576, rsv=0, magic=5aa5bccd
CANN Version: 8.0.RC3, TimeStamp: 20241026152044625
opType=aggregate_msg_split, DumpHead: AIV-11, CoreType=AIV, block dim=32, total_block_num=32, block_remain_len=1048448, block_initial_space=1048576, rsv=0, magic=5aa5bccd
CANN Version: 8.0.RC3, TimeStamp: 20241026152044625
opType=aggregate_msg_split, DumpHead: AIV-12, CoreType=AIV, block dim=32, total_block_num=32, block_remain_len=1048448, block_initial_space=1048576, rsv=0, magic=5aa5bccd
CANN Version: 8.0.RC3, TimeStamp: 20241026152044625
opType=aggregate_msg_split, DumpHead: AIV-13, CoreType=AIV, block dim=32, total_block_num=32, block_remain_len=1048448, block_initial_space=1048576, rsv=0, magic=5aa5bccd
CANN Version: 8.0.RC3, TimeStamp: 20241026152044625
opType=aggregate_msg_split, DumpHead: AIV-14, CoreType=AIV, block dim=32, total_block_num=32, block_remain_len=1048448, block_initial_space=1048576, rsv=0, magic=5aa5bccd
CANN Version: 8.0.RC3, TimeStamp: 20241026152044625
opType=aggregate_msg_split, DumpHead: AIV-15, CoreType=AIV, block dim=32, total_block_num=32, block_remain_len=1048448, block_initial_space=1048576, rsv=0, magic=5aa5bccd
CANN Version: 8.0.RC3, TimeStamp: 20241026152044625
opType=aggregate_msg_split, DumpHead: AIV-16, CoreType=AIV, block dim=32, total_block_num=32, block_remain_len=1048448, block_initial_space=1048576, rsv=0, magic=5aa5bccd
CANN Version: 8.0.RC3, TimeStamp: 20241026152044625
opType=aggregate_msg_split, DumpHead: AIV-17, CoreType=AIV, block dim=32, total_block_num=32, block_remain_len=1048448, block_initial_space=1048576, rsv=0, magic=5aa5bccd
CANN Version: 8.0.RC3, TimeStamp: 20241026152044625
opType=aggregate_msg_split, DumpHead: AIV-18, CoreType=AIV, block dim=32, total_block_num=32, block_remain_len=1048448, block_initial_space=1048576, rsv=0, magic=5aa5bccd
CANN Version: 8.0.RC3, TimeStamp: 20241026152044625
opType=aggregate_msg_split, DumpHead: AIV-19, CoreType=AIV, block dim=32, total_block_num=32, block_remain_len=1048448, block_initial_space=1048576, rsv=0, magic=5aa5bccd
CANN Version: 8.0.RC3, TimeStamp: 20241026152044625
opType=aggregate_msg_split, DumpHead: AIV-20, CoreType=AIV, block dim=32, total_block_num=32, block_remain_len=1048448, block_initial_space=1048576, rsv=0, magic=5aa5bccd
CANN Version: 8.0.RC3, TimeStamp: 20241026152044625
opType=aggregate_msg_split, DumpHead: AIV-21, CoreType=AIV, block dim=32, total_block_num=32, block_remain_len=1048448, block_initial_space=1048576, rsv=0, magic=5aa5bccd
CANN Version: 8.0.RC3, TimeStamp: 20241026152044625
opType=aggregate_msg_split, DumpHead: AIV-22, CoreType=AIV, block dim=32, total_block_num=32, block_remain_len=1048448, block_initial_space=1048576, rsv=0, magic=5aa5bccd
CANN Version: 8.0.RC3, TimeStamp: 20241026152044625
opType=aggregate_msg_split, DumpHead: AIV-23, CoreType=AIV, block dim=32, total_block_num=32, block_remain_len=1048448, block_initial_space=1048576, rsv=0, magic=5aa5bccd
CANN Version: 8.0.RC3, TimeStamp: 20241026152044625
opType=aggregate_msg_split, DumpHead: AIV-24, CoreType=AIV, block dim=32, total_block_num=32, block_remain_len=1048448, block_initial_space=1048576, rsv=0, magic=5aa5bccd
CANN Version: 8.0.RC3, TimeStamp: 20241026152044625
opType=aggregate_msg_split, DumpHead: AIV-25, CoreType=AIV, block dim=32, total_block_num=32, block_remain_len=1048448, block_initial_space=1048576, rsv=0, magic=5aa5bccd
CANN Version: 8.0.RC3, TimeStamp: 20241026152044625
opType=aggregate_msg_split, DumpHead: AIV-26, CoreType=AIV, block dim=32, total_block_num=32, block_remain_len=1048448, block_initial_space=1048576, rsv=0, magic=5aa5bccd
CANN Version: 8.0.RC3, TimeStamp: 20241026152044625
opType=aggregate_msg_split, DumpHead: AIV-27, CoreType=AIV, block dim=32, total_block_num=32, block_remain_len=1048448, block_initial_space=1048576, rsv=0, magic=5aa5bccd
CANN Version: 8.0.RC3, TimeStamp: 20241026152044625
opType=aggregate_msg_split, DumpHead: AIV-28, CoreType=AIV, block dim=32, total_block_num=32, block_remain_len=1048448, block_initial_space=1048576, rsv=0, magic=5aa5bccd
CANN Version: 8.0.RC3, TimeStamp: 20241026152044625
opType=aggregate_msg_split, DumpHead: AIV-29, CoreType=AIV, block dim=32, total_block_num=32, block_remain_len=1048448, block_initial_space=1048576, rsv=0, magic=5aa5bccd
CANN Version: 8.0.RC3, TimeStamp: 20241026152044625
opType=aggregate_msg_split, DumpHead: AIV-30, CoreType=AIV, block dim=32, total_block_num=32, block_remain_len=1048448, block_initial_space=1048576, rsv=0, magic=5aa5bccd
CANN Version: 8.0.RC3, TimeStamp: 20241026152044625
opType=aggregate_msg_split, DumpHead: AIV-31, CoreType=AIV, block dim=32, total_block_num=32, block_remain_len=1048448, block_initial_space=1048576, rsv=0, magic=5aa5bccd
CANN Version: 8.0.RC3, TimeStamp: 20241026152044625
opType=aggregate_msg_split, DumpHead: AIV-0, CoreType=AIV, block dim=32, total_block_num=32, block_remain_len=1048408, block_initial_space=1048576, rsv=0, magic=5aa5bccd
CANN Version: 8.0.RC3, TimeStamp: 20241026152044625
Aggregate Message ...
opType=aggregate_msg_split, DumpHead: AIV-1, CoreType=AIV, block dim=32, total_block_num=32, block_remain_len=1048448, block_initial_space=1048576, rsv=0, magic=5aa5bccd
CANN Version: 8.0.RC3, TimeStamp: 20241026152044625
opType=aggregate_msg_split, DumpHead: AIV-2, CoreType=AIV, block dim=32, total_block_num=32, block_remain_len=1048448, block_initial_space=1048576, rsv=0, magic=5aa5bccd
CANN Version: 8.0.RC3, TimeStamp: 20241026152044625
opType=aggregate_msg_split, DumpHead: AIV-3, CoreType=AIV, block dim=32, total_block_num=32, block_remain_len=1048448, block_initial_space=1048576, rsv=0, magic=5aa5bccd
CANN Version: 8.0.RC3, TimeStamp: 20241026152044625
opType=aggregate_msg_split, DumpHead: AIV-4, CoreType=AIV, block dim=32, total_block_num=32, block_remain_len=1048448, block_initial_space=1048576, rsv=0, magic=5aa5bccd
CANN Version: 8.0.RC3, TimeStamp: 20241026152044625
opType=aggregate_msg_split, DumpHead: AIV-5, CoreType=AIV, block dim=32, total_block_num=32, block_remain_len=1048448, block_initial_space=1048576, rsv=0, magic=5aa5bccd
CANN Version: 8.0.RC3, TimeStamp: 20241026152044625
opType=aggregate_msg_split, DumpHead: AIV-6, CoreType=AIV, block dim=32, total_block_num=32, block_remain_len=1048448, block_initial_space=1048576, rsv=0, magic=5aa5bccd
CANN Version: 8.0.RC3, TimeStamp: 20241026152044625
opType=aggregate_msg_split, DumpHead: AIV-7, CoreType=AIV, block dim=32, total_block_num=32, block_remain_len=1048448, block_initial_space=1048576, rsv=0, magic=5aa5bccd
CANN Version: 8.0.RC3, TimeStamp: 20241026152044625
opType=aggregate_msg_split, DumpHead: AIV-8, CoreType=AIV, block dim=32, total_block_num=32, block_remain_len=1048448, block_initial_space=1048576, rsv=0, magic=5aa5bccd
CANN Version: 8.0.RC3, TimeStamp: 20241026152044625
opType=aggregate_msg_split, DumpHead: AIV-9, CoreType=AIV, block dim=32, total_block_num=32, block_remain_len=1048448, block_initial_space=1048576, rsv=0, magic=5aa5bccd
CANN Version: 8.0.RC3, TimeStamp: 20241026152044625
opType=aggregate_msg_split, DumpHead: AIV-10, CoreType=AIV, block dim=32, total_block_num=32, block_remain_len=1048448, block_initial_space=1048576, rsv=0, magic=5aa5bccd
CANN Version: 8.0.RC3, TimeStamp: 20241026152044625
opType=aggregate_msg_split, DumpHead: AIV-11, CoreType=AIV, block dim=32, total_block_num=32, block_remain_len=1048448, block_initial_space=1048576, rsv=0, magic=5aa5bccd
CANN Version: 8.0.RC3, TimeStamp: 20241026152044625
opType=aggregate_msg_split, DumpHead: AIV-12, CoreType=AIV, block dim=32, total_block_num=32, block_remain_len=1048448, block_initial_space=1048576, rsv=0, magic=5aa5bccd
CANN Version: 8.0.RC3, TimeStamp: 20241026152044625
opType=aggregate_msg_split, DumpHead: AIV-13, CoreType=AIV, block dim=32, total_block_num=32, block_remain_len=1048448, block_initial_space=1048576, rsv=0, magic=5aa5bccd
CANN Version: 8.0.RC3, TimeStamp: 20241026152044625
opType=aggregate_msg_split, DumpHead: AIV-14, CoreType=AIV, block dim=32, total_block_num=32, block_remain_len=1048448, block_initial_space=1048576, rsv=0, magic=5aa5bccd
CANN Version: 8.0.RC3, TimeStamp: 20241026152044625
opType=aggregate_msg_split, DumpHead: AIV-15, CoreType=AIV, block dim=32, total_block_num=32, block_remain_len=1048448, block_initial_space=1048576, rsv=0, magic=5aa5bccd
CANN Version: 8.0.RC3, TimeStamp: 20241026152044625
opType=aggregate_msg_split, DumpHead: AIV-16, CoreType=AIV, block dim=32, total_block_num=32, block_remain_len=1048448, block_initial_space=1048576, rsv=0, magic=5aa5bccd
CANN Version: 8.0.RC3, TimeStamp: 20241026152044625
opType=aggregate_msg_split, DumpHead: AIV-17, CoreType=AIV, block dim=32, total_block_num=32, block_remain_len=1048448, block_initial_space=1048576, rsv=0, magic=5aa5bccd
CANN Version: 8.0.RC3, TimeStamp: 20241026152044625
opType=aggregate_msg_split, DumpHead: AIV-18, CoreType=AIV, block dim=32, total_block_num=32, block_remain_len=1048448, block_initial_space=1048576, rsv=0, magic=5aa5bccd
CANN Version: 8.0.RC3, TimeStamp: 20241026152044625
opType=aggregate_msg_split, DumpHead: AIV-19, CoreType=AIV, block dim=32, total_block_num=32, block_remain_len=1048448, block_initial_space=1048576, rsv=0, magic=5aa5bccd
CANN Version: 8.0.RC3, TimeStamp: 20241026152044625
opType=aggregate_msg_split, DumpHead: AIV-20, CoreType=AIV, block dim=32, total_block_num=32, block_remain_len=1048448, block_initial_space=1048576, rsv=0, magic=5aa5bccd
CANN Version: 8.0.RC3, TimeStamp: 20241026152044625
opType=aggregate_msg_split, DumpHead: AIV-21, CoreType=AIV, block dim=32, total_block_num=32, block_remain_len=1048448, block_initial_space=1048576, rsv=0, magic=5aa5bccd
CANN Version: 8.0.RC3, TimeStamp: 20241026152044625
opType=aggregate_msg_split, DumpHead: AIV-22, CoreType=AIV, block dim=32, total_block_num=32, block_remain_len=1048448, block_initial_space=1048576, rsv=0, magic=5aa5bccd
CANN Version: 8.0.RC3, TimeStamp: 20241026152044625
opType=aggregate_msg_split, DumpHead: AIV-23, CoreType=AIV, block dim=32, total_block_num=32, block_remain_len=1048448, block_initial_space=1048576, rsv=0, magic=5aa5bccd
CANN Version: 8.0.RC3, TimeStamp: 20241026152044625
opType=aggregate_msg_split, DumpHead: AIV-24, CoreType=AIV, block dim=32, total_block_num=32, block_remain_len=1048448, block_initial_space=1048576, rsv=0, magic=5aa5bccd
CANN Version: 8.0.RC3, TimeStamp: 20241026152044625
opType=aggregate_msg_split, DumpHead: AIV-25, CoreType=AIV, block dim=32, total_block_num=32, block_remain_len=1048448, block_initial_space=1048576, rsv=0, magic=5aa5bccd
CANN Version: 8.0.RC3, TimeStamp: 20241026152044625
opType=aggregate_msg_split, DumpHead: AIV-26, CoreType=AIV, block dim=32, total_block_num=32, block_remain_len=1048448, block_initial_space=1048576, rsv=0, magic=5aa5bccd
CANN Version: 8.0.RC3, TimeStamp: 20241026152044625
opType=aggregate_msg_split, DumpHead: AIV-27, CoreType=AIV, block dim=32, total_block_num=32, block_remain_len=1048448, block_initial_space=1048576, rsv=0, magic=5aa5bccd
CANN Version: 8.0.RC3, TimeStamp: 20241026152044625
opType=aggregate_msg_split, DumpHead: AIV-28, CoreType=AIV, block dim=32, total_block_num=32, block_remain_len=1048448, block_initial_space=1048576, rsv=0, magic=5aa5bccd
CANN Version: 8.0.RC3, TimeStamp: 20241026152044625
opType=aggregate_msg_split, DumpHead: AIV-29, CoreType=AIV, block dim=32, total_block_num=32, block_remain_len=1048448, block_initial_space=1048576, rsv=0, magic=5aa5bccd
CANN Version: 8.0.RC3, TimeStamp: 20241026152044625
opType=aggregate_msg_split, DumpHead: AIV-30, CoreType=AIV, block dim=32, total_block_num=32, block_remain_len=1048448, block_initial_space=1048576, rsv=0, magic=5aa5bccd
CANN Version: 8.0.RC3, TimeStamp: 20241026152044625
opType=aggregate_msg_split, DumpHead: AIV-31, CoreType=AIV, block dim=32, total_block_num=32, block_remain_len=1048448, block_initial_space=1048576, rsv=0, magic=5aa5bccd
CANN Version: 8.0.RC3, TimeStamp: 20241026152044625
opType=aggregate_msg_split, DumpHead: AIV-0, CoreType=AIV, block dim=32, total_block_num=32, block_remain_len=1048408, block_initial_space=1048576, rsv=0, magic=5aa5bccd
CANN Version: 8.0.RC3, TimeStamp: 20241026152044625
Aggregate Message ...
opType=aggregate_msg_split, DumpHead: AIV-1, CoreType=AIV, block dim=32, total_block_num=32, block_remain_len=1048448, block_initial_space=1048576, rsv=0, magic=5aa5bccd
CANN Version: 8.0.RC3, TimeStamp: 20241026152044625
opType=aggregate_msg_split, DumpHead: AIV-2, CoreType=AIV, block dim=32, total_block_num=32, block_remain_len=1048448, block_initial_space=1048576, rsv=0, magic=5aa5bccd
CANN Version: 8.0.RC3, TimeStamp: 20241026152044625
opType=aggregate_msg_split, DumpHead: AIV-3, CoreType=AIV, block dim=32, total_block_num=32, block_remain_len=1048448, block_initial_space=1048576, rsv=0, magic=5aa5bccd
CANN Version: 8.0.RC3, TimeStamp: 20241026152044625
opType=aggregate_msg_split, DumpHead: AIV-4, CoreType=AIV, block dim=32, total_block_num=32, block_remain_len=1048448, block_initial_space=1048576, rsv=0, magic=5aa5bccd
CANN Version: 8.0.RC3, TimeStamp: 20241026152044625
opType=aggregate_msg_split, DumpHead: AIV-5, CoreType=AIV, block dim=32, total_block_num=32, block_remain_len=1048448, block_initial_space=1048576, rsv=0, magic=5aa5bccd
CANN Version: 8.0.RC3, TimeStamp: 20241026152044625
opType=aggregate_msg_split, DumpHead: AIV-6, CoreType=AIV, block dim=32, total_block_num=32, block_remain_len=1048448, block_initial_space=1048576, rsv=0, magic=5aa5bccd
CANN Version: 8.0.RC3, TimeStamp: 20241026152044625
opType=aggregate_msg_split, DumpHead: AIV-7, CoreType=AIV, block dim=32, total_block_num=32, block_remain_len=1048448, block_initial_space=1048576, rsv=0, magic=5aa5bccd
CANN Version: 8.0.RC3, TimeStamp: 20241026152044625
opType=aggregate_msg_split, DumpHead: AIV-8, CoreType=AIV, block dim=32, total_block_num=32, block_remain_len=1048448, block_initial_space=1048576, rsv=0, magic=5aa5bccd
CANN Version: 8.0.RC3, TimeStamp: 20241026152044625
opType=aggregate_msg_split, DumpHead: AIV-9, CoreType=AIV, block dim=32, total_block_num=32, block_remain_len=1048448, block_initial_space=1048576, rsv=0, magic=5aa5bccd
CANN Version: 8.0.RC3, TimeStamp: 20241026152044625
opType=aggregate_msg_split, DumpHead: AIV-10, CoreType=AIV, block dim=32, total_block_num=32, block_remain_len=1048448, block_initial_space=1048576, rsv=0, magic=5aa5bccd
CANN Version: 8.0.RC3, TimeStamp: 20241026152044625
opType=aggregate_msg_split, DumpHead: AIV-11, CoreType=AIV, block dim=32, total_block_num=32, block_remain_len=1048448, block_initial_space=1048576, rsv=0, magic=5aa5bccd
CANN Version: 8.0.RC3, TimeStamp: 20241026152044625
opType=aggregate_msg_split, DumpHead: AIV-12, CoreType=AIV, block dim=32, total_block_num=32, block_remain_len=1048448, block_initial_space=1048576, rsv=0, magic=5aa5bccd
CANN Version: 8.0.RC3, TimeStamp: 20241026152044625
opType=aggregate_msg_split, DumpHead: AIV-13, CoreType=AIV, block dim=32, total_block_num=32, block_remain_len=1048448, block_initial_space=1048576, rsv=0, magic=5aa5bccd
CANN Version: 8.0.RC3, TimeStamp: 20241026152044625
opType=aggregate_msg_split, DumpHead: AIV-14, CoreType=AIV, block dim=32, total_block_num=32, block_remain_len=1048448, block_initial_space=1048576, rsv=0, magic=5aa5bccd
CANN Version: 8.0.RC3, TimeStamp: 20241026152044625
opType=aggregate_msg_split, DumpHead: AIV-15, CoreType=AIV, block dim=32, total_block_num=32, block_remain_len=1048448, block_initial_space=1048576, rsv=0, magic=5aa5bccd
CANN Version: 8.0.RC3, TimeStamp: 20241026152044625
opType=aggregate_msg_split, DumpHead: AIV-16, CoreType=AIV, block dim=32, total_block_num=32, block_remain_len=1048448, block_initial_space=1048576, rsv=0, magic=5aa5bccd
CANN Version: 8.0.RC3, TimeStamp: 20241026152044625
opType=aggregate_msg_split, DumpHead: AIV-17, CoreType=AIV, block dim=32, total_block_num=32, block_remain_len=1048448, block_initial_space=1048576, rsv=0, magic=5aa5bccd
CANN Version: 8.0.RC3, TimeStamp: 20241026152044625
opType=aggregate_msg_split, DumpHead: AIV-18, CoreType=AIV, block dim=32, total_block_num=32, block_remain_len=1048448, block_initial_space=1048576, rsv=0, magic=5aa5bccd
CANN Version: 8.0.RC3, TimeStamp: 20241026152044625
opType=aggregate_msg_split, DumpHead: AIV-19, CoreType=AIV, block dim=32, total_block_num=32, block_remain_len=1048448, block_initial_space=1048576, rsv=0, magic=5aa5bccd
CANN Version: 8.0.RC3, TimeStamp: 20241026152044625
opType=aggregate_msg_split, DumpHead: AIV-20, CoreType=AIV, block dim=32, total_block_num=32, block_remain_len=1048448, block_initial_space=1048576, rsv=0, magic=5aa5bccd
CANN Version: 8.0.RC3, TimeStamp: 20241026152044625
opType=aggregate_msg_split, DumpHead: AIV-21, CoreType=AIV, block dim=32, total_block_num=32, block_remain_len=1048448, block_initial_space=1048576, rsv=0, magic=5aa5bccd
CANN Version: 8.0.RC3, TimeStamp: 20241026152044625
opType=aggregate_msg_split, DumpHead: AIV-22, CoreType=AIV, block dim=32, total_block_num=32, block_remain_len=1048448, block_initial_space=1048576, rsv=0, magic=5aa5bccd
CANN Version: 8.0.RC3, TimeStamp: 20241026152044625
opType=aggregate_msg_split, DumpHead: AIV-23, CoreType=AIV, block dim=32, total_block_num=32, block_remain_len=1048448, block_initial_space=1048576, rsv=0, magic=5aa5bccd
CANN Version: 8.0.RC3, TimeStamp: 20241026152044625
opType=aggregate_msg_split, DumpHead: AIV-24, CoreType=AIV, block dim=32, total_block_num=32, block_remain_len=1048448, block_initial_space=1048576, rsv=0, magic=5aa5bccd
CANN Version: 8.0.RC3, TimeStamp: 20241026152044625
opType=aggregate_msg_split, DumpHead: AIV-25, CoreType=AIV, block dim=32, total_block_num=32, block_remain_len=1048448, block_initial_space=1048576, rsv=0, magic=5aa5bccd
CANN Version: 8.0.RC3, TimeStamp: 20241026152044625
opType=aggregate_msg_split, DumpHead: AIV-26, CoreType=AIV, block dim=32, total_block_num=32, block_remain_len=1048448, block_initial_space=1048576, rsv=0, magic=5aa5bccd
CANN Version: 8.0.RC3, TimeStamp: 20241026152044625
opType=aggregate_msg_split, DumpHead: AIV-27, CoreType=AIV, block dim=32, total_block_num=32, block_remain_len=1048448, block_initial_space=1048576, rsv=0, magic=5aa5bccd
CANN Version: 8.0.RC3, TimeStamp: 20241026152044625
opType=aggregate_msg_split, DumpHead: AIV-28, CoreType=AIV, block dim=32, total_block_num=32, block_remain_len=1048448, block_initial_space=1048576, rsv=0, magic=5aa5bccd
CANN Version: 8.0.RC3, TimeStamp: 20241026152044625
opType=aggregate_msg_split, DumpHead: AIV-29, CoreType=AIV, block dim=32, total_block_num=32, block_remain_len=1048448, block_initial_space=1048576, rsv=0, magic=5aa5bccd
CANN Version: 8.0.RC3, TimeStamp: 20241026152044625
opType=aggregate_msg_split, DumpHead: AIV-30, CoreType=AIV, block dim=32, total_block_num=32, block_remain_len=1048448, block_initial_space=1048576, rsv=0, magic=5aa5bccd
CANN Version: 8.0.RC3, TimeStamp: 20241026152044625
opType=aggregate_msg_split, DumpHead: AIV-31, CoreType=AIV, block dim=32, total_block_num=32, block_remain_len=1048448, block_initial_space=1048576, rsv=0, magic=5aa5bccd
CANN Version: 8.0.RC3, TimeStamp: 20241026152044625
opType=reset_value, DumpHead: AIV-0, CoreType=AIV, block dim=32, total_block_num=32, block_remain_len=1048408, block_initial_space=1048576, rsv=0, magic=5aa5bccd
CANN Version: 8.0.RC3, TimeStamp: 20241026152044625
Reset Value ...
opType=reset_value, DumpHead: AIV-1, CoreType=AIV, block dim=32, total_block_num=32, block_remain_len=1048448, block_initial_space=1048576, rsv=0, magic=5aa5bccd
CANN Version: 8.0.RC3, TimeStamp: 20241026152044625
opType=reset_value, DumpHead: AIV-2, CoreType=AIV, block dim=32, total_block_num=32, block_remain_len=1048448, block_initial_space=1048576, rsv=0, magic=5aa5bccd
CANN Version: 8.0.RC3, TimeStamp: 20241026152044625
opType=reset_value, DumpHead: AIV-3, CoreType=AIV, block dim=32, total_block_num=32, block_remain_len=1048448, block_initial_space=1048576, rsv=0, magic=5aa5bccd
CANN Version: 8.0.RC3, TimeStamp: 20241026152044625
opType=reset_value, DumpHead: AIV-4, CoreType=AIV, block dim=32, total_block_num=32, block_remain_len=1048448, block_initial_space=1048576, rsv=0, magic=5aa5bccd
CANN Version: 8.0.RC3, TimeStamp: 20241026152044625
opType=reset_value, DumpHead: AIV-5, CoreType=AIV, block dim=32, total_block_num=32, block_remain_len=1048448, block_initial_space=1048576, rsv=0, magic=5aa5bccd
CANN Version: 8.0.RC3, TimeStamp: 20241026152044625
opType=reset_value, DumpHead: AIV-6, CoreType=AIV, block dim=32, total_block_num=32, block_remain_len=1048448, block_initial_space=1048576, rsv=0, magic=5aa5bccd
CANN Version: 8.0.RC3, TimeStamp: 20241026152044625
opType=reset_value, DumpHead: AIV-7, CoreType=AIV, block dim=32, total_block_num=32, block_remain_len=1048448, block_initial_space=1048576, rsv=0, magic=5aa5bccd
CANN Version: 8.0.RC3, TimeStamp: 20241026152044625
opType=reset_value, DumpHead: AIV-8, CoreType=AIV, block dim=32, total_block_num=32, block_remain_len=1048448, block_initial_space=1048576, rsv=0, magic=5aa5bccd
CANN Version: 8.0.RC3, TimeStamp: 20241026152044625
opType=reset_value, DumpHead: AIV-9, CoreType=AIV, block dim=32, total_block_num=32, block_remain_len=1048448, block_initial_space=1048576, rsv=0, magic=5aa5bccd
CANN Version: 8.0.RC3, TimeStamp: 20241026152044625
opType=reset_value, DumpHead: AIV-10, CoreType=AIV, block dim=32, total_block_num=32, block_remain_len=1048448, block_initial_space=1048576, rsv=0, magic=5aa5bccd
CANN Version: 8.0.RC3, TimeStamp: 20241026152044625
opType=reset_value, DumpHead: AIV-11, CoreType=AIV, block dim=32, total_block_num=32, block_remain_len=1048448, block_initial_space=1048576, rsv=0, magic=5aa5bccd
CANN Version: 8.0.RC3, TimeStamp: 20241026152044625
opType=reset_value, DumpHead: AIV-12, CoreType=AIV, block dim=32, total_block_num=32, block_remain_len=1048448, block_initial_space=1048576, rsv=0, magic=5aa5bccd
CANN Version: 8.0.RC3, TimeStamp: 20241026152044625
opType=reset_value, DumpHead: AIV-13, CoreType=AIV, block dim=32, total_block_num=32, block_remain_len=1048448, block_initial_space=1048576, rsv=0, magic=5aa5bccd
CANN Version: 8.0.RC3, TimeStamp: 20241026152044625
opType=reset_value, DumpHead: AIV-14, CoreType=AIV, block dim=32, total_block_num=32, block_remain_len=1048448, block_initial_space=1048576, rsv=0, magic=5aa5bccd
CANN Version: 8.0.RC3, TimeStamp: 20241026152044625
opType=reset_value, DumpHead: AIV-15, CoreType=AIV, block dim=32, total_block_num=32, block_remain_len=1048448, block_initial_space=1048576, rsv=0, magic=5aa5bccd
CANN Version: 8.0.RC3, TimeStamp: 20241026152044625
opType=reset_value, DumpHead: AIV-16, CoreType=AIV, block dim=32, total_block_num=32, block_remain_len=1048448, block_initial_space=1048576, rsv=0, magic=5aa5bccd
CANN Version: 8.0.RC3, TimeStamp: 20241026152044625
opType=reset_value, DumpHead: AIV-17, CoreType=AIV, block dim=32, total_block_num=32, block_remain_len=1048448, block_initial_space=1048576, rsv=0, magic=5aa5bccd
CANN Version: 8.0.RC3, TimeStamp: 20241026152044625
opType=reset_value, DumpHead: AIV-18, CoreType=AIV, block dim=32, total_block_num=32, block_remain_len=1048448, block_initial_space=1048576, rsv=0, magic=5aa5bccd
CANN Version: 8.0.RC3, TimeStamp: 20241026152044625
opType=reset_value, DumpHead: AIV-19, CoreType=AIV, block dim=32, total_block_num=32, block_remain_len=1048448, block_initial_space=1048576, rsv=0, magic=5aa5bccd
CANN Version: 8.0.RC3, TimeStamp: 20241026152044625
opType=reset_value, DumpHead: AIV-20, CoreType=AIV, block dim=32, total_block_num=32, block_remain_len=1048448, block_initial_space=1048576, rsv=0, magic=5aa5bccd
CANN Version: 8.0.RC3, TimeStamp: 20241026152044625
opType=reset_value, DumpHead: AIV-21, CoreType=AIV, block dim=32, total_block_num=32, block_remain_len=1048448, block_initial_space=1048576, rsv=0, magic=5aa5bccd
CANN Version: 8.0.RC3, TimeStamp: 20241026152044625
opType=reset_value, DumpHead: AIV-22, CoreType=AIV, block dim=32, total_block_num=32, block_remain_len=1048448, block_initial_space=1048576, rsv=0, magic=5aa5bccd
CANN Version: 8.0.RC3, TimeStamp: 20241026152044625
opType=reset_value, DumpHead: AIV-23, CoreType=AIV, block dim=32, total_block_num=32, block_remain_len=1048448, block_initial_space=1048576, rsv=0, magic=5aa5bccd
CANN Version: 8.0.RC3, TimeStamp: 20241026152044625
opType=reset_value, DumpHead: AIV-24, CoreType=AIV, block dim=32, total_block_num=32, block_remain_len=1048448, block_initial_space=1048576, rsv=0, magic=5aa5bccd
CANN Version: 8.0.RC3, TimeStamp: 20241026152044625
opType=reset_value, DumpHead: AIV-25, CoreType=AIV, block dim=32, total_block_num=32, block_remain_len=1048448, block_initial_space=1048576, rsv=0, magic=5aa5bccd
CANN Version: 8.0.RC3, TimeStamp: 20241026152044625
opType=reset_value, DumpHead: AIV-26, CoreType=AIV, block dim=32, total_block_num=32, block_remain_len=1048448, block_initial_space=1048576, rsv=0, magic=5aa5bccd
CANN Version: 8.0.RC3, TimeStamp: 20241026152044625
opType=reset_value, DumpHead: AIV-27, CoreType=AIV, block dim=32, total_block_num=32, block_remain_len=1048448, block_initial_space=1048576, rsv=0, magic=5aa5bccd
CANN Version: 8.0.RC3, TimeStamp: 20241026152044625
opType=reset_value, DumpHead: AIV-28, CoreType=AIV, block dim=32, total_block_num=32, block_remain_len=1048448, block_initial_space=1048576, rsv=0, magic=5aa5bccd
CANN Version: 8.0.RC3, TimeStamp: 20241026152044625
opType=reset_value, DumpHead: AIV-29, CoreType=AIV, block dim=32, total_block_num=32, block_remain_len=1048448, block_initial_space=1048576, rsv=0, magic=5aa5bccd
CANN Version: 8.0.RC3, TimeStamp: 20241026152044625
opType=reset_value, DumpHead: AIV-30, CoreType=AIV, block dim=32, total_block_num=32, block_remain_len=1048448, block_initial_space=1048576, rsv=0, magic=5aa5bccd
CANN Version: 8.0.RC3, TimeStamp: 20241026152044625
opType=reset_value, DumpHead: AIV-31, CoreType=AIV, block dim=32, total_block_num=32, block_remain_len=1048448, block_initial_space=1048576, rsv=0, magic=5aa5bccd
CANN Version: 8.0.RC3, TimeStamp: 20241026152044625
opType=reset_value, DumpHead: AIV-0, CoreType=AIV, block dim=32, total_block_num=32, block_remain_len=1048408, block_initial_space=1048576, rsv=0, magic=5aa5bccd
CANN Version: 8.0.RC3, TimeStamp: 20241026152044625
Reset Value ...
opType=reset_value, DumpHead: AIV-1, CoreType=AIV, block dim=32, total_block_num=32, block_remain_len=1048448, block_initial_space=1048576, rsv=0, magic=5aa5bccd
CANN Version: 8.0.RC3, TimeStamp: 20241026152044625
opType=reset_value, DumpHead: AIV-2, CoreType=AIV, block dim=32, total_block_num=32, block_remain_len=1048448, block_initial_space=1048576, rsv=0, magic=5aa5bccd
CANN Version: 8.0.RC3, TimeStamp: 20241026152044625
opType=reset_value, DumpHead: AIV-3, CoreType=AIV, block dim=32, total_block_num=32, block_remain_len=1048448, block_initial_space=1048576, rsv=0, magic=5aa5bccd
CANN Version: 8.0.RC3, TimeStamp: 20241026152044625
opType=reset_value, DumpHead: AIV-4, CoreType=AIV, block dim=32, total_block_num=32, block_remain_len=1048448, block_initial_space=1048576, rsv=0, magic=5aa5bccd
CANN Version: 8.0.RC3, TimeStamp: 20241026152044625
opType=reset_value, DumpHead: AIV-5, CoreType=AIV, block dim=32, total_block_num=32, block_remain_len=1048448, block_initial_space=1048576, rsv=0, magic=5aa5bccd
CANN Version: 8.0.RC3, TimeStamp: 20241026152044625
opType=reset_value, DumpHead: AIV-6, CoreType=AIV, block dim=32, total_block_num=32, block_remain_len=1048448, block_initial_space=1048576, rsv=0, magic=5aa5bccd
CANN Version: 8.0.RC3, TimeStamp: 20241026152044625
opType=reset_value, DumpHead: AIV-7, CoreType=AIV, block dim=32, total_block_num=32, block_remain_len=1048448, block_initial_space=1048576, rsv=0, magic=5aa5bccd
CANN Version: 8.0.RC3, TimeStamp: 20241026152044625
opType=reset_value, DumpHead: AIV-8, CoreType=AIV, block dim=32, total_block_num=32, block_remain_len=1048448, block_initial_space=1048576, rsv=0, magic=5aa5bccd
CANN Version: 8.0.RC3, TimeStamp: 20241026152044625
opType=reset_value, DumpHead: AIV-9, CoreType=AIV, block dim=32, total_block_num=32, block_remain_len=1048448, block_initial_space=1048576, rsv=0, magic=5aa5bccd
CANN Version: 8.0.RC3, TimeStamp: 20241026152044625
opType=reset_value, DumpHead: AIV-10, CoreType=AIV, block dim=32, total_block_num=32, block_remain_len=1048448, block_initial_space=1048576, rsv=0, magic=5aa5bccd
CANN Version: 8.0.RC3, TimeStamp: 20241026152044625
opType=reset_value, DumpHead: AIV-11, CoreType=AIV, block dim=32, total_block_num=32, block_remain_len=1048448, block_initial_space=1048576, rsv=0, magic=5aa5bccd
CANN Version: 8.0.RC3, TimeStamp: 20241026152044625
opType=reset_value, DumpHead: AIV-12, CoreType=AIV, block dim=32, total_block_num=32, block_remain_len=1048448, block_initial_space=1048576, rsv=0, magic=5aa5bccd
CANN Version: 8.0.RC3, TimeStamp: 20241026152044625
opType=reset_value, DumpHead: AIV-13, CoreType=AIV, block dim=32, total_block_num=32, block_remain_len=1048448, block_initial_space=1048576, rsv=0, magic=5aa5bccd
CANN Version: 8.0.RC3, TimeStamp: 20241026152044625
opType=reset_value, DumpHead: AIV-14, CoreType=AIV, block dim=32, total_block_num=32, block_remain_len=1048448, block_initial_space=1048576, rsv=0, magic=5aa5bccd
CANN Version: 8.0.RC3, TimeStamp: 20241026152044625
opType=reset_value, DumpHead: AIV-15, CoreType=AIV, block dim=32, total_block_num=32, block_remain_len=1048448, block_initial_space=1048576, rsv=0, magic=5aa5bccd
CANN Version: 8.0.RC3, TimeStamp: 20241026152044625
opType=reset_value, DumpHead: AIV-16, CoreType=AIV, block dim=32, total_block_num=32, block_remain_len=1048448, block_initial_space=1048576, rsv=0, magic=5aa5bccd
CANN Version: 8.0.RC3, TimeStamp: 20241026152044625
opType=reset_value, DumpHead: AIV-17, CoreType=AIV, block dim=32, total_block_num=32, block_remain_len=1048448, block_initial_space=1048576, rsv=0, magic=5aa5bccd
CANN Version: 8.0.RC3, TimeStamp: 20241026152044625
opType=reset_value, DumpHead: AIV-18, CoreType=AIV, block dim=32, total_block_num=32, block_remain_len=1048448, block_initial_space=1048576, rsv=0, magic=5aa5bccd
CANN Version: 8.0.RC3, TimeStamp: 20241026152044625
opType=reset_value, DumpHead: AIV-19, CoreType=AIV, block dim=32, total_block_num=32, block_remain_len=1048448, block_initial_space=1048576, rsv=0, magic=5aa5bccd
CANN Version: 8.0.RC3, TimeStamp: 20241026152044625
opType=reset_value, DumpHead: AIV-20, CoreType=AIV, block dim=32, total_block_num=32, block_remain_len=1048448, block_initial_space=1048576, rsv=0, magic=5aa5bccd
CANN Version: 8.0.RC3, TimeStamp: 20241026152044625
opType=reset_value, DumpHead: AIV-21, CoreType=AIV, block dim=32, total_block_num=32, block_remain_len=1048448, block_initial_space=1048576, rsv=0, magic=5aa5bccd
CANN Version: 8.0.RC3, TimeStamp: 20241026152044625
opType=reset_value, DumpHead: AIV-22, CoreType=AIV, block dim=32, total_block_num=32, block_remain_len=1048448, block_initial_space=1048576, rsv=0, magic=5aa5bccd
CANN Version: 8.0.RC3, TimeStamp: 20241026152044625
opType=reset_value, DumpHead: AIV-23, CoreType=AIV, block dim=32, total_block_num=32, block_remain_len=1048448, block_initial_space=1048576, rsv=0, magic=5aa5bccd
CANN Version: 8.0.RC3, TimeStamp: 20241026152044625
opType=reset_value, DumpHead: AIV-24, CoreType=AIV, block dim=32, total_block_num=32, block_remain_len=1048448, block_initial_space=1048576, rsv=0, magic=5aa5bccd
CANN Version: 8.0.RC3, TimeStamp: 20241026152044625
opType=reset_value, DumpHead: AIV-25, CoreType=AIV, block dim=32, total_block_num=32, block_remain_len=1048448, block_initial_space=1048576, rsv=0, magic=5aa5bccd
CANN Version: 8.0.RC3, TimeStamp: 20241026152044625
opType=reset_value, DumpHead: AIV-26, CoreType=AIV, block dim=32, total_block_num=32, block_remain_len=1048448, block_initial_space=1048576, rsv=0, magic=5aa5bccd
CANN Version: 8.0.RC3, TimeStamp: 20241026152044625
opType=reset_value, DumpHead: AIV-27, CoreType=AIV, block dim=32, total_block_num=32, block_remain_len=1048448, block_initial_space=1048576, rsv=0, magic=5aa5bccd
CANN Version: 8.0.RC3, TimeStamp: 20241026152044625
opType=reset_value, DumpHead: AIV-28, CoreType=AIV, block dim=32, total_block_num=32, block_remain_len=1048448, block_initial_space=1048576, rsv=0, magic=5aa5bccd
CANN Version: 8.0.RC3, TimeStamp: 20241026152044625
opType=reset_value, DumpHead: AIV-29, CoreType=AIV, block dim=32, total_block_num=32, block_remain_len=1048448, block_initial_space=1048576, rsv=0, magic=5aa5bccd
CANN Version: 8.0.RC3, TimeStamp: 20241026152044625
opType=reset_value, DumpHead: AIV-30, CoreType=AIV, block dim=32, total_block_num=32, block_remain_len=1048448, block_initial_space=1048576, rsv=0, magic=5aa5bccd
CANN Version: 8.0.RC3, TimeStamp: 20241026152044625
opType=reset_value, DumpHead: AIV-31, CoreType=AIV, block dim=32, total_block_num=32, block_remain_len=1048448, block_initial_space=1048576, rsv=0, magic=5aa5bccd
CANN Version: 8.0.RC3, TimeStamp: 20241026152044625
opType=reset_value, DumpHead: AIV-0, CoreType=AIV, block dim=32, total_block_num=32, block_remain_len=1048408, block_initial_space=1048576, rsv=0, magic=5aa5bccd
CANN Version: 8.0.RC3, TimeStamp: 20241026152044625
Reset Value ...
opType=reset_value, DumpHead: AIV-1, CoreType=AIV, block dim=32, total_block_num=32, block_remain_len=1048448, block_initial_space=1048576, rsv=0, magic=5aa5bccd
CANN Version: 8.0.RC3, TimeStamp: 20241026152044625
opType=reset_value, DumpHead: AIV-2, CoreType=AIV, block dim=32, total_block_num=32, block_remain_len=1048448, block_initial_space=1048576, rsv=0, magic=5aa5bccd
CANN Version: 8.0.RC3, TimeStamp: 20241026152044625
opType=reset_value, DumpHead: AIV-3, CoreType=AIV, block dim=32, total_block_num=32, block_remain_len=1048448, block_initial_space=1048576, rsv=0, magic=5aa5bccd
CANN Version: 8.0.RC3, TimeStamp: 20241026152044625
opType=reset_value, DumpHead: AIV-4, CoreType=AIV, block dim=32, total_block_num=32, block_remain_len=1048448, block_initial_space=1048576, rsv=0, magic=5aa5bccd
CANN Version: 8.0.RC3, TimeStamp: 20241026152044625
opType=reset_value, DumpHead: AIV-5, CoreType=AIV, block dim=32, total_block_num=32, block_remain_len=1048448, block_initial_space=1048576, rsv=0, magic=5aa5bccd
CANN Version: 8.0.RC3, TimeStamp: 20241026152044625
opType=reset_value, DumpHead: AIV-6, CoreType=AIV, block dim=32, total_block_num=32, block_remain_len=1048448, block_initial_space=1048576, rsv=0, magic=5aa5bccd
CANN Version: 8.0.RC3, TimeStamp: 20241026152044625
opType=reset_value, DumpHead: AIV-7, CoreType=AIV, block dim=32, total_block_num=32, block_remain_len=1048448, block_initial_space=1048576, rsv=0, magic=5aa5bccd
CANN Version: 8.0.RC3, TimeStamp: 20241026152044625
opType=reset_value, DumpHead: AIV-8, CoreType=AIV, block dim=32, total_block_num=32, block_remain_len=1048448, block_initial_space=1048576, rsv=0, magic=5aa5bccd
CANN Version: 8.0.RC3, TimeStamp: 20241026152044625
opType=reset_value, DumpHead: AIV-9, CoreType=AIV, block dim=32, total_block_num=32, block_remain_len=1048448, block_initial_space=1048576, rsv=0, magic=5aa5bccd
CANN Version: 8.0.RC3, TimeStamp: 20241026152044625
opType=reset_value, DumpHead: AIV-10, CoreType=AIV, block dim=32, total_block_num=32, block_remain_len=1048448, block_initial_space=1048576, rsv=0, magic=5aa5bccd
CANN Version: 8.0.RC3, TimeStamp: 20241026152044625
opType=reset_value, DumpHead: AIV-11, CoreType=AIV, block dim=32, total_block_num=32, block_remain_len=1048448, block_initial_space=1048576, rsv=0, magic=5aa5bccd
CANN Version: 8.0.RC3, TimeStamp: 20241026152044625
opType=reset_value, DumpHead: AIV-12, CoreType=AIV, block dim=32, total_block_num=32, block_remain_len=1048448, block_initial_space=1048576, rsv=0, magic=5aa5bccd
CANN Version: 8.0.RC3, TimeStamp: 20241026152044625
opType=reset_value, DumpHead: AIV-13, CoreType=AIV, block dim=32, total_block_num=32, block_remain_len=1048448, block_initial_space=1048576, rsv=0, magic=5aa5bccd
CANN Version: 8.0.RC3, TimeStamp: 20241026152044625
opType=reset_value, DumpHead: AIV-14, CoreType=AIV, block dim=32, total_block_num=32, block_remain_len=1048448, block_initial_space=1048576, rsv=0, magic=5aa5bccd
CANN Version: 8.0.RC3, TimeStamp: 20241026152044625
opType=reset_value, DumpHead: AIV-15, CoreType=AIV, block dim=32, total_block_num=32, block_remain_len=1048448, block_initial_space=1048576, rsv=0, magic=5aa5bccd
CANN Version: 8.0.RC3, TimeStamp: 20241026152044625
opType=reset_value, DumpHead: AIV-16, CoreType=AIV, block dim=32, total_block_num=32, block_remain_len=1048448, block_initial_space=1048576, rsv=0, magic=5aa5bccd
CANN Version: 8.0.RC3, TimeStamp: 20241026152044625
opType=reset_value, DumpHead: AIV-17, CoreType=AIV, block dim=32, total_block_num=32, block_remain_len=1048448, block_initial_space=1048576, rsv=0, magic=5aa5bccd
CANN Version: 8.0.RC3, TimeStamp: 20241026152044625
opType=reset_value, DumpHead: AIV-18, CoreType=AIV, block dim=32, total_block_num=32, block_remain_len=1048448, block_initial_space=1048576, rsv=0, magic=5aa5bccd
CANN Version: 8.0.RC3, TimeStamp: 20241026152044625
opType=reset_value, DumpHead: AIV-19, CoreType=AIV, block dim=32, total_block_num=32, block_remain_len=1048448, block_initial_space=1048576, rsv=0, magic=5aa5bccd
CANN Version: 8.0.RC3, TimeStamp: 20241026152044625
opType=reset_value, DumpHead: AIV-20, CoreType=AIV, block dim=32, total_block_num=32, block_remain_len=1048448, block_initial_space=1048576, rsv=0, magic=5aa5bccd
CANN Version: 8.0.RC3, TimeStamp: 20241026152044625
opType=reset_value, DumpHead: AIV-21, CoreType=AIV, block dim=32, total_block_num=32, block_remain_len=1048448, block_initial_space=1048576, rsv=0, magic=5aa5bccd
CANN Version: 8.0.RC3, TimeStamp: 20241026152044625
opType=reset_value, DumpHead: AIV-22, CoreType=AIV, block dim=32, total_block_num=32, block_remain_len=1048448, block_initial_space=1048576, rsv=0, magic=5aa5bccd
CANN Version: 8.0.RC3, TimeStamp: 20241026152044625
opType=reset_value, DumpHead: AIV-23, CoreType=AIV, block dim=32, total_block_num=32, block_remain_len=1048448, block_initial_space=1048576, rsv=0, magic=5aa5bccd
CANN Version: 8.0.RC3, TimeStamp: 20241026152044625
opType=reset_value, DumpHead: AIV-24, CoreType=AIV, block dim=32, total_block_num=32, block_remain_len=1048448, block_initial_space=1048576, rsv=0, magic=5aa5bccd
CANN Version: 8.0.RC3, TimeStamp: 20241026152044625
opType=reset_value, DumpHead: AIV-25, CoreType=AIV, block dim=32, total_block_num=32, block_remain_len=1048448, block_initial_space=1048576, rsv=0, magic=5aa5bccd
CANN Version: 8.0.RC3, TimeStamp: 20241026152044625
opType=reset_value, DumpHead: AIV-26, CoreType=AIV, block dim=32, total_block_num=32, block_remain_len=1048448, block_initial_space=1048576, rsv=0, magic=5aa5bccd
CANN Version: 8.0.RC3, TimeStamp: 20241026152044625
opType=reset_value, DumpHead: AIV-27, CoreType=AIV, block dim=32, total_block_num=32, block_remain_len=1048448, block_initial_space=1048576, rsv=0, magic=5aa5bccd
CANN Version: 8.0.RC3, TimeStamp: 20241026152044625
opType=reset_value, DumpHead: AIV-28, CoreType=AIV, block dim=32, total_block_num=32, block_remain_len=1048448, block_initial_space=1048576, rsv=0, magic=5aa5bccd
CANN Version: 8.0.RC3, TimeStamp: 20241026152044625
opType=reset_value, DumpHead: AIV-29, CoreType=AIV, block dim=32, total_block_num=32, block_remain_len=1048448, block_initial_space=1048576, rsv=0, magic=5aa5bccd
CANN Version: 8.0.RC3, TimeStamp: 20241026152044625
opType=reset_value, DumpHead: AIV-30, CoreType=AIV, block dim=32, total_block_num=32, block_remain_len=1048448, block_initial_space=1048576, rsv=0, magic=5aa5bccd
CANN Version: 8.0.RC3, TimeStamp: 20241026152044625
opType=reset_value, DumpHead: AIV-31, CoreType=AIV, block dim=32, total_block_num=32, block_remain_len=1048448, block_initial_space=1048576, rsv=0, magic=5aa5bccd
CANN Version: 8.0.RC3, TimeStamp: 20241026152044625
opType=reset_value, DumpHead: AIV-0, CoreType=AIV, block dim=32, total_block_num=32, block_remain_len=1048408, block_initial_space=1048576, rsv=0, magic=5aa5bccd
CANN Version: 8.0.RC3, TimeStamp: 20241026152044625
Reset Value ...
opType=reset_value, DumpHead: AIV-1, CoreType=AIV, block dim=32, total_block_num=32, block_remain_len=1048448, block_initial_space=1048576, rsv=0, magic=5aa5bccd
CANN Version: 8.0.RC3, TimeStamp: 20241026152044625
opType=reset_value, DumpHead: AIV-2, CoreType=AIV, block dim=32, total_block_num=32, block_remain_len=1048448, block_initial_space=1048576, rsv=0, magic=5aa5bccd
CANN Version: 8.0.RC3, TimeStamp: 20241026152044625
opType=reset_value, DumpHead: AIV-3, CoreType=AIV, block dim=32, total_block_num=32, block_remain_len=1048448, block_initial_space=1048576, rsv=0, magic=5aa5bccd
CANN Version: 8.0.RC3, TimeStamp: 20241026152044625
opType=reset_value, DumpHead: AIV-4, CoreType=AIV, block dim=32, total_block_num=32, block_remain_len=1048448, block_initial_space=1048576, rsv=0, magic=5aa5bccd
CANN Version: 8.0.RC3, TimeStamp: 20241026152044625
opType=reset_value, DumpHead: AIV-5, CoreType=AIV, block dim=32, total_block_num=32, block_remain_len=1048448, block_initial_space=1048576, rsv=0, magic=5aa5bccd
CANN Version: 8.0.RC3, TimeStamp: 20241026152044625
opType=reset_value, DumpHead: AIV-6, CoreType=AIV, block dim=32, total_block_num=32, block_remain_len=1048448, block_initial_space=1048576, rsv=0, magic=5aa5bccd
CANN Version: 8.0.RC3, TimeStamp: 20241026152044625
opType=reset_value, DumpHead: AIV-7, CoreType=AIV, block dim=32, total_block_num=32, block_remain_len=1048448, block_initial_space=1048576, rsv=0, magic=5aa5bccd
CANN Version: 8.0.RC3, TimeStamp: 20241026152044625
opType=reset_value, DumpHead: AIV-8, CoreType=AIV, block dim=32, total_block_num=32, block_remain_len=1048448, block_initial_space=1048576, rsv=0, magic=5aa5bccd
CANN Version: 8.0.RC3, TimeStamp: 20241026152044625
opType=reset_value, DumpHead: AIV-9, CoreType=AIV, block dim=32, total_block_num=32, block_remain_len=1048448, block_initial_space=1048576, rsv=0, magic=5aa5bccd
CANN Version: 8.0.RC3, TimeStamp: 20241026152044625
opType=reset_value, DumpHead: AIV-10, CoreType=AIV, block dim=32, total_block_num=32, block_remain_len=1048448, block_initial_space=1048576, rsv=0, magic=5aa5bccd
CANN Version: 8.0.RC3, TimeStamp: 20241026152044625
opType=reset_value, DumpHead: AIV-11, CoreType=AIV, block dim=32, total_block_num=32, block_remain_len=1048448, block_initial_space=1048576, rsv=0, magic=5aa5bccd
CANN Version: 8.0.RC3, TimeStamp: 20241026152044625
opType=reset_value, DumpHead: AIV-12, CoreType=AIV, block dim=32, total_block_num=32, block_remain_len=1048448, block_initial_space=1048576, rsv=0, magic=5aa5bccd
CANN Version: 8.0.RC3, TimeStamp: 20241026152044625
opType=reset_value, DumpHead: AIV-13, CoreType=AIV, block dim=32, total_block_num=32, block_remain_len=1048448, block_initial_space=1048576, rsv=0, magic=5aa5bccd
CANN Version: 8.0.RC3, TimeStamp: 20241026152044625
opType=reset_value, DumpHead: AIV-14, CoreType=AIV, block dim=32, total_block_num=32, block_remain_len=1048448, block_initial_space=1048576, rsv=0, magic=5aa5bccd
CANN Version: 8.0.RC3, TimeStamp: 20241026152044625
opType=reset_value, DumpHead: AIV-15, CoreType=AIV, block dim=32, total_block_num=32, block_remain_len=1048448, block_initial_space=1048576, rsv=0, magic=5aa5bccd
CANN Version: 8.0.RC3, TimeStamp: 20241026152044625
opType=reset_value, DumpHead: AIV-16, CoreType=AIV, block dim=32, total_block_num=32, block_remain_len=1048448, block_initial_space=1048576, rsv=0, magic=5aa5bccd
CANN Version: 8.0.RC3, TimeStamp: 20241026152044625
opType=reset_value, DumpHead: AIV-17, CoreType=AIV, block dim=32, total_block_num=32, block_remain_len=1048448, block_initial_space=1048576, rsv=0, magic=5aa5bccd
CANN Version: 8.0.RC3, TimeStamp: 20241026152044625
opType=reset_value, DumpHead: AIV-18, CoreType=AIV, block dim=32, total_block_num=32, block_remain_len=1048448, block_initial_space=1048576, rsv=0, magic=5aa5bccd
CANN Version: 8.0.RC3, TimeStamp: 20241026152044625
opType=reset_value, DumpHead: AIV-19, CoreType=AIV, block dim=32, total_block_num=32, block_remain_len=1048448, block_initial_space=1048576, rsv=0, magic=5aa5bccd
CANN Version: 8.0.RC3, TimeStamp: 20241026152044625
opType=reset_value, DumpHead: AIV-20, CoreType=AIV, block dim=32, total_block_num=32, block_remain_len=1048448, block_initial_space=1048576, rsv=0, magic=5aa5bccd
CANN Version: 8.0.RC3, TimeStamp: 20241026152044625
opType=reset_value, DumpHead: AIV-21, CoreType=AIV, block dim=32, total_block_num=32, block_remain_len=1048448, block_initial_space=1048576, rsv=0, magic=5aa5bccd
CANN Version: 8.0.RC3, TimeStamp: 20241026152044625
opType=reset_value, DumpHead: AIV-22, CoreType=AIV, block dim=32, total_block_num=32, block_remain_len=1048448, block_initial_space=1048576, rsv=0, magic=5aa5bccd
CANN Version: 8.0.RC3, TimeStamp: 20241026152044625
opType=reset_value, DumpHead: AIV-23, CoreType=AIV, block dim=32, total_block_num=32, block_remain_len=1048448, block_initial_space=1048576, rsv=0, magic=5aa5bccd
CANN Version: 8.0.RC3, TimeStamp: 20241026152044625
opType=reset_value, DumpHead: AIV-24, CoreType=AIV, block dim=32, total_block_num=32, block_remain_len=1048448, block_initial_space=1048576, rsv=0, magic=5aa5bccd
CANN Version: 8.0.RC3, TimeStamp: 20241026152044625
opType=reset_value, DumpHead: AIV-25, CoreType=AIV, block dim=32, total_block_num=32, block_remain_len=1048448, block_initial_space=1048576, rsv=0, magic=5aa5bccd
CANN Version: 8.0.RC3, TimeStamp: 20241026152044625
opType=reset_value, DumpHead: AIV-26, CoreType=AIV, block dim=32, total_block_num=32, block_remain_len=1048448, block_initial_space=1048576, rsv=0, magic=5aa5bccd
CANN Version: 8.0.RC3, TimeStamp: 20241026152044625
opType=reset_value, DumpHead: AIV-27, CoreType=AIV, block dim=32, total_block_num=32, block_remain_len=1048448, block_initial_space=1048576, rsv=0, magic=5aa5bccd
CANN Version: 8.0.RC3, TimeStamp: 20241026152044625
opType=reset_value, DumpHead: AIV-28, CoreType=AIV, block dim=32, total_block_num=32, block_remain_len=1048448, block_initial_space=1048576, rsv=0, magic=5aa5bccd
CANN Version: 8.0.RC3, TimeStamp: 20241026152044625
opType=reset_value, DumpHead: AIV-29, CoreType=AIV, block dim=32, total_block_num=32, block_remain_len=1048448, block_initial_space=1048576, rsv=0, magic=5aa5bccd
CANN Version: 8.0.RC3, TimeStamp: 20241026152044625
opType=reset_value, DumpHead: AIV-30, CoreType=AIV, block dim=32, total_block_num=32, block_remain_len=1048448, block_initial_space=1048576, rsv=0, magic=5aa5bccd
CANN Version: 8.0.RC3, TimeStamp: 20241026152044625
opType=reset_value, DumpHead: AIV-31, CoreType=AIV, block dim=32, total_block_num=32, block_remain_len=1048448, block_initial_space=1048576, rsv=0, magic=5aa5bccd
CANN Version: 8.0.RC3, TimeStamp: 20241026152044625
opType=compute_msg, DumpHead: AIV-0, CoreType=AIV, block dim=32, total_block_num=32, block_remain_len=1048408, block_initial_space=1048576, rsv=0, magic=5aa5bccd
CANN Version: 8.0.RC3, TimeStamp: 20241026152044625
Compute Message ...
opType=compute_msg, DumpHead: AIV-1, CoreType=AIV, block dim=32, total_block_num=32, block_remain_len=1048448, block_initial_space=1048576, rsv=0, magic=5aa5bccd
CANN Version: 8.0.RC3, TimeStamp: 20241026152044625
opType=compute_msg, DumpHead: AIV-2, CoreType=AIV, block dim=32, total_block_num=32, block_remain_len=1048448, block_initial_space=1048576, rsv=0, magic=5aa5bccd
CANN Version: 8.0.RC3, TimeStamp: 20241026152044625
opType=compute_msg, DumpHead: AIV-3, CoreType=AIV, block dim=32, total_block_num=32, block_remain_len=1048448, block_initial_space=1048576, rsv=0, magic=5aa5bccd
CANN Version: 8.0.RC3, TimeStamp: 20241026152044625
opType=compute_msg, DumpHead: AIV-4, CoreType=AIV, block dim=32, total_block_num=32, block_remain_len=1048448, block_initial_space=1048576, rsv=0, magic=5aa5bccd
CANN Version: 8.0.RC3, TimeStamp: 20241026152044625
opType=compute_msg, DumpHead: AIV-5, CoreType=AIV, block dim=32, total_block_num=32, block_remain_len=1048448, block_initial_space=1048576, rsv=0, magic=5aa5bccd
CANN Version: 8.0.RC3, TimeStamp: 20241026152044625
opType=compute_msg, DumpHead: AIV-6, CoreType=AIV, block dim=32, total_block_num=32, block_remain_len=1048448, block_initial_space=1048576, rsv=0, magic=5aa5bccd
CANN Version: 8.0.RC3, TimeStamp: 20241026152044625
opType=compute_msg, DumpHead: AIV-7, CoreType=AIV, block dim=32, total_block_num=32, block_remain_len=1048448, block_initial_space=1048576, rsv=0, magic=5aa5bccd
CANN Version: 8.0.RC3, TimeStamp: 20241026152044625
opType=compute_msg, DumpHead: AIV-8, CoreType=AIV, block dim=32, total_block_num=32, block_remain_len=1048448, block_initial_space=1048576, rsv=0, magic=5aa5bccd
CANN Version: 8.0.RC3, TimeStamp: 20241026152044625
opType=compute_msg, DumpHead: AIV-9, CoreType=AIV, block dim=32, total_block_num=32, block_remain_len=1048448, block_initial_space=1048576, rsv=0, magic=5aa5bccd
CANN Version: 8.0.RC3, TimeStamp: 20241026152044625
opType=compute_msg, DumpHead: AIV-10, CoreType=AIV, block dim=32, total_block_num=32, block_remain_len=1048448, block_initial_space=1048576, rsv=0, magic=5aa5bccd
CANN Version: 8.0.RC3, TimeStamp: 20241026152044625
opType=compute_msg, DumpHead: AIV-11, CoreType=AIV, block dim=32, total_block_num=32, block_remain_len=1048448, block_initial_space=1048576, rsv=0, magic=5aa5bccd
CANN Version: 8.0.RC3, TimeStamp: 20241026152044625
opType=compute_msg, DumpHead: AIV-12, CoreType=AIV, block dim=32, total_block_num=32, block_remain_len=1048448, block_initial_space=1048576, rsv=0, magic=5aa5bccd
CANN Version: 8.0.RC3, TimeStamp: 20241026152044625
opType=compute_msg, DumpHead: AIV-13, CoreType=AIV, block dim=32, total_block_num=32, block_remain_len=1048448, block_initial_space=1048576, rsv=0, magic=5aa5bccd
CANN Version: 8.0.RC3, TimeStamp: 20241026152044625
opType=compute_msg, DumpHead: AIV-14, CoreType=AIV, block dim=32, total_block_num=32, block_remain_len=1048448, block_initial_space=1048576, rsv=0, magic=5aa5bccd
CANN Version: 8.0.RC3, TimeStamp: 20241026152044625
opType=compute_msg, DumpHead: AIV-15, CoreType=AIV, block dim=32, total_block_num=32, block_remain_len=1048448, block_initial_space=1048576, rsv=0, magic=5aa5bccd
CANN Version: 8.0.RC3, TimeStamp: 20241026152044625
opType=compute_msg, DumpHead: AIV-16, CoreType=AIV, block dim=32, total_block_num=32, block_remain_len=1048448, block_initial_space=1048576, rsv=0, magic=5aa5bccd
CANN Version: 8.0.RC3, TimeStamp: 20241026152044625
opType=compute_msg, DumpHead: AIV-17, CoreType=AIV, block dim=32, total_block_num=32, block_remain_len=1048448, block_initial_space=1048576, rsv=0, magic=5aa5bccd
CANN Version: 8.0.RC3, TimeStamp: 20241026152044625
opType=compute_msg, DumpHead: AIV-18, CoreType=AIV, block dim=32, total_block_num=32, block_remain_len=1048448, block_initial_space=1048576, rsv=0, magic=5aa5bccd
CANN Version: 8.0.RC3, TimeStamp: 20241026152044625
opType=compute_msg, DumpHead: AIV-19, CoreType=AIV, block dim=32, total_block_num=32, block_remain_len=1048448, block_initial_space=1048576, rsv=0, magic=5aa5bccd
CANN Version: 8.0.RC3, TimeStamp: 20241026152044625
opType=compute_msg, DumpHead: AIV-20, CoreType=AIV, block dim=32, total_block_num=32, block_remain_len=1048448, block_initial_space=1048576, rsv=0, magic=5aa5bccd
CANN Version: 8.0.RC3, TimeStamp: 20241026152044625
opType=compute_msg, DumpHead: AIV-21, CoreType=AIV, block dim=32, total_block_num=32, block_remain_len=1048448, block_initial_space=1048576, rsv=0, magic=5aa5bccd
CANN Version: 8.0.RC3, TimeStamp: 20241026152044625
opType=compute_msg, DumpHead: AIV-22, CoreType=AIV, block dim=32, total_block_num=32, block_remain_len=1048448, block_initial_space=1048576, rsv=0, magic=5aa5bccd
CANN Version: 8.0.RC3, TimeStamp: 20241026152044625
opType=compute_msg, DumpHead: AIV-23, CoreType=AIV, block dim=32, total_block_num=32, block_remain_len=1048448, block_initial_space=1048576, rsv=0, magic=5aa5bccd
CANN Version: 8.0.RC3, TimeStamp: 20241026152044625
opType=compute_msg, DumpHead: AIV-24, CoreType=AIV, block dim=32, total_block_num=32, block_remain_len=1048448, block_initial_space=1048576, rsv=0, magic=5aa5bccd
CANN Version: 8.0.RC3, TimeStamp: 20241026152044625
opType=compute_msg, DumpHead: AIV-25, CoreType=AIV, block dim=32, total_block_num=32, block_remain_len=1048448, block_initial_space=1048576, rsv=0, magic=5aa5bccd
CANN Version: 8.0.RC3, TimeStamp: 20241026152044625
opType=compute_msg, DumpHead: AIV-26, CoreType=AIV, block dim=32, total_block_num=32, block_remain_len=1048448, block_initial_space=1048576, rsv=0, magic=5aa5bccd
CANN Version: 8.0.RC3, TimeStamp: 20241026152044625
opType=compute_msg, DumpHead: AIV-27, CoreType=AIV, block dim=32, total_block_num=32, block_remain_len=1048448, block_initial_space=1048576, rsv=0, magic=5aa5bccd
CANN Version: 8.0.RC3, TimeStamp: 20241026152044625
opType=compute_msg, DumpHead: AIV-28, CoreType=AIV, block dim=32, total_block_num=32, block_remain_len=1048448, block_initial_space=1048576, rsv=0, magic=5aa5bccd
CANN Version: 8.0.RC3, TimeStamp: 20241026152044625
opType=compute_msg, DumpHead: AIV-29, CoreType=AIV, block dim=32, total_block_num=32, block_remain_len=1048448, block_initial_space=1048576, rsv=0, magic=5aa5bccd
CANN Version: 8.0.RC3, TimeStamp: 20241026152044625
opType=compute_msg, DumpHead: AIV-30, CoreType=AIV, block dim=32, total_block_num=32, block_remain_len=1048448, block_initial_space=1048576, rsv=0, magic=5aa5bccd
CANN Version: 8.0.RC3, TimeStamp: 20241026152044625
opType=compute_msg, DumpHead: AIV-31, CoreType=AIV, block dim=32, total_block_num=32, block_remain_len=1048448, block_initial_space=1048576, rsv=0, magic=5aa5bccd
CANN Version: 8.0.RC3, TimeStamp: 20241026152044625
opType=compute_msg, DumpHead: AIV-0, CoreType=AIV, block dim=32, total_block_num=32, block_remain_len=1048408, block_initial_space=1048576, rsv=0, magic=5aa5bccd
CANN Version: 8.0.RC3, TimeStamp: 20241026152044625
Compute Message ...
opType=compute_msg, DumpHead: AIV-1, CoreType=AIV, block dim=32, total_block_num=32, block_remain_len=1048448, block_initial_space=1048576, rsv=0, magic=5aa5bccd
CANN Version: 8.0.RC3, TimeStamp: 20241026152044625
opType=compute_msg, DumpHead: AIV-2, CoreType=AIV, block dim=32, total_block_num=32, block_remain_len=1048448, block_initial_space=1048576, rsv=0, magic=5aa5bccd
CANN Version: 8.0.RC3, TimeStamp: 20241026152044625
opType=compute_msg, DumpHead: AIV-3, CoreType=AIV, block dim=32, total_block_num=32, block_remain_len=1048448, block_initial_space=1048576, rsv=0, magic=5aa5bccd
CANN Version: 8.0.RC3, TimeStamp: 20241026152044625
opType=compute_msg, DumpHead: AIV-4, CoreType=AIV, block dim=32, total_block_num=32, block_remain_len=1048448, block_initial_space=1048576, rsv=0, magic=5aa5bccd
CANN Version: 8.0.RC3, TimeStamp: 20241026152044625
opType=compute_msg, DumpHead: AIV-5, CoreType=AIV, block dim=32, total_block_num=32, block_remain_len=1048448, block_initial_space=1048576, rsv=0, magic=5aa5bccd
CANN Version: 8.0.RC3, TimeStamp: 20241026152044625
opType=compute_msg, DumpHead: AIV-6, CoreType=AIV, block dim=32, total_block_num=32, block_remain_len=1048448, block_initial_space=1048576, rsv=0, magic=5aa5bccd
CANN Version: 8.0.RC3, TimeStamp: 20241026152044625
opType=compute_msg, DumpHead: AIV-7, CoreType=AIV, block dim=32, total_block_num=32, block_remain_len=1048448, block_initial_space=1048576, rsv=0, magic=5aa5bccd
CANN Version: 8.0.RC3, TimeStamp: 20241026152044625
opType=compute_msg, DumpHead: AIV-8, CoreType=AIV, block dim=32, total_block_num=32, block_remain_len=1048448, block_initial_space=1048576, rsv=0, magic=5aa5bccd
CANN Version: 8.0.RC3, TimeStamp: 20241026152044625
opType=compute_msg, DumpHead: AIV-9, CoreType=AIV, block dim=32, total_block_num=32, block_remain_len=1048448, block_initial_space=1048576, rsv=0, magic=5aa5bccd
CANN Version: 8.0.RC3, TimeStamp: 20241026152044625
opType=compute_msg, DumpHead: AIV-10, CoreType=AIV, block dim=32, total_block_num=32, block_remain_len=1048448, block_initial_space=1048576, rsv=0, magic=5aa5bccd
CANN Version: 8.0.RC3, TimeStamp: 20241026152044625
opType=compute_msg, DumpHead: AIV-11, CoreType=AIV, block dim=32, total_block_num=32, block_remain_len=1048448, block_initial_space=1048576, rsv=0, magic=5aa5bccd
CANN Version: 8.0.RC3, TimeStamp: 20241026152044625
opType=compute_msg, DumpHead: AIV-12, CoreType=AIV, block dim=32, total_block_num=32, block_remain_len=1048448, block_initial_space=1048576, rsv=0, magic=5aa5bccd
CANN Version: 8.0.RC3, TimeStamp: 20241026152044625
opType=compute_msg, DumpHead: AIV-13, CoreType=AIV, block dim=32, total_block_num=32, block_remain_len=1048448, block_initial_space=1048576, rsv=0, magic=5aa5bccd
CANN Version: 8.0.RC3, TimeStamp: 20241026152044625
opType=compute_msg, DumpHead: AIV-14, CoreType=AIV, block dim=32, total_block_num=32, block_remain_len=1048448, block_initial_space=1048576, rsv=0, magic=5aa5bccd
CANN Version: 8.0.RC3, TimeStamp: 20241026152044625
opType=compute_msg, DumpHead: AIV-15, CoreType=AIV, block dim=32, total_block_num=32, block_remain_len=1048448, block_initial_space=1048576, rsv=0, magic=5aa5bccd
CANN Version: 8.0.RC3, TimeStamp: 20241026152044625
opType=compute_msg, DumpHead: AIV-16, CoreType=AIV, block dim=32, total_block_num=32, block_remain_len=1048448, block_initial_space=1048576, rsv=0, magic=5aa5bccd
CANN Version: 8.0.RC3, TimeStamp: 20241026152044625
opType=compute_msg, DumpHead: AIV-17, CoreType=AIV, block dim=32, total_block_num=32, block_remain_len=1048448, block_initial_space=1048576, rsv=0, magic=5aa5bccd
CANN Version: 8.0.RC3, TimeStamp: 20241026152044625
opType=compute_msg, DumpHead: AIV-18, CoreType=AIV, block dim=32, total_block_num=32, block_remain_len=1048448, block_initial_space=1048576, rsv=0, magic=5aa5bccd
CANN Version: 8.0.RC3, TimeStamp: 20241026152044625
opType=compute_msg, DumpHead: AIV-19, CoreType=AIV, block dim=32, total_block_num=32, block_remain_len=1048448, block_initial_space=1048576, rsv=0, magic=5aa5bccd
CANN Version: 8.0.RC3, TimeStamp: 20241026152044625
opType=compute_msg, DumpHead: AIV-20, CoreType=AIV, block dim=32, total_block_num=32, block_remain_len=1048448, block_initial_space=1048576, rsv=0, magic=5aa5bccd
CANN Version: 8.0.RC3, TimeStamp: 20241026152044625
opType=compute_msg, DumpHead: AIV-21, CoreType=AIV, block dim=32, total_block_num=32, block_remain_len=1048448, block_initial_space=1048576, rsv=0, magic=5aa5bccd
CANN Version: 8.0.RC3, TimeStamp: 20241026152044625
opType=compute_msg, DumpHead: AIV-22, CoreType=AIV, block dim=32, total_block_num=32, block_remain_len=1048448, block_initial_space=1048576, rsv=0, magic=5aa5bccd
CANN Version: 8.0.RC3, TimeStamp: 20241026152044625
opType=compute_msg, DumpHead: AIV-23, CoreType=AIV, block dim=32, total_block_num=32, block_remain_len=1048448, block_initial_space=1048576, rsv=0, magic=5aa5bccd
CANN Version: 8.0.RC3, TimeStamp: 20241026152044625
opType=compute_msg, DumpHead: AIV-24, CoreType=AIV, block dim=32, total_block_num=32, block_remain_len=1048448, block_initial_space=1048576, rsv=0, magic=5aa5bccd
CANN Version: 8.0.RC3, TimeStamp: 20241026152044625
opType=compute_msg, DumpHead: AIV-25, CoreType=AIV, block dim=32, total_block_num=32, block_remain_len=1048448, block_initial_space=1048576, rsv=0, magic=5aa5bccd
CANN Version: 8.0.RC3, TimeStamp: 20241026152044625
opType=compute_msg, DumpHead: AIV-26, CoreType=AIV, block dim=32, total_block_num=32, block_remain_len=1048448, block_initial_space=1048576, rsv=0, magic=5aa5bccd
CANN Version: 8.0.RC3, TimeStamp: 20241026152044625
opType=compute_msg, DumpHead: AIV-27, CoreType=AIV, block dim=32, total_block_num=32, block_remain_len=1048448, block_initial_space=1048576, rsv=0, magic=5aa5bccd
CANN Version: 8.0.RC3, TimeStamp: 20241026152044625
opType=compute_msg, DumpHead: AIV-28, CoreType=AIV, block dim=32, total_block_num=32, block_remain_len=1048448, block_initial_space=1048576, rsv=0, magic=5aa5bccd
CANN Version: 8.0.RC3, TimeStamp: 20241026152044625
opType=compute_msg, DumpHead: AIV-29, CoreType=AIV, block dim=32, total_block_num=32, block_remain_len=1048448, block_initial_space=1048576, rsv=0, magic=5aa5bccd
CANN Version: 8.0.RC3, TimeStamp: 20241026152044625
opType=compute_msg, DumpHead: AIV-30, CoreType=AIV, block dim=32, total_block_num=32, block_remain_len=1048448, block_initial_space=1048576, rsv=0, magic=5aa5bccd
CANN Version: 8.0.RC3, TimeStamp: 20241026152044625
opType=compute_msg, DumpHead: AIV-31, CoreType=AIV, block dim=32, total_block_num=32, block_remain_len=1048448, block_initial_space=1048576, rsv=0, magic=5aa5bccd
CANN Version: 8.0.RC3, TimeStamp: 20241026152044625
opType=compute_msg, DumpHead: AIV-0, CoreType=AIV, block dim=32, total_block_num=32, block_remain_len=1048408, block_initial_space=1048576, rsv=0, magic=5aa5bccd
CANN Version: 8.0.RC3, TimeStamp: 20241026152044625
Compute Message ...
opType=compute_msg, DumpHead: AIV-1, CoreType=AIV, block dim=32, total_block_num=32, block_remain_len=1048448, block_initial_space=1048576, rsv=0, magic=5aa5bccd
CANN Version: 8.0.RC3, TimeStamp: 20241026152044625
opType=compute_msg, DumpHead: AIV-2, CoreType=AIV, block dim=32, total_block_num=32, block_remain_len=1048448, block_initial_space=1048576, rsv=0, magic=5aa5bccd
CANN Version: 8.0.RC3, TimeStamp: 20241026152044625
opType=compute_msg, DumpHead: AIV-3, CoreType=AIV, block dim=32, total_block_num=32, block_remain_len=1048448, block_initial_space=1048576, rsv=0, magic=5aa5bccd
CANN Version: 8.0.RC3, TimeStamp: 20241026152044625
opType=compute_msg, DumpHead: AIV-4, CoreType=AIV, block dim=32, total_block_num=32, block_remain_len=1048448, block_initial_space=1048576, rsv=0, magic=5aa5bccd
CANN Version: 8.0.RC3, TimeStamp: 20241026152044625
opType=compute_msg, DumpHead: AIV-5, CoreType=AIV, block dim=32, total_block_num=32, block_remain_len=1048448, block_initial_space=1048576, rsv=0, magic=5aa5bccd
CANN Version: 8.0.RC3, TimeStamp: 20241026152044625
opType=compute_msg, DumpHead: AIV-6, CoreType=AIV, block dim=32, total_block_num=32, block_remain_len=1048448, block_initial_space=1048576, rsv=0, magic=5aa5bccd
CANN Version: 8.0.RC3, TimeStamp: 20241026152044625
opType=compute_msg, DumpHead: AIV-7, CoreType=AIV, block dim=32, total_block_num=32, block_remain_len=1048448, block_initial_space=1048576, rsv=0, magic=5aa5bccd
CANN Version: 8.0.RC3, TimeStamp: 20241026152044625
opType=compute_msg, DumpHead: AIV-8, CoreType=AIV, block dim=32, total_block_num=32, block_remain_len=1048448, block_initial_space=1048576, rsv=0, magic=5aa5bccd
CANN Version: 8.0.RC3, TimeStamp: 20241026152044625
opType=compute_msg, DumpHead: AIV-9, CoreType=AIV, block dim=32, total_block_num=32, block_remain_len=1048448, block_initial_space=1048576, rsv=0, magic=5aa5bccd
CANN Version: 8.0.RC3, TimeStamp: 20241026152044625
opType=compute_msg, DumpHead: AIV-10, CoreType=AIV, block dim=32, total_block_num=32, block_remain_len=1048448, block_initial_space=1048576, rsv=0, magic=5aa5bccd
CANN Version: 8.0.RC3, TimeStamp: 20241026152044625
opType=compute_msg, DumpHead: AIV-11, CoreType=AIV, block dim=32, total_block_num=32, block_remain_len=1048448, block_initial_space=1048576, rsv=0, magic=5aa5bccd
CANN Version: 8.0.RC3, TimeStamp: 20241026152044625
opType=compute_msg, DumpHead: AIV-12, CoreType=AIV, block dim=32, total_block_num=32, block_remain_len=1048448, block_initial_space=1048576, rsv=0, magic=5aa5bccd
CANN Version: 8.0.RC3, TimeStamp: 20241026152044625
opType=compute_msg, DumpHead: AIV-13, CoreType=AIV, block dim=32, total_block_num=32, block_remain_len=1048448, block_initial_space=1048576, rsv=0, magic=5aa5bccd
CANN Version: 8.0.RC3, TimeStamp: 20241026152044625
opType=compute_msg, DumpHead: AIV-14, CoreType=AIV, block dim=32, total_block_num=32, block_remain_len=1048448, block_initial_space=1048576, rsv=0, magic=5aa5bccd
CANN Version: 8.0.RC3, TimeStamp: 20241026152044625
opType=compute_msg, DumpHead: AIV-15, CoreType=AIV, block dim=32, total_block_num=32, block_remain_len=1048448, block_initial_space=1048576, rsv=0, magic=5aa5bccd
CANN Version: 8.0.RC3, TimeStamp: 20241026152044625
opType=compute_msg, DumpHead: AIV-16, CoreType=AIV, block dim=32, total_block_num=32, block_remain_len=1048448, block_initial_space=1048576, rsv=0, magic=5aa5bccd
CANN Version: 8.0.RC3, TimeStamp: 20241026152044625
opType=compute_msg, DumpHead: AIV-17, CoreType=AIV, block dim=32, total_block_num=32, block_remain_len=1048448, block_initial_space=1048576, rsv=0, magic=5aa5bccd
CANN Version: 8.0.RC3, TimeStamp: 20241026152044625
opType=compute_msg, DumpHead: AIV-18, CoreType=AIV, block dim=32, total_block_num=32, block_remain_len=1048448, block_initial_space=1048576, rsv=0, magic=5aa5bccd
CANN Version: 8.0.RC3, TimeStamp: 20241026152044625
opType=compute_msg, DumpHead: AIV-19, CoreType=AIV, block dim=32, total_block_num=32, block_remain_len=1048448, block_initial_space=1048576, rsv=0, magic=5aa5bccd
CANN Version: 8.0.RC3, TimeStamp: 20241026152044625
opType=compute_msg, DumpHead: AIV-20, CoreType=AIV, block dim=32, total_block_num=32, block_remain_len=1048448, block_initial_space=1048576, rsv=0, magic=5aa5bccd
CANN Version: 8.0.RC3, TimeStamp: 20241026152044625
opType=compute_msg, DumpHead: AIV-21, CoreType=AIV, block dim=32, total_block_num=32, block_remain_len=1048448, block_initial_space=1048576, rsv=0, magic=5aa5bccd
CANN Version: 8.0.RC3, TimeStamp: 20241026152044625
opType=compute_msg, DumpHead: AIV-22, CoreType=AIV, block dim=32, total_block_num=32, block_remain_len=1048448, block_initial_space=1048576, rsv=0, magic=5aa5bccd
CANN Version: 8.0.RC3, TimeStamp: 20241026152044625
opType=compute_msg, DumpHead: AIV-23, CoreType=AIV, block dim=32, total_block_num=32, block_remain_len=1048448, block_initial_space=1048576, rsv=0, magic=5aa5bccd
CANN Version: 8.0.RC3, TimeStamp: 20241026152044625
opType=compute_msg, DumpHead: AIV-24, CoreType=AIV, block dim=32, total_block_num=32, block_remain_len=1048448, block_initial_space=1048576, rsv=0, magic=5aa5bccd
CANN Version: 8.0.RC3, TimeStamp: 20241026152044625
opType=compute_msg, DumpHead: AIV-25, CoreType=AIV, block dim=32, total_block_num=32, block_remain_len=1048448, block_initial_space=1048576, rsv=0, magic=5aa5bccd
CANN Version: 8.0.RC3, TimeStamp: 20241026152044625
opType=compute_msg, DumpHead: AIV-26, CoreType=AIV, block dim=32, total_block_num=32, block_remain_len=1048448, block_initial_space=1048576, rsv=0, magic=5aa5bccd
CANN Version: 8.0.RC3, TimeStamp: 20241026152044625
opType=compute_msg, DumpHead: AIV-27, CoreType=AIV, block dim=32, total_block_num=32, block_remain_len=1048448, block_initial_space=1048576, rsv=0, magic=5aa5bccd
CANN Version: 8.0.RC3, TimeStamp: 20241026152044625
opType=compute_msg, DumpHead: AIV-28, CoreType=AIV, block dim=32, total_block_num=32, block_remain_len=1048448, block_initial_space=1048576, rsv=0, magic=5aa5bccd
CANN Version: 8.0.RC3, TimeStamp: 20241026152044625
opType=compute_msg, DumpHead: AIV-29, CoreType=AIV, block dim=32, total_block_num=32, block_remain_len=1048448, block_initial_space=1048576, rsv=0, magic=5aa5bccd
CANN Version: 8.0.RC3, TimeStamp: 20241026152044625
opType=compute_msg, DumpHead: AIV-30, CoreType=AIV, block dim=32, total_block_num=32, block_remain_len=1048448, block_initial_space=1048576, rsv=0, magic=5aa5bccd
CANN Version: 8.0.RC3, TimeStamp: 20241026152044625
opType=compute_msg, DumpHead: AIV-31, CoreType=AIV, block dim=32, total_block_num=32, block_remain_len=1048448, block_initial_space=1048576, rsv=0, magic=5aa5bccd
CANN Version: 8.0.RC3, TimeStamp: 20241026152044625
opType=compute_msg, DumpHead: AIV-0, CoreType=AIV, block dim=32, total_block_num=32, block_remain_len=1048408, block_initial_space=1048576, rsv=0, magic=5aa5bccd
CANN Version: 8.0.RC3, TimeStamp: 20241026152044625
Compute Message ...
opType=compute_msg, DumpHead: AIV-1, CoreType=AIV, block dim=32, total_block_num=32, block_remain_len=1048448, block_initial_space=1048576, rsv=0, magic=5aa5bccd
CANN Version: 8.0.RC3, TimeStamp: 20241026152044625
opType=compute_msg, DumpHead: AIV-2, CoreType=AIV, block dim=32, total_block_num=32, block_remain_len=1048448, block_initial_space=1048576, rsv=0, magic=5aa5bccd
CANN Version: 8.0.RC3, TimeStamp: 20241026152044625
opType=compute_msg, DumpHead: AIV-3, CoreType=AIV, block dim=32, total_block_num=32, block_remain_len=1048448, block_initial_space=1048576, rsv=0, magic=5aa5bccd
CANN Version: 8.0.RC3, TimeStamp: 20241026152044625
opType=compute_msg, DumpHead: AIV-4, CoreType=AIV, block dim=32, total_block_num=32, block_remain_len=1048448, block_initial_space=1048576, rsv=0, magic=5aa5bccd
CANN Version: 8.0.RC3, TimeStamp: 20241026152044625
opType=compute_msg, DumpHead: AIV-5, CoreType=AIV, block dim=32, total_block_num=32, block_remain_len=1048448, block_initial_space=1048576, rsv=0, magic=5aa5bccd
CANN Version: 8.0.RC3, TimeStamp: 20241026152044625
opType=compute_msg, DumpHead: AIV-6, CoreType=AIV, block dim=32, total_block_num=32, block_remain_len=1048448, block_initial_space=1048576, rsv=0, magic=5aa5bccd
CANN Version: 8.0.RC3, TimeStamp: 20241026152044625
opType=compute_msg, DumpHead: AIV-7, CoreType=AIV, block dim=32, total_block_num=32, block_remain_len=1048448, block_initial_space=1048576, rsv=0, magic=5aa5bccd
CANN Version: 8.0.RC3, TimeStamp: 20241026152044625
opType=compute_msg, DumpHead: AIV-8, CoreType=AIV, block dim=32, total_block_num=32, block_remain_len=1048448, block_initial_space=1048576, rsv=0, magic=5aa5bccd
CANN Version: 8.0.RC3, TimeStamp: 20241026152044625
opType=compute_msg, DumpHead: AIV-9, CoreType=AIV, block dim=32, total_block_num=32, block_remain_len=1048448, block_initial_space=1048576, rsv=0, magic=5aa5bccd
CANN Version: 8.0.RC3, TimeStamp: 20241026152044625
opType=compute_msg, DumpHead: AIV-10, CoreType=AIV, block dim=32, total_block_num=32, block_remain_len=1048448, block_initial_space=1048576, rsv=0, magic=5aa5bccd
CANN Version: 8.0.RC3, TimeStamp: 20241026152044625
opType=compute_msg, DumpHead: AIV-11, CoreType=AIV, block dim=32, total_block_num=32, block_remain_len=1048448, block_initial_space=1048576, rsv=0, magic=5aa5bccd
CANN Version: 8.0.RC3, TimeStamp: 20241026152044625
opType=compute_msg, DumpHead: AIV-12, CoreType=AIV, block dim=32, total_block_num=32, block_remain_len=1048448, block_initial_space=1048576, rsv=0, magic=5aa5bccd
CANN Version: 8.0.RC3, TimeStamp: 20241026152044625
opType=compute_msg, DumpHead: AIV-13, CoreType=AIV, block dim=32, total_block_num=32, block_remain_len=1048448, block_initial_space=1048576, rsv=0, magic=5aa5bccd
CANN Version: 8.0.RC3, TimeStamp: 20241026152044625
opType=compute_msg, DumpHead: AIV-14, CoreType=AIV, block dim=32, total_block_num=32, block_remain_len=1048448, block_initial_space=1048576, rsv=0, magic=5aa5bccd
CANN Version: 8.0.RC3, TimeStamp: 20241026152044625
opType=compute_msg, DumpHead: AIV-15, CoreType=AIV, block dim=32, total_block_num=32, block_remain_len=1048448, block_initial_space=1048576, rsv=0, magic=5aa5bccd
CANN Version: 8.0.RC3, TimeStamp: 20241026152044625
opType=compute_msg, DumpHead: AIV-16, CoreType=AIV, block dim=32, total_block_num=32, block_remain_len=1048448, block_initial_space=1048576, rsv=0, magic=5aa5bccd
CANN Version: 8.0.RC3, TimeStamp: 20241026152044625
opType=compute_msg, DumpHead: AIV-17, CoreType=AIV, block dim=32, total_block_num=32, block_remain_len=1048448, block_initial_space=1048576, rsv=0, magic=5aa5bccd
CANN Version: 8.0.RC3, TimeStamp: 20241026152044625
opType=compute_msg, DumpHead: AIV-18, CoreType=AIV, block dim=32, total_block_num=32, block_remain_len=1048448, block_initial_space=1048576, rsv=0, magic=5aa5bccd
CANN Version: 8.0.RC3, TimeStamp: 20241026152044625
opType=compute_msg, DumpHead: AIV-19, CoreType=AIV, block dim=32, total_block_num=32, block_remain_len=1048448, block_initial_space=1048576, rsv=0, magic=5aa5bccd
CANN Version: 8.0.RC3, TimeStamp: 20241026152044625
opType=compute_msg, DumpHead: AIV-20, CoreType=AIV, block dim=32, total_block_num=32, block_remain_len=1048448, block_initial_space=1048576, rsv=0, magic=5aa5bccd
CANN Version: 8.0.RC3, TimeStamp: 20241026152044625
opType=compute_msg, DumpHead: AIV-21, CoreType=AIV, block dim=32, total_block_num=32, block_remain_len=1048448, block_initial_space=1048576, rsv=0, magic=5aa5bccd
CANN Version: 8.0.RC3, TimeStamp: 20241026152044625
opType=compute_msg, DumpHead: AIV-22, CoreType=AIV, block dim=32, total_block_num=32, block_remain_len=1048448, block_initial_space=1048576, rsv=0, magic=5aa5bccd
CANN Version: 8.0.RC3, TimeStamp: 20241026152044625
opType=compute_msg, DumpHead: AIV-23, CoreType=AIV, block dim=32, total_block_num=32, block_remain_len=1048448, block_initial_space=1048576, rsv=0, magic=5aa5bccd
CANN Version: 8.0.RC3, TimeStamp: 20241026152044625
opType=compute_msg, DumpHead: AIV-24, CoreType=AIV, block dim=32, total_block_num=32, block_remain_len=1048448, block_initial_space=1048576, rsv=0, magic=5aa5bccd
CANN Version: 8.0.RC3, TimeStamp: 20241026152044625
opType=compute_msg, DumpHead: AIV-25, CoreType=AIV, block dim=32, total_block_num=32, block_remain_len=1048448, block_initial_space=1048576, rsv=0, magic=5aa5bccd
CANN Version: 8.0.RC3, TimeStamp: 20241026152044625
opType=compute_msg, DumpHead: AIV-26, CoreType=AIV, block dim=32, total_block_num=32, block_remain_len=1048448, block_initial_space=1048576, rsv=0, magic=5aa5bccd
CANN Version: 8.0.RC3, TimeStamp: 20241026152044625
opType=compute_msg, DumpHead: AIV-27, CoreType=AIV, block dim=32, total_block_num=32, block_remain_len=1048448, block_initial_space=1048576, rsv=0, magic=5aa5bccd
CANN Version: 8.0.RC3, TimeStamp: 20241026152044625
opType=compute_msg, DumpHead: AIV-28, CoreType=AIV, block dim=32, total_block_num=32, block_remain_len=1048448, block_initial_space=1048576, rsv=0, magic=5aa5bccd
CANN Version: 8.0.RC3, TimeStamp: 20241026152044625
opType=compute_msg, DumpHead: AIV-29, CoreType=AIV, block dim=32, total_block_num=32, block_remain_len=1048448, block_initial_space=1048576, rsv=0, magic=5aa5bccd
CANN Version: 8.0.RC3, TimeStamp: 20241026152044625
opType=compute_msg, DumpHead: AIV-30, CoreType=AIV, block dim=32, total_block_num=32, block_remain_len=1048448, block_initial_space=1048576, rsv=0, magic=5aa5bccd
CANN Version: 8.0.RC3, TimeStamp: 20241026152044625
opType=compute_msg, DumpHead: AIV-31, CoreType=AIV, block dim=32, total_block_num=32, block_remain_len=1048448, block_initial_space=1048576, rsv=0, magic=5aa5bccd
CANN Version: 8.0.RC3, TimeStamp: 20241026152044625
opType=aggregate_msg_split, DumpHead: AIV-0, CoreType=AIV, block dim=32, total_block_num=32, block_remain_len=1048408, block_initial_space=1048576, rsv=0, magic=5aa5bccd
CANN Version: 8.0.RC3, TimeStamp: 20241026152044625
Aggregate Message ...
opType=aggregate_msg_split, DumpHead: AIV-1, CoreType=AIV, block dim=32, total_block_num=32, block_remain_len=1048448, block_initial_space=1048576, rsv=0, magic=5aa5bccd
CANN Version: 8.0.RC3, TimeStamp: 20241026152044625
opType=aggregate_msg_split, DumpHead: AIV-2, CoreType=AIV, block dim=32, total_block_num=32, block_remain_len=1048448, block_initial_space=1048576, rsv=0, magic=5aa5bccd
CANN Version: 8.0.RC3, TimeStamp: 20241026152044625
opType=aggregate_msg_split, DumpHead: AIV-3, CoreType=AIV, block dim=32, total_block_num=32, block_remain_len=1048448, block_initial_space=1048576, rsv=0, magic=5aa5bccd
CANN Version: 8.0.RC3, TimeStamp: 20241026152044625
opType=aggregate_msg_split, DumpHead: AIV-4, CoreType=AIV, block dim=32, total_block_num=32, block_remain_len=1048448, block_initial_space=1048576, rsv=0, magic=5aa5bccd
CANN Version: 8.0.RC3, TimeStamp: 20241026152044625
opType=aggregate_msg_split, DumpHead: AIV-5, CoreType=AIV, block dim=32, total_block_num=32, block_remain_len=1048448, block_initial_space=1048576, rsv=0, magic=5aa5bccd
CANN Version: 8.0.RC3, TimeStamp: 20241026152044625
opType=aggregate_msg_split, DumpHead: AIV-6, CoreType=AIV, block dim=32, total_block_num=32, block_remain_len=1048448, block_initial_space=1048576, rsv=0, magic=5aa5bccd
CANN Version: 8.0.RC3, TimeStamp: 20241026152044625
opType=aggregate_msg_split, DumpHead: AIV-7, CoreType=AIV, block dim=32, total_block_num=32, block_remain_len=1048448, block_initial_space=1048576, rsv=0, magic=5aa5bccd
CANN Version: 8.0.RC3, TimeStamp: 20241026152044625
opType=aggregate_msg_split, DumpHead: AIV-8, CoreType=AIV, block dim=32, total_block_num=32, block_remain_len=1048448, block_initial_space=1048576, rsv=0, magic=5aa5bccd
CANN Version: 8.0.RC3, TimeStamp: 20241026152044625
opType=aggregate_msg_split, DumpHead: AIV-9, CoreType=AIV, block dim=32, total_block_num=32, block_remain_len=1048448, block_initial_space=1048576, rsv=0, magic=5aa5bccd
CANN Version: 8.0.RC3, TimeStamp: 20241026152044625
opType=aggregate_msg_split, DumpHead: AIV-10, CoreType=AIV, block dim=32, total_block_num=32, block_remain_len=1048448, block_initial_space=1048576, rsv=0, magic=5aa5bccd
CANN Version: 8.0.RC3, TimeStamp: 20241026152044625
opType=aggregate_msg_split, DumpHead: AIV-11, CoreType=AIV, block dim=32, total_block_num=32, block_remain_len=1048448, block_initial_space=1048576, rsv=0, magic=5aa5bccd
CANN Version: 8.0.RC3, TimeStamp: 20241026152044625
opType=aggregate_msg_split, DumpHead: AIV-12, CoreType=AIV, block dim=32, total_block_num=32, block_remain_len=1048448, block_initial_space=1048576, rsv=0, magic=5aa5bccd
CANN Version: 8.0.RC3, TimeStamp: 20241026152044625
opType=aggregate_msg_split, DumpHead: AIV-13, CoreType=AIV, block dim=32, total_block_num=32, block_remain_len=1048448, block_initial_space=1048576, rsv=0, magic=5aa5bccd
CANN Version: 8.0.RC3, TimeStamp: 20241026152044625
opType=aggregate_msg_split, DumpHead: AIV-14, CoreType=AIV, block dim=32, total_block_num=32, block_remain_len=1048448, block_initial_space=1048576, rsv=0, magic=5aa5bccd
CANN Version: 8.0.RC3, TimeStamp: 20241026152044625
opType=aggregate_msg_split, DumpHead: AIV-15, CoreType=AIV, block dim=32, total_block_num=32, block_remain_len=1048448, block_initial_space=1048576, rsv=0, magic=5aa5bccd
CANN Version: 8.0.RC3, TimeStamp: 20241026152044625
opType=aggregate_msg_split, DumpHead: AIV-16, CoreType=AIV, block dim=32, total_block_num=32, block_remain_len=1048448, block_initial_space=1048576, rsv=0, magic=5aa5bccd
CANN Version: 8.0.RC3, TimeStamp: 20241026152044625
opType=aggregate_msg_split, DumpHead: AIV-17, CoreType=AIV, block dim=32, total_block_num=32, block_remain_len=1048448, block_initial_space=1048576, rsv=0, magic=5aa5bccd
CANN Version: 8.0.RC3, TimeStamp: 20241026152044625
opType=aggregate_msg_split, DumpHead: AIV-18, CoreType=AIV, block dim=32, total_block_num=32, block_remain_len=1048448, block_initial_space=1048576, rsv=0, magic=5aa5bccd
CANN Version: 8.0.RC3, TimeStamp: 20241026152044625
opType=aggregate_msg_split, DumpHead: AIV-19, CoreType=AIV, block dim=32, total_block_num=32, block_remain_len=1048448, block_initial_space=1048576, rsv=0, magic=5aa5bccd
CANN Version: 8.0.RC3, TimeStamp: 20241026152044625
opType=aggregate_msg_split, DumpHead: AIV-20, CoreType=AIV, block dim=32, total_block_num=32, block_remain_len=1048448, block_initial_space=1048576, rsv=0, magic=5aa5bccd
CANN Version: 8.0.RC3, TimeStamp: 20241026152044625
opType=aggregate_msg_split, DumpHead: AIV-21, CoreType=AIV, block dim=32, total_block_num=32, block_remain_len=1048448, block_initial_space=1048576, rsv=0, magic=5aa5bccd
CANN Version: 8.0.RC3, TimeStamp: 20241026152044625
opType=aggregate_msg_split, DumpHead: AIV-22, CoreType=AIV, block dim=32, total_block_num=32, block_remain_len=1048448, block_initial_space=1048576, rsv=0, magic=5aa5bccd
CANN Version: 8.0.RC3, TimeStamp: 20241026152044625
opType=aggregate_msg_split, DumpHead: AIV-23, CoreType=AIV, block dim=32, total_block_num=32, block_remain_len=1048448, block_initial_space=1048576, rsv=0, magic=5aa5bccd
CANN Version: 8.0.RC3, TimeStamp: 20241026152044625
opType=aggregate_msg_split, DumpHead: AIV-24, CoreType=AIV, block dim=32, total_block_num=32, block_remain_len=1048448, block_initial_space=1048576, rsv=0, magic=5aa5bccd
CANN Version: 8.0.RC3, TimeStamp: 20241026152044625
opType=aggregate_msg_split, DumpHead: AIV-25, CoreType=AIV, block dim=32, total_block_num=32, block_remain_len=1048448, block_initial_space=1048576, rsv=0, magic=5aa5bccd
CANN Version: 8.0.RC3, TimeStamp: 20241026152044625
opType=aggregate_msg_split, DumpHead: AIV-26, CoreType=AIV, block dim=32, total_block_num=32, block_remain_len=1048448, block_initial_space=1048576, rsv=0, magic=5aa5bccd
CANN Version: 8.0.RC3, TimeStamp: 20241026152044625
opType=aggregate_msg_split, DumpHead: AIV-27, CoreType=AIV, block dim=32, total_block_num=32, block_remain_len=1048448, block_initial_space=1048576, rsv=0, magic=5aa5bccd
CANN Version: 8.0.RC3, TimeStamp: 20241026152044625
opType=aggregate_msg_split, DumpHead: AIV-28, CoreType=AIV, block dim=32, total_block_num=32, block_remain_len=1048448, block_initial_space=1048576, rsv=0, magic=5aa5bccd
CANN Version: 8.0.RC3, TimeStamp: 20241026152044625
opType=aggregate_msg_split, DumpHead: AIV-29, CoreType=AIV, block dim=32, total_block_num=32, block_remain_len=1048448, block_initial_space=1048576, rsv=0, magic=5aa5bccd
CANN Version: 8.0.RC3, TimeStamp: 20241026152044625
opType=aggregate_msg_split, DumpHead: AIV-30, CoreType=AIV, block dim=32, total_block_num=32, block_remain_len=1048448, block_initial_space=1048576, rsv=0, magic=5aa5bccd
CANN Version: 8.0.RC3, TimeStamp: 20241026152044625
opType=aggregate_msg_split, DumpHead: AIV-31, CoreType=AIV, block dim=32, total_block_num=32, block_remain_len=1048448, block_initial_space=1048576, rsv=0, magic=5aa5bccd
CANN Version: 8.0.RC3, TimeStamp: 20241026152044625
opType=aggregate_msg_split, DumpHead: AIV-0, CoreType=AIV, block dim=32, total_block_num=32, block_remain_len=1048408, block_initial_space=1048576, rsv=0, magic=5aa5bccd
CANN Version: 8.0.RC3, TimeStamp: 20241026152044625
Aggregate Message ...
opType=aggregate_msg_split, DumpHead: AIV-1, CoreType=AIV, block dim=32, total_block_num=32, block_remain_len=1048448, block_initial_space=1048576, rsv=0, magic=5aa5bccd
CANN Version: 8.0.RC3, TimeStamp: 20241026152044625
opType=aggregate_msg_split, DumpHead: AIV-2, CoreType=AIV, block dim=32, total_block_num=32, block_remain_len=1048448, block_initial_space=1048576, rsv=0, magic=5aa5bccd
CANN Version: 8.0.RC3, TimeStamp: 20241026152044625
opType=aggregate_msg_split, DumpHead: AIV-3, CoreType=AIV, block dim=32, total_block_num=32, block_remain_len=1048448, block_initial_space=1048576, rsv=0, magic=5aa5bccd
CANN Version: 8.0.RC3, TimeStamp: 20241026152044625
opType=aggregate_msg_split, DumpHead: AIV-4, CoreType=AIV, block dim=32, total_block_num=32, block_remain_len=1048448, block_initial_space=1048576, rsv=0, magic=5aa5bccd
CANN Version: 8.0.RC3, TimeStamp: 20241026152044625
opType=aggregate_msg_split, DumpHead: AIV-5, CoreType=AIV, block dim=32, total_block_num=32, block_remain_len=1048448, block_initial_space=1048576, rsv=0, magic=5aa5bccd
CANN Version: 8.0.RC3, TimeStamp: 20241026152044625
opType=aggregate_msg_split, DumpHead: AIV-6, CoreType=AIV, block dim=32, total_block_num=32, block_remain_len=1048448, block_initial_space=1048576, rsv=0, magic=5aa5bccd
CANN Version: 8.0.RC3, TimeStamp: 20241026152044625
opType=aggregate_msg_split, DumpHead: AIV-7, CoreType=AIV, block dim=32, total_block_num=32, block_remain_len=1048448, block_initial_space=1048576, rsv=0, magic=5aa5bccd
CANN Version: 8.0.RC3, TimeStamp: 20241026152044625
opType=aggregate_msg_split, DumpHead: AIV-8, CoreType=AIV, block dim=32, total_block_num=32, block_remain_len=1048448, block_initial_space=1048576, rsv=0, magic=5aa5bccd
CANN Version: 8.0.RC3, TimeStamp: 20241026152044625
opType=aggregate_msg_split, DumpHead: AIV-9, CoreType=AIV, block dim=32, total_block_num=32, block_remain_len=1048448, block_initial_space=1048576, rsv=0, magic=5aa5bccd
CANN Version: 8.0.RC3, TimeStamp: 20241026152044625
opType=aggregate_msg_split, DumpHead: AIV-10, CoreType=AIV, block dim=32, total_block_num=32, block_remain_len=1048448, block_initial_space=1048576, rsv=0, magic=5aa5bccd
CANN Version: 8.0.RC3, TimeStamp: 20241026152044625
opType=aggregate_msg_split, DumpHead: AIV-11, CoreType=AIV, block dim=32, total_block_num=32, block_remain_len=1048448, block_initial_space=1048576, rsv=0, magic=5aa5bccd
CANN Version: 8.0.RC3, TimeStamp: 20241026152044625
opType=aggregate_msg_split, DumpHead: AIV-12, CoreType=AIV, block dim=32, total_block_num=32, block_remain_len=1048448, block_initial_space=1048576, rsv=0, magic=5aa5bccd
CANN Version: 8.0.RC3, TimeStamp: 20241026152044625
opType=aggregate_msg_split, DumpHead: AIV-13, CoreType=AIV, block dim=32, total_block_num=32, block_remain_len=1048448, block_initial_space=1048576, rsv=0, magic=5aa5bccd
CANN Version: 8.0.RC3, TimeStamp: 20241026152044625
opType=aggregate_msg_split, DumpHead: AIV-14, CoreType=AIV, block dim=32, total_block_num=32, block_remain_len=1048448, block_initial_space=1048576, rsv=0, magic=5aa5bccd
CANN Version: 8.0.RC3, TimeStamp: 20241026152044625
opType=aggregate_msg_split, DumpHead: AIV-15, CoreType=AIV, block dim=32, total_block_num=32, block_remain_len=1048448, block_initial_space=1048576, rsv=0, magic=5aa5bccd
CANN Version: 8.0.RC3, TimeStamp: 20241026152044625
opType=aggregate_msg_split, DumpHead: AIV-16, CoreType=AIV, block dim=32, total_block_num=32, block_remain_len=1048448, block_initial_space=1048576, rsv=0, magic=5aa5bccd
CANN Version: 8.0.RC3, TimeStamp: 20241026152044625
opType=aggregate_msg_split, DumpHead: AIV-17, CoreType=AIV, block dim=32, total_block_num=32, block_remain_len=1048448, block_initial_space=1048576, rsv=0, magic=5aa5bccd
CANN Version: 8.0.RC3, TimeStamp: 20241026152044625
opType=aggregate_msg_split, DumpHead: AIV-18, CoreType=AIV, block dim=32, total_block_num=32, block_remain_len=1048448, block_initial_space=1048576, rsv=0, magic=5aa5bccd
CANN Version: 8.0.RC3, TimeStamp: 20241026152044625
opType=aggregate_msg_split, DumpHead: AIV-19, CoreType=AIV, block dim=32, total_block_num=32, block_remain_len=1048448, block_initial_space=1048576, rsv=0, magic=5aa5bccd
CANN Version: 8.0.RC3, TimeStamp: 20241026152044625
opType=aggregate_msg_split, DumpHead: AIV-20, CoreType=AIV, block dim=32, total_block_num=32, block_remain_len=1048448, block_initial_space=1048576, rsv=0, magic=5aa5bccd
CANN Version: 8.0.RC3, TimeStamp: 20241026152044625
opType=aggregate_msg_split, DumpHead: AIV-21, CoreType=AIV, block dim=32, total_block_num=32, block_remain_len=1048448, block_initial_space=1048576, rsv=0, magic=5aa5bccd
CANN Version: 8.0.RC3, TimeStamp: 20241026152044625
opType=aggregate_msg_split, DumpHead: AIV-22, CoreType=AIV, block dim=32, total_block_num=32, block_remain_len=1048448, block_initial_space=1048576, rsv=0, magic=5aa5bccd
CANN Version: 8.0.RC3, TimeStamp: 20241026152044625
opType=aggregate_msg_split, DumpHead: AIV-23, CoreType=AIV, block dim=32, total_block_num=32, block_remain_len=1048448, block_initial_space=1048576, rsv=0, magic=5aa5bccd
CANN Version: 8.0.RC3, TimeStamp: 20241026152044625
opType=aggregate_msg_split, DumpHead: AIV-24, CoreType=AIV, block dim=32, total_block_num=32, block_remain_len=1048448, block_initial_space=1048576, rsv=0, magic=5aa5bccd
CANN Version: 8.0.RC3, TimeStamp: 20241026152044625
opType=aggregate_msg_split, DumpHead: AIV-25, CoreType=AIV, block dim=32, total_block_num=32, block_remain_len=1048448, block_initial_space=1048576, rsv=0, magic=5aa5bccd
CANN Version: 8.0.RC3, TimeStamp: 20241026152044625
opType=aggregate_msg_split, DumpHead: AIV-26, CoreType=AIV, block dim=32, total_block_num=32, block_remain_len=1048448, block_initial_space=1048576, rsv=0, magic=5aa5bccd
CANN Version: 8.0.RC3, TimeStamp: 20241026152044625
opType=aggregate_msg_split, DumpHead: AIV-27, CoreType=AIV, block dim=32, total_block_num=32, block_remain_len=1048448, block_initial_space=1048576, rsv=0, magic=5aa5bccd
CANN Version: 8.0.RC3, TimeStamp: 20241026152044625
opType=aggregate_msg_split, DumpHead: AIV-28, CoreType=AIV, block dim=32, total_block_num=32, block_remain_len=1048448, block_initial_space=1048576, rsv=0, magic=5aa5bccd
CANN Version: 8.0.RC3, TimeStamp: 20241026152044625
opType=aggregate_msg_split, DumpHead: AIV-29, CoreType=AIV, block dim=32, total_block_num=32, block_remain_len=1048448, block_initial_space=1048576, rsv=0, magic=5aa5bccd
CANN Version: 8.0.RC3, TimeStamp: 20241026152044625
opType=aggregate_msg_split, DumpHead: AIV-30, CoreType=AIV, block dim=32, total_block_num=32, block_remain_len=1048448, block_initial_space=1048576, rsv=0, magic=5aa5bccd
CANN Version: 8.0.RC3, TimeStamp: 20241026152044625
opType=aggregate_msg_split, DumpHead: AIV-31, CoreType=AIV, block dim=32, total_block_num=32, block_remain_len=1048448, block_initial_space=1048576, rsv=0, magic=5aa5bccd
CANN Version: 8.0.RC3, TimeStamp: 20241026152044625
opType=aggregate_msg_split, DumpHead: AIV-0, CoreType=AIV, block dim=32, total_block_num=32, block_remain_len=1048408, block_initial_space=1048576, rsv=0, magic=5aa5bccd
CANN Version: 8.0.RC3, TimeStamp: 20241026152044625
Aggregate Message ...
opType=aggregate_msg_split, DumpHead: AIV-1, CoreType=AIV, block dim=32, total_block_num=32, block_remain_len=1048448, block_initial_space=1048576, rsv=0, magic=5aa5bccd
CANN Version: 8.0.RC3, TimeStamp: 20241026152044625
opType=aggregate_msg_split, DumpHead: AIV-2, CoreType=AIV, block dim=32, total_block_num=32, block_remain_len=1048448, block_initial_space=1048576, rsv=0, magic=5aa5bccd
CANN Version: 8.0.RC3, TimeStamp: 20241026152044625
opType=aggregate_msg_split, DumpHead: AIV-3, CoreType=AIV, block dim=32, total_block_num=32, block_remain_len=1048448, block_initial_space=1048576, rsv=0, magic=5aa5bccd
CANN Version: 8.0.RC3, TimeStamp: 20241026152044625
opType=aggregate_msg_split, DumpHead: AIV-4, CoreType=AIV, block dim=32, total_block_num=32, block_remain_len=1048448, block_initial_space=1048576, rsv=0, magic=5aa5bccd
CANN Version: 8.0.RC3, TimeStamp: 20241026152044625
opType=aggregate_msg_split, DumpHead: AIV-5, CoreType=AIV, block dim=32, total_block_num=32, block_remain_len=1048448, block_initial_space=1048576, rsv=0, magic=5aa5bccd
CANN Version: 8.0.RC3, TimeStamp: 20241026152044625
opType=aggregate_msg_split, DumpHead: AIV-6, CoreType=AIV, block dim=32, total_block_num=32, block_remain_len=1048448, block_initial_space=1048576, rsv=0, magic=5aa5bccd
CANN Version: 8.0.RC3, TimeStamp: 20241026152044625
opType=aggregate_msg_split, DumpHead: AIV-7, CoreType=AIV, block dim=32, total_block_num=32, block_remain_len=1048448, block_initial_space=1048576, rsv=0, magic=5aa5bccd
CANN Version: 8.0.RC3, TimeStamp: 20241026152044625
opType=aggregate_msg_split, DumpHead: AIV-8, CoreType=AIV, block dim=32, total_block_num=32, block_remain_len=1048448, block_initial_space=1048576, rsv=0, magic=5aa5bccd
CANN Version: 8.0.RC3, TimeStamp: 20241026152044625
opType=aggregate_msg_split, DumpHead: AIV-9, CoreType=AIV, block dim=32, total_block_num=32, block_remain_len=1048448, block_initial_space=1048576, rsv=0, magic=5aa5bccd
CANN Version: 8.0.RC3, TimeStamp: 20241026152044625
opType=aggregate_msg_split, DumpHead: AIV-10, CoreType=AIV, block dim=32, total_block_num=32, block_remain_len=1048448, block_initial_space=1048576, rsv=0, magic=5aa5bccd
CANN Version: 8.0.RC3, TimeStamp: 20241026152044625
opType=aggregate_msg_split, DumpHead: AIV-11, CoreType=AIV, block dim=32, total_block_num=32, block_remain_len=1048448, block_initial_space=1048576, rsv=0, magic=5aa5bccd
CANN Version: 8.0.RC3, TimeStamp: 20241026152044625
opType=aggregate_msg_split, DumpHead: AIV-12, CoreType=AIV, block dim=32, total_block_num=32, block_remain_len=1048448, block_initial_space=1048576, rsv=0, magic=5aa5bccd
CANN Version: 8.0.RC3, TimeStamp: 20241026152044625
opType=aggregate_msg_split, DumpHead: AIV-13, CoreType=AIV, block dim=32, total_block_num=32, block_remain_len=1048448, block_initial_space=1048576, rsv=0, magic=5aa5bccd
CANN Version: 8.0.RC3, TimeStamp: 20241026152044625
opType=aggregate_msg_split, DumpHead: AIV-14, CoreType=AIV, block dim=32, total_block_num=32, block_remain_len=1048448, block_initial_space=1048576, rsv=0, magic=5aa5bccd
CANN Version: 8.0.RC3, TimeStamp: 20241026152044625
opType=aggregate_msg_split, DumpHead: AIV-15, CoreType=AIV, block dim=32, total_block_num=32, block_remain_len=1048448, block_initial_space=1048576, rsv=0, magic=5aa5bccd
CANN Version: 8.0.RC3, TimeStamp: 20241026152044625
opType=aggregate_msg_split, DumpHead: AIV-16, CoreType=AIV, block dim=32, total_block_num=32, block_remain_len=1048448, block_initial_space=1048576, rsv=0, magic=5aa5bccd
CANN Version: 8.0.RC3, TimeStamp: 20241026152044625
opType=aggregate_msg_split, DumpHead: AIV-17, CoreType=AIV, block dim=32, total_block_num=32, block_remain_len=1048448, block_initial_space=1048576, rsv=0, magic=5aa5bccd
CANN Version: 8.0.RC3, TimeStamp: 20241026152044625
opType=aggregate_msg_split, DumpHead: AIV-18, CoreType=AIV, block dim=32, total_block_num=32, block_remain_len=1048448, block_initial_space=1048576, rsv=0, magic=5aa5bccd
CANN Version: 8.0.RC3, TimeStamp: 20241026152044625
opType=aggregate_msg_split, DumpHead: AIV-19, CoreType=AIV, block dim=32, total_block_num=32, block_remain_len=1048448, block_initial_space=1048576, rsv=0, magic=5aa5bccd
CANN Version: 8.0.RC3, TimeStamp: 20241026152044625
opType=aggregate_msg_split, DumpHead: AIV-20, CoreType=AIV, block dim=32, total_block_num=32, block_remain_len=1048448, block_initial_space=1048576, rsv=0, magic=5aa5bccd
CANN Version: 8.0.RC3, TimeStamp: 20241026152044625
opType=aggregate_msg_split, DumpHead: AIV-21, CoreType=AIV, block dim=32, total_block_num=32, block_remain_len=1048448, block_initial_space=1048576, rsv=0, magic=5aa5bccd
CANN Version: 8.0.RC3, TimeStamp: 20241026152044625
opType=aggregate_msg_split, DumpHead: AIV-22, CoreType=AIV, block dim=32, total_block_num=32, block_remain_len=1048448, block_initial_space=1048576, rsv=0, magic=5aa5bccd
CANN Version: 8.0.RC3, TimeStamp: 20241026152044625
opType=aggregate_msg_split, DumpHead: AIV-23, CoreType=AIV, block dim=32, total_block_num=32, block_remain_len=1048448, block_initial_space=1048576, rsv=0, magic=5aa5bccd
CANN Version: 8.0.RC3, TimeStamp: 20241026152044625
opType=aggregate_msg_split, DumpHead: AIV-24, CoreType=AIV, block dim=32, total_block_num=32, block_remain_len=1048448, block_initial_space=1048576, rsv=0, magic=5aa5bccd
CANN Version: 8.0.RC3, TimeStamp: 20241026152044625
opType=aggregate_msg_split, DumpHead: AIV-25, CoreType=AIV, block dim=32, total_block_num=32, block_remain_len=1048448, block_initial_space=1048576, rsv=0, magic=5aa5bccd
CANN Version: 8.0.RC3, TimeStamp: 20241026152044625
opType=aggregate_msg_split, DumpHead: AIV-26, CoreType=AIV, block dim=32, total_block_num=32, block_remain_len=1048448, block_initial_space=1048576, rsv=0, magic=5aa5bccd
CANN Version: 8.0.RC3, TimeStamp: 20241026152044625
opType=aggregate_msg_split, DumpHead: AIV-27, CoreType=AIV, block dim=32, total_block_num=32, block_remain_len=1048448, block_initial_space=1048576, rsv=0, magic=5aa5bccd
CANN Version: 8.0.RC3, TimeStamp: 20241026152044625
opType=aggregate_msg_split, DumpHead: AIV-28, CoreType=AIV, block dim=32, total_block_num=32, block_remain_len=1048448, block_initial_space=1048576, rsv=0, magic=5aa5bccd
CANN Version: 8.0.RC3, TimeStamp: 20241026152044625
opType=aggregate_msg_split, DumpHead: AIV-29, CoreType=AIV, block dim=32, total_block_num=32, block_remain_len=1048448, block_initial_space=1048576, rsv=0, magic=5aa5bccd
CANN Version: 8.0.RC3, TimeStamp: 20241026152044625
opType=aggregate_msg_split, DumpHead: AIV-30, CoreType=AIV, block dim=32, total_block_num=32, block_remain_len=1048448, block_initial_space=1048576, rsv=0, magic=5aa5bccd
CANN Version: 8.0.RC3, TimeStamp: 20241026152044625
opType=aggregate_msg_split, DumpHead: AIV-31, CoreType=AIV, block dim=32, total_block_num=32, block_remain_len=1048448, block_initial_space=1048576, rsv=0, magic=5aa5bccd
CANN Version: 8.0.RC3, TimeStamp: 20241026152044625
opType=aggregate_msg_split, DumpHead: AIV-0, CoreType=AIV, block dim=32, total_block_num=32, block_remain_len=1048408, block_initial_space=1048576, rsv=0, magic=5aa5bccd
CANN Version: 8.0.RC3, TimeStamp: 20241026152044625
Aggregate Message ...
opType=aggregate_msg_split, DumpHead: AIV-1, CoreType=AIV, block dim=32, total_block_num=32, block_remain_len=1048448, block_initial_space=1048576, rsv=0, magic=5aa5bccd
CANN Version: 8.0.RC3, TimeStamp: 20241026152044625
opType=aggregate_msg_split, DumpHead: AIV-2, CoreType=AIV, block dim=32, total_block_num=32, block_remain_len=1048448, block_initial_space=1048576, rsv=0, magic=5aa5bccd
CANN Version: 8.0.RC3, TimeStamp: 20241026152044625
opType=aggregate_msg_split, DumpHead: AIV-3, CoreType=AIV, block dim=32, total_block_num=32, block_remain_len=1048448, block_initial_space=1048576, rsv=0, magic=5aa5bccd
CANN Version: 8.0.RC3, TimeStamp: 20241026152044625
opType=aggregate_msg_split, DumpHead: AIV-4, CoreType=AIV, block dim=32, total_block_num=32, block_remain_len=1048448, block_initial_space=1048576, rsv=0, magic=5aa5bccd
CANN Version: 8.0.RC3, TimeStamp: 20241026152044625
opType=aggregate_msg_split, DumpHead: AIV-5, CoreType=AIV, block dim=32, total_block_num=32, block_remain_len=1048448, block_initial_space=1048576, rsv=0, magic=5aa5bccd
CANN Version: 8.0.RC3, TimeStamp: 20241026152044625
opType=aggregate_msg_split, DumpHead: AIV-6, CoreType=AIV, block dim=32, total_block_num=32, block_remain_len=1048448, block_initial_space=1048576, rsv=0, magic=5aa5bccd
CANN Version: 8.0.RC3, TimeStamp: 20241026152044625
opType=aggregate_msg_split, DumpHead: AIV-7, CoreType=AIV, block dim=32, total_block_num=32, block_remain_len=1048448, block_initial_space=1048576, rsv=0, magic=5aa5bccd
CANN Version: 8.0.RC3, TimeStamp: 20241026152044625
opType=aggregate_msg_split, DumpHead: AIV-8, CoreType=AIV, block dim=32, total_block_num=32, block_remain_len=1048448, block_initial_space=1048576, rsv=0, magic=5aa5bccd
CANN Version: 8.0.RC3, TimeStamp: 20241026152044625
opType=aggregate_msg_split, DumpHead: AIV-9, CoreType=AIV, block dim=32, total_block_num=32, block_remain_len=1048448, block_initial_space=1048576, rsv=0, magic=5aa5bccd
CANN Version: 8.0.RC3, TimeStamp: 20241026152044625
opType=aggregate_msg_split, DumpHead: AIV-10, CoreType=AIV, block dim=32, total_block_num=32, block_remain_len=1048448, block_initial_space=1048576, rsv=0, magic=5aa5bccd
CANN Version: 8.0.RC3, TimeStamp: 20241026152044625
opType=aggregate_msg_split, DumpHead: AIV-11, CoreType=AIV, block dim=32, total_block_num=32, block_remain_len=1048448, block_initial_space=1048576, rsv=0, magic=5aa5bccd
CANN Version: 8.0.RC3, TimeStamp: 20241026152044625
opType=aggregate_msg_split, DumpHead: AIV-12, CoreType=AIV, block dim=32, total_block_num=32, block_remain_len=1048448, block_initial_space=1048576, rsv=0, magic=5aa5bccd
CANN Version: 8.0.RC3, TimeStamp: 20241026152044625
opType=aggregate_msg_split, DumpHead: AIV-13, CoreType=AIV, block dim=32, total_block_num=32, block_remain_len=1048448, block_initial_space=1048576, rsv=0, magic=5aa5bccd
CANN Version: 8.0.RC3, TimeStamp: 20241026152044625
opType=aggregate_msg_split, DumpHead: AIV-14, CoreType=AIV, block dim=32, total_block_num=32, block_remain_len=1048448, block_initial_space=1048576, rsv=0, magic=5aa5bccd
CANN Version: 8.0.RC3, TimeStamp: 20241026152044625
opType=aggregate_msg_split, DumpHead: AIV-15, CoreType=AIV, block dim=32, total_block_num=32, block_remain_len=1048448, block_initial_space=1048576, rsv=0, magic=5aa5bccd
CANN Version: 8.0.RC3, TimeStamp: 20241026152044625
opType=aggregate_msg_split, DumpHead: AIV-16, CoreType=AIV, block dim=32, total_block_num=32, block_remain_len=1048448, block_initial_space=1048576, rsv=0, magic=5aa5bccd
CANN Version: 8.0.RC3, TimeStamp: 20241026152044625
opType=aggregate_msg_split, DumpHead: AIV-17, CoreType=AIV, block dim=32, total_block_num=32, block_remain_len=1048448, block_initial_space=1048576, rsv=0, magic=5aa5bccd
CANN Version: 8.0.RC3, TimeStamp: 20241026152044625
opType=aggregate_msg_split, DumpHead: AIV-18, CoreType=AIV, block dim=32, total_block_num=32, block_remain_len=1048448, block_initial_space=1048576, rsv=0, magic=5aa5bccd
CANN Version: 8.0.RC3, TimeStamp: 20241026152044625
opType=aggregate_msg_split, DumpHead: AIV-19, CoreType=AIV, block dim=32, total_block_num=32, block_remain_len=1048448, block_initial_space=1048576, rsv=0, magic=5aa5bccd
CANN Version: 8.0.RC3, TimeStamp: 20241026152044625
opType=aggregate_msg_split, DumpHead: AIV-20, CoreType=AIV, block dim=32, total_block_num=32, block_remain_len=1048448, block_initial_space=1048576, rsv=0, magic=5aa5bccd
CANN Version: 8.0.RC3, TimeStamp: 20241026152044625
opType=aggregate_msg_split, DumpHead: AIV-21, CoreType=AIV, block dim=32, total_block_num=32, block_remain_len=1048448, block_initial_space=1048576, rsv=0, magic=5aa5bccd
CANN Version: 8.0.RC3, TimeStamp: 20241026152044625
opType=aggregate_msg_split, DumpHead: AIV-22, CoreType=AIV, block dim=32, total_block_num=32, block_remain_len=1048448, block_initial_space=1048576, rsv=0, magic=5aa5bccd
CANN Version: 8.0.RC3, TimeStamp: 20241026152044625
opType=aggregate_msg_split, DumpHead: AIV-23, CoreType=AIV, block dim=32, total_block_num=32, block_remain_len=1048448, block_initial_space=1048576, rsv=0, magic=5aa5bccd
CANN Version: 8.0.RC3, TimeStamp: 20241026152044625
opType=aggregate_msg_split, DumpHead: AIV-24, CoreType=AIV, block dim=32, total_block_num=32, block_remain_len=1048448, block_initial_space=1048576, rsv=0, magic=5aa5bccd
CANN Version: 8.0.RC3, TimeStamp: 20241026152044625
opType=aggregate_msg_split, DumpHead: AIV-25, CoreType=AIV, block dim=32, total_block_num=32, block_remain_len=1048448, block_initial_space=1048576, rsv=0, magic=5aa5bccd
CANN Version: 8.0.RC3, TimeStamp: 20241026152044625
opType=aggregate_msg_split, DumpHead: AIV-26, CoreType=AIV, block dim=32, total_block_num=32, block_remain_len=1048448, block_initial_space=1048576, rsv=0, magic=5aa5bccd
CANN Version: 8.0.RC3, TimeStamp: 20241026152044625
opType=aggregate_msg_split, DumpHead: AIV-27, CoreType=AIV, block dim=32, total_block_num=32, block_remain_len=1048448, block_initial_space=1048576, rsv=0, magic=5aa5bccd
CANN Version: 8.0.RC3, TimeStamp: 20241026152044625
opType=aggregate_msg_split, DumpHead: AIV-28, CoreType=AIV, block dim=32, total_block_num=32, block_remain_len=1048448, block_initial_space=1048576, rsv=0, magic=5aa5bccd
CANN Version: 8.0.RC3, TimeStamp: 20241026152044625
opType=aggregate_msg_split, DumpHead: AIV-29, CoreType=AIV, block dim=32, total_block_num=32, block_remain_len=1048448, block_initial_space=1048576, rsv=0, magic=5aa5bccd
CANN Version: 8.0.RC3, TimeStamp: 20241026152044625
opType=aggregate_msg_split, DumpHead: AIV-30, CoreType=AIV, block dim=32, total_block_num=32, block_remain_len=1048448, block_initial_space=1048576, rsv=0, magic=5aa5bccd
CANN Version: 8.0.RC3, TimeStamp: 20241026152044625
opType=aggregate_msg_split, DumpHead: AIV-31, CoreType=AIV, block dim=32, total_block_num=32, block_remain_len=1048448, block_initial_space=1048576, rsv=0, magic=5aa5bccd
CANN Version: 8.0.RC3, TimeStamp: 20241026152044625
opType=reset_value, DumpHead: AIV-0, CoreType=AIV, block dim=32, total_block_num=32, block_remain_len=1048408, block_initial_space=1048576, rsv=0, magic=5aa5bccd
CANN Version: 8.0.RC3, TimeStamp: 20241026152044625
Reset Value ...
opType=reset_value, DumpHead: AIV-1, CoreType=AIV, block dim=32, total_block_num=32, block_remain_len=1048448, block_initial_space=1048576, rsv=0, magic=5aa5bccd
CANN Version: 8.0.RC3, TimeStamp: 20241026152044625
opType=reset_value, DumpHead: AIV-2, CoreType=AIV, block dim=32, total_block_num=32, block_remain_len=1048448, block_initial_space=1048576, rsv=0, magic=5aa5bccd
CANN Version: 8.0.RC3, TimeStamp: 20241026152044625
opType=reset_value, DumpHead: AIV-3, CoreType=AIV, block dim=32, total_block_num=32, block_remain_len=1048448, block_initial_space=1048576, rsv=0, magic=5aa5bccd
CANN Version: 8.0.RC3, TimeStamp: 20241026152044625
opType=reset_value, DumpHead: AIV-4, CoreType=AIV, block dim=32, total_block_num=32, block_remain_len=1048448, block_initial_space=1048576, rsv=0, magic=5aa5bccd
CANN Version: 8.0.RC3, TimeStamp: 20241026152044625
opType=reset_value, DumpHead: AIV-5, CoreType=AIV, block dim=32, total_block_num=32, block_remain_len=1048448, block_initial_space=1048576, rsv=0, magic=5aa5bccd
CANN Version: 8.0.RC3, TimeStamp: 20241026152044625
opType=reset_value, DumpHead: AIV-6, CoreType=AIV, block dim=32, total_block_num=32, block_remain_len=1048448, block_initial_space=1048576, rsv=0, magic=5aa5bccd
CANN Version: 8.0.RC3, TimeStamp: 20241026152044625
opType=reset_value, DumpHead: AIV-7, CoreType=AIV, block dim=32, total_block_num=32, block_remain_len=1048448, block_initial_space=1048576, rsv=0, magic=5aa5bccd
CANN Version: 8.0.RC3, TimeStamp: 20241026152044625
opType=reset_value, DumpHead: AIV-8, CoreType=AIV, block dim=32, total_block_num=32, block_remain_len=1048448, block_initial_space=1048576, rsv=0, magic=5aa5bccd
CANN Version: 8.0.RC3, TimeStamp: 20241026152044625
opType=reset_value, DumpHead: AIV-9, CoreType=AIV, block dim=32, total_block_num=32, block_remain_len=1048448, block_initial_space=1048576, rsv=0, magic=5aa5bccd
CANN Version: 8.0.RC3, TimeStamp: 20241026152044625
opType=reset_value, DumpHead: AIV-10, CoreType=AIV, block dim=32, total_block_num=32, block_remain_len=1048448, block_initial_space=1048576, rsv=0, magic=5aa5bccd
CANN Version: 8.0.RC3, TimeStamp: 20241026152044625
opType=reset_value, DumpHead: AIV-11, CoreType=AIV, block dim=32, total_block_num=32, block_remain_len=1048448, block_initial_space=1048576, rsv=0, magic=5aa5bccd
CANN Version: 8.0.RC3, TimeStamp: 20241026152044625
opType=reset_value, DumpHead: AIV-12, CoreType=AIV, block dim=32, total_block_num=32, block_remain_len=1048448, block_initial_space=1048576, rsv=0, magic=5aa5bccd
CANN Version: 8.0.RC3, TimeStamp: 20241026152044625
opType=reset_value, DumpHead: AIV-13, CoreType=AIV, block dim=32, total_block_num=32, block_remain_len=1048448, block_initial_space=1048576, rsv=0, magic=5aa5bccd
CANN Version: 8.0.RC3, TimeStamp: 20241026152044625
opType=reset_value, DumpHead: AIV-14, CoreType=AIV, block dim=32, total_block_num=32, block_remain_len=1048448, block_initial_space=1048576, rsv=0, magic=5aa5bccd
CANN Version: 8.0.RC3, TimeStamp: 20241026152044625
opType=reset_value, DumpHead: AIV-15, CoreType=AIV, block dim=32, total_block_num=32, block_remain_len=1048448, block_initial_space=1048576, rsv=0, magic=5aa5bccd
CANN Version: 8.0.RC3, TimeStamp: 20241026152044625
opType=reset_value, DumpHead: AIV-16, CoreType=AIV, block dim=32, total_block_num=32, block_remain_len=1048448, block_initial_space=1048576, rsv=0, magic=5aa5bccd
CANN Version: 8.0.RC3, TimeStamp: 20241026152044625
opType=reset_value, DumpHead: AIV-17, CoreType=AIV, block dim=32, total_block_num=32, block_remain_len=1048448, block_initial_space=1048576, rsv=0, magic=5aa5bccd
CANN Version: 8.0.RC3, TimeStamp: 20241026152044625
opType=reset_value, DumpHead: AIV-18, CoreType=AIV, block dim=32, total_block_num=32, block_remain_len=1048448, block_initial_space=1048576, rsv=0, magic=5aa5bccd
CANN Version: 8.0.RC3, TimeStamp: 20241026152044625
opType=reset_value, DumpHead: AIV-19, CoreType=AIV, block dim=32, total_block_num=32, block_remain_len=1048448, block_initial_space=1048576, rsv=0, magic=5aa5bccd
CANN Version: 8.0.RC3, TimeStamp: 20241026152044625
opType=reset_value, DumpHead: AIV-20, CoreType=AIV, block dim=32, total_block_num=32, block_remain_len=1048448, block_initial_space=1048576, rsv=0, magic=5aa5bccd
CANN Version: 8.0.RC3, TimeStamp: 20241026152044625
opType=reset_value, DumpHead: AIV-21, CoreType=AIV, block dim=32, total_block_num=32, block_remain_len=1048448, block_initial_space=1048576, rsv=0, magic=5aa5bccd
CANN Version: 8.0.RC3, TimeStamp: 20241026152044625
opType=reset_value, DumpHead: AIV-22, CoreType=AIV, block dim=32, total_block_num=32, block_remain_len=1048448, block_initial_space=1048576, rsv=0, magic=5aa5bccd
CANN Version: 8.0.RC3, TimeStamp: 20241026152044625
opType=reset_value, DumpHead: AIV-23, CoreType=AIV, block dim=32, total_block_num=32, block_remain_len=1048448, block_initial_space=1048576, rsv=0, magic=5aa5bccd
CANN Version: 8.0.RC3, TimeStamp: 20241026152044625
opType=reset_value, DumpHead: AIV-24, CoreType=AIV, block dim=32, total_block_num=32, block_remain_len=1048448, block_initial_space=1048576, rsv=0, magic=5aa5bccd
CANN Version: 8.0.RC3, TimeStamp: 20241026152044625
opType=reset_value, DumpHead: AIV-25, CoreType=AIV, block dim=32, total_block_num=32, block_remain_len=1048448, block_initial_space=1048576, rsv=0, magic=5aa5bccd
CANN Version: 8.0.RC3, TimeStamp: 20241026152044625
opType=reset_value, DumpHead: AIV-26, CoreType=AIV, block dim=32, total_block_num=32, block_remain_len=1048448, block_initial_space=1048576, rsv=0, magic=5aa5bccd
CANN Version: 8.0.RC3, TimeStamp: 20241026152044625
opType=reset_value, DumpHead: AIV-27, CoreType=AIV, block dim=32, total_block_num=32, block_remain_len=1048448, block_initial_space=1048576, rsv=0, magic=5aa5bccd
CANN Version: 8.0.RC3, TimeStamp: 20241026152044625
opType=reset_value, DumpHead: AIV-28, CoreType=AIV, block dim=32, total_block_num=32, block_remain_len=1048448, block_initial_space=1048576, rsv=0, magic=5aa5bccd
CANN Version: 8.0.RC3, TimeStamp: 20241026152044625
opType=reset_value, DumpHead: AIV-29, CoreType=AIV, block dim=32, total_block_num=32, block_remain_len=1048448, block_initial_space=1048576, rsv=0, magic=5aa5bccd
CANN Version: 8.0.RC3, TimeStamp: 20241026152044625
opType=reset_value, DumpHead: AIV-30, CoreType=AIV, block dim=32, total_block_num=32, block_remain_len=1048448, block_initial_space=1048576, rsv=0, magic=5aa5bccd
CANN Version: 8.0.RC3, TimeStamp: 20241026152044625
opType=reset_value, DumpHead: AIV-31, CoreType=AIV, block dim=32, total_block_num=32, block_remain_len=1048448, block_initial_space=1048576, rsv=0, magic=5aa5bccd
CANN Version: 8.0.RC3, TimeStamp: 20241026152044625
opType=reset_value, DumpHead: AIV-0, CoreType=AIV, block dim=32, total_block_num=32, block_remain_len=1048408, block_initial_space=1048576, rsv=0, magic=5aa5bccd
CANN Version: 8.0.RC3, TimeStamp: 20241026152044625
Reset Value ...
opType=reset_value, DumpHead: AIV-1, CoreType=AIV, block dim=32, total_block_num=32, block_remain_len=1048448, block_initial_space=1048576, rsv=0, magic=5aa5bccd
CANN Version: 8.0.RC3, TimeStamp: 20241026152044625
opType=reset_value, DumpHead: AIV-2, CoreType=AIV, block dim=32, total_block_num=32, block_remain_len=1048448, block_initial_space=1048576, rsv=0, magic=5aa5bccd
CANN Version: 8.0.RC3, TimeStamp: 20241026152044625
opType=reset_value, DumpHead: AIV-3, CoreType=AIV, block dim=32, total_block_num=32, block_remain_len=1048448, block_initial_space=1048576, rsv=0, magic=5aa5bccd
CANN Version: 8.0.RC3, TimeStamp: 20241026152044625
opType=reset_value, DumpHead: AIV-4, CoreType=AIV, block dim=32, total_block_num=32, block_remain_len=1048448, block_initial_space=1048576, rsv=0, magic=5aa5bccd
CANN Version: 8.0.RC3, TimeStamp: 20241026152044625
opType=reset_value, DumpHead: AIV-5, CoreType=AIV, block dim=32, total_block_num=32, block_remain_len=1048448, block_initial_space=1048576, rsv=0, magic=5aa5bccd
CANN Version: 8.0.RC3, TimeStamp: 20241026152044625
opType=reset_value, DumpHead: AIV-6, CoreType=AIV, block dim=32, total_block_num=32, block_remain_len=1048448, block_initial_space=1048576, rsv=0, magic=5aa5bccd
CANN Version: 8.0.RC3, TimeStamp: 20241026152044625
opType=reset_value, DumpHead: AIV-7, CoreType=AIV, block dim=32, total_block_num=32, block_remain_len=1048448, block_initial_space=1048576, rsv=0, magic=5aa5bccd
CANN Version: 8.0.RC3, TimeStamp: 20241026152044625
opType=reset_value, DumpHead: AIV-8, CoreType=AIV, block dim=32, total_block_num=32, block_remain_len=1048448, block_initial_space=1048576, rsv=0, magic=5aa5bccd
CANN Version: 8.0.RC3, TimeStamp: 20241026152044625
opType=reset_value, DumpHead: AIV-9, CoreType=AIV, block dim=32, total_block_num=32, block_remain_len=1048448, block_initial_space=1048576, rsv=0, magic=5aa5bccd
CANN Version: 8.0.RC3, TimeStamp: 20241026152044625
opType=reset_value, DumpHead: AIV-10, CoreType=AIV, block dim=32, total_block_num=32, block_remain_len=1048448, block_initial_space=1048576, rsv=0, magic=5aa5bccd
CANN Version: 8.0.RC3, TimeStamp: 20241026152044625
opType=reset_value, DumpHead: AIV-11, CoreType=AIV, block dim=32, total_block_num=32, block_remain_len=1048448, block_initial_space=1048576, rsv=0, magic=5aa5bccd
CANN Version: 8.0.RC3, TimeStamp: 20241026152044625
opType=reset_value, DumpHead: AIV-12, CoreType=AIV, block dim=32, total_block_num=32, block_remain_len=1048448, block_initial_space=1048576, rsv=0, magic=5aa5bccd
CANN Version: 8.0.RC3, TimeStamp: 20241026152044625
opType=reset_value, DumpHead: AIV-13, CoreType=AIV, block dim=32, total_block_num=32, block_remain_len=1048448, block_initial_space=1048576, rsv=0, magic=5aa5bccd
CANN Version: 8.0.RC3, TimeStamp: 20241026152044625
opType=reset_value, DumpHead: AIV-14, CoreType=AIV, block dim=32, total_block_num=32, block_remain_len=1048448, block_initial_space=1048576, rsv=0, magic=5aa5bccd
CANN Version: 8.0.RC3, TimeStamp: 20241026152044625
opType=reset_value, DumpHead: AIV-15, CoreType=AIV, block dim=32, total_block_num=32, block_remain_len=1048448, block_initial_space=1048576, rsv=0, magic=5aa5bccd
CANN Version: 8.0.RC3, TimeStamp: 20241026152044625
opType=reset_value, DumpHead: AIV-16, CoreType=AIV, block dim=32, total_block_num=32, block_remain_len=1048448, block_initial_space=1048576, rsv=0, magic=5aa5bccd
CANN Version: 8.0.RC3, TimeStamp: 20241026152044625
opType=reset_value, DumpHead: AIV-17, CoreType=AIV, block dim=32, total_block_num=32, block_remain_len=1048448, block_initial_space=1048576, rsv=0, magic=5aa5bccd
CANN Version: 8.0.RC3, TimeStamp: 20241026152044625
opType=reset_value, DumpHead: AIV-18, CoreType=AIV, block dim=32, total_block_num=32, block_remain_len=1048448, block_initial_space=1048576, rsv=0, magic=5aa5bccd
CANN Version: 8.0.RC3, TimeStamp: 20241026152044625
opType=reset_value, DumpHead: AIV-19, CoreType=AIV, block dim=32, total_block_num=32, block_remain_len=1048448, block_initial_space=1048576, rsv=0, magic=5aa5bccd
CANN Version: 8.0.RC3, TimeStamp: 20241026152044625
opType=reset_value, DumpHead: AIV-20, CoreType=AIV, block dim=32, total_block_num=32, block_remain_len=1048448, block_initial_space=1048576, rsv=0, magic=5aa5bccd
CANN Version: 8.0.RC3, TimeStamp: 20241026152044625
opType=reset_value, DumpHead: AIV-21, CoreType=AIV, block dim=32, total_block_num=32, block_remain_len=1048448, block_initial_space=1048576, rsv=0, magic=5aa5bccd
CANN Version: 8.0.RC3, TimeStamp: 20241026152044625
opType=reset_value, DumpHead: AIV-22, CoreType=AIV, block dim=32, total_block_num=32, block_remain_len=1048448, block_initial_space=1048576, rsv=0, magic=5aa5bccd
CANN Version: 8.0.RC3, TimeStamp: 20241026152044625
opType=reset_value, DumpHead: AIV-23, CoreType=AIV, block dim=32, total_block_num=32, block_remain_len=1048448, block_initial_space=1048576, rsv=0, magic=5aa5bccd
CANN Version: 8.0.RC3, TimeStamp: 20241026152044625
opType=reset_value, DumpHead: AIV-24, CoreType=AIV, block dim=32, total_block_num=32, block_remain_len=1048448, block_initial_space=1048576, rsv=0, magic=5aa5bccd
CANN Version: 8.0.RC3, TimeStamp: 20241026152044625
opType=reset_value, DumpHead: AIV-25, CoreType=AIV, block dim=32, total_block_num=32, block_remain_len=1048448, block_initial_space=1048576, rsv=0, magic=5aa5bccd
CANN Version: 8.0.RC3, TimeStamp: 20241026152044625
opType=reset_value, DumpHead: AIV-26, CoreType=AIV, block dim=32, total_block_num=32, block_remain_len=1048448, block_initial_space=1048576, rsv=0, magic=5aa5bccd
CANN Version: 8.0.RC3, TimeStamp: 20241026152044625
opType=reset_value, DumpHead: AIV-27, CoreType=AIV, block dim=32, total_block_num=32, block_remain_len=1048448, block_initial_space=1048576, rsv=0, magic=5aa5bccd
CANN Version: 8.0.RC3, TimeStamp: 20241026152044625
opType=reset_value, DumpHead: AIV-28, CoreType=AIV, block dim=32, total_block_num=32, block_remain_len=1048448, block_initial_space=1048576, rsv=0, magic=5aa5bccd
CANN Version: 8.0.RC3, TimeStamp: 20241026152044625
opType=reset_value, DumpHead: AIV-29, CoreType=AIV, block dim=32, total_block_num=32, block_remain_len=1048448, block_initial_space=1048576, rsv=0, magic=5aa5bccd
CANN Version: 8.0.RC3, TimeStamp: 20241026152044625
opType=reset_value, DumpHead: AIV-30, CoreType=AIV, block dim=32, total_block_num=32, block_remain_len=1048448, block_initial_space=1048576, rsv=0, magic=5aa5bccd
CANN Version: 8.0.RC3, TimeStamp: 20241026152044625
opType=reset_value, DumpHead: AIV-31, CoreType=AIV, block dim=32, total_block_num=32, block_remain_len=1048448, block_initial_space=1048576, rsv=0, magic=5aa5bccd
CANN Version: 8.0.RC3, TimeStamp: 20241026152044625
opType=reset_value, DumpHead: AIV-0, CoreType=AIV, block dim=32, total_block_num=32, block_remain_len=1048408, block_initial_space=1048576, rsv=0, magic=5aa5bccd
CANN Version: 8.0.RC3, TimeStamp: 20241026152044625
Reset Value ...
opType=reset_value, DumpHead: AIV-1, CoreType=AIV, block dim=32, total_block_num=32, block_remain_len=1048448, block_initial_space=1048576, rsv=0, magic=5aa5bccd
CANN Version: 8.0.RC3, TimeStamp: 20241026152044625
opType=reset_value, DumpHead: AIV-2, CoreType=AIV, block dim=32, total_block_num=32, block_remain_len=1048448, block_initial_space=1048576, rsv=0, magic=5aa5bccd
CANN Version: 8.0.RC3, TimeStamp: 20241026152044625
opType=reset_value, DumpHead: AIV-3, CoreType=AIV, block dim=32, total_block_num=32, block_remain_len=1048448, block_initial_space=1048576, rsv=0, magic=5aa5bccd
CANN Version: 8.0.RC3, TimeStamp: 20241026152044625
opType=reset_value, DumpHead: AIV-4, CoreType=AIV, block dim=32, total_block_num=32, block_remain_len=1048448, block_initial_space=1048576, rsv=0, magic=5aa5bccd
CANN Version: 8.0.RC3, TimeStamp: 20241026152044625
opType=reset_value, DumpHead: AIV-5, CoreType=AIV, block dim=32, total_block_num=32, block_remain_len=1048448, block_initial_space=1048576, rsv=0, magic=5aa5bccd
CANN Version: 8.0.RC3, TimeStamp: 20241026152044625
opType=reset_value, DumpHead: AIV-6, CoreType=AIV, block dim=32, total_block_num=32, block_remain_len=1048448, block_initial_space=1048576, rsv=0, magic=5aa5bccd
CANN Version: 8.0.RC3, TimeStamp: 20241026152044625
opType=reset_value, DumpHead: AIV-7, CoreType=AIV, block dim=32, total_block_num=32, block_remain_len=1048448, block_initial_space=1048576, rsv=0, magic=5aa5bccd
CANN Version: 8.0.RC3, TimeStamp: 20241026152044625
opType=reset_value, DumpHead: AIV-8, CoreType=AIV, block dim=32, total_block_num=32, block_remain_len=1048448, block_initial_space=1048576, rsv=0, magic=5aa5bccd
CANN Version: 8.0.RC3, TimeStamp: 20241026152044625
opType=reset_value, DumpHead: AIV-9, CoreType=AIV, block dim=32, total_block_num=32, block_remain_len=1048448, block_initial_space=1048576, rsv=0, magic=5aa5bccd
CANN Version: 8.0.RC3, TimeStamp: 20241026152044625
opType=reset_value, DumpHead: AIV-10, CoreType=AIV, block dim=32, total_block_num=32, block_remain_len=1048448, block_initial_space=1048576, rsv=0, magic=5aa5bccd
CANN Version: 8.0.RC3, TimeStamp: 20241026152044625
opType=reset_value, DumpHead: AIV-11, CoreType=AIV, block dim=32, total_block_num=32, block_remain_len=1048448, block_initial_space=1048576, rsv=0, magic=5aa5bccd
CANN Version: 8.0.RC3, TimeStamp: 20241026152044625
opType=reset_value, DumpHead: AIV-12, CoreType=AIV, block dim=32, total_block_num=32, block_remain_len=1048448, block_initial_space=1048576, rsv=0, magic=5aa5bccd
CANN Version: 8.0.RC3, TimeStamp: 20241026152044625
opType=reset_value, DumpHead: AIV-13, CoreType=AIV, block dim=32, total_block_num=32, block_remain_len=1048448, block_initial_space=1048576, rsv=0, magic=5aa5bccd
CANN Version: 8.0.RC3, TimeStamp: 20241026152044625
opType=reset_value, DumpHead: AIV-14, CoreType=AIV, block dim=32, total_block_num=32, block_remain_len=1048448, block_initial_space=1048576, rsv=0, magic=5aa5bccd
CANN Version: 8.0.RC3, TimeStamp: 20241026152044625
opType=reset_value, DumpHead: AIV-15, CoreType=AIV, block dim=32, total_block_num=32, block_remain_len=1048448, block_initial_space=1048576, rsv=0, magic=5aa5bccd
CANN Version: 8.0.RC3, TimeStamp: 20241026152044625
opType=reset_value, DumpHead: AIV-16, CoreType=AIV, block dim=32, total_block_num=32, block_remain_len=1048448, block_initial_space=1048576, rsv=0, magic=5aa5bccd
CANN Version: 8.0.RC3, TimeStamp: 20241026152044625
opType=reset_value, DumpHead: AIV-17, CoreType=AIV, block dim=32, total_block_num=32, block_remain_len=1048448, block_initial_space=1048576, rsv=0, magic=5aa5bccd
CANN Version: 8.0.RC3, TimeStamp: 20241026152044625
opType=reset_value, DumpHead: AIV-18, CoreType=AIV, block dim=32, total_block_num=32, block_remain_len=1048448, block_initial_space=1048576, rsv=0, magic=5aa5bccd
CANN Version: 8.0.RC3, TimeStamp: 20241026152044625
opType=reset_value, DumpHead: AIV-19, CoreType=AIV, block dim=32, total_block_num=32, block_remain_len=1048448, block_initial_space=1048576, rsv=0, magic=5aa5bccd
CANN Version: 8.0.RC3, TimeStamp: 20241026152044625
opType=reset_value, DumpHead: AIV-20, CoreType=AIV, block dim=32, total_block_num=32, block_remain_len=1048448, block_initial_space=1048576, rsv=0, magic=5aa5bccd
CANN Version: 8.0.RC3, TimeStamp: 20241026152044625
opType=reset_value, DumpHead: AIV-21, CoreType=AIV, block dim=32, total_block_num=32, block_remain_len=1048448, block_initial_space=1048576, rsv=0, magic=5aa5bccd
CANN Version: 8.0.RC3, TimeStamp: 20241026152044625
opType=reset_value, DumpHead: AIV-22, CoreType=AIV, block dim=32, total_block_num=32, block_remain_len=1048448, block_initial_space=1048576, rsv=0, magic=5aa5bccd
CANN Version: 8.0.RC3, TimeStamp: 20241026152044625
opType=reset_value, DumpHead: AIV-23, CoreType=AIV, block dim=32, total_block_num=32, block_remain_len=1048448, block_initial_space=1048576, rsv=0, magic=5aa5bccd
CANN Version: 8.0.RC3, TimeStamp: 20241026152044625
opType=reset_value, DumpHead: AIV-24, CoreType=AIV, block dim=32, total_block_num=32, block_remain_len=1048448, block_initial_space=1048576, rsv=0, magic=5aa5bccd
CANN Version: 8.0.RC3, TimeStamp: 20241026152044625
opType=reset_value, DumpHead: AIV-25, CoreType=AIV, block dim=32, total_block_num=32, block_remain_len=1048448, block_initial_space=1048576, rsv=0, magic=5aa5bccd
CANN Version: 8.0.RC3, TimeStamp: 20241026152044625
opType=reset_value, DumpHead: AIV-26, CoreType=AIV, block dim=32, total_block_num=32, block_remain_len=1048448, block_initial_space=1048576, rsv=0, magic=5aa5bccd
CANN Version: 8.0.RC3, TimeStamp: 20241026152044625
opType=reset_value, DumpHead: AIV-27, CoreType=AIV, block dim=32, total_block_num=32, block_remain_len=1048448, block_initial_space=1048576, rsv=0, magic=5aa5bccd
CANN Version: 8.0.RC3, TimeStamp: 20241026152044625
opType=reset_value, DumpHead: AIV-28, CoreType=AIV, block dim=32, total_block_num=32, block_remain_len=1048448, block_initial_space=1048576, rsv=0, magic=5aa5bccd
CANN Version: 8.0.RC3, TimeStamp: 20241026152044625
opType=reset_value, DumpHead: AIV-29, CoreType=AIV, block dim=32, total_block_num=32, block_remain_len=1048448, block_initial_space=1048576, rsv=0, magic=5aa5bccd
CANN Version: 8.0.RC3, TimeStamp: 20241026152044625
opType=reset_value, DumpHead: AIV-30, CoreType=AIV, block dim=32, total_block_num=32, block_remain_len=1048448, block_initial_space=1048576, rsv=0, magic=5aa5bccd
CANN Version: 8.0.RC3, TimeStamp: 20241026152044625
opType=reset_value, DumpHead: AIV-31, CoreType=AIV, block dim=32, total_block_num=32, block_remain_len=1048448, block_initial_space=1048576, rsv=0, magic=5aa5bccd
CANN Version: 8.0.RC3, TimeStamp: 20241026152044625
opType=reset_value, DumpHead: AIV-0, CoreType=AIV, block dim=32, total_block_num=32, block_remain_len=1048408, block_initial_space=1048576, rsv=0, magic=5aa5bccd
CANN Version: 8.0.RC3, TimeStamp: 20241026152044625
Reset Value ...
opType=reset_value, DumpHead: AIV-1, CoreType=AIV, block dim=32, total_block_num=32, block_remain_len=1048448, block_initial_space=1048576, rsv=0, magic=5aa5bccd
CANN Version: 8.0.RC3, TimeStamp: 20241026152044625
opType=reset_value, DumpHead: AIV-2, CoreType=AIV, block dim=32, total_block_num=32, block_remain_len=1048448, block_initial_space=1048576, rsv=0, magic=5aa5bccd
CANN Version: 8.0.RC3, TimeStamp: 20241026152044625
opType=reset_value, DumpHead: AIV-3, CoreType=AIV, block dim=32, total_block_num=32, block_remain_len=1048448, block_initial_space=1048576, rsv=0, magic=5aa5bccd
CANN Version: 8.0.RC3, TimeStamp: 20241026152044625
opType=reset_value, DumpHead: AIV-4, CoreType=AIV, block dim=32, total_block_num=32, block_remain_len=1048448, block_initial_space=1048576, rsv=0, magic=5aa5bccd
CANN Version: 8.0.RC3, TimeStamp: 20241026152044625
opType=reset_value, DumpHead: AIV-5, CoreType=AIV, block dim=32, total_block_num=32, block_remain_len=1048448, block_initial_space=1048576, rsv=0, magic=5aa5bccd
CANN Version: 8.0.RC3, TimeStamp: 20241026152044625
opType=reset_value, DumpHead: AIV-6, CoreType=AIV, block dim=32, total_block_num=32, block_remain_len=1048448, block_initial_space=1048576, rsv=0, magic=5aa5bccd
CANN Version: 8.0.RC3, TimeStamp: 20241026152044625
opType=reset_value, DumpHead: AIV-7, CoreType=AIV, block dim=32, total_block_num=32, block_remain_len=1048448, block_initial_space=1048576, rsv=0, magic=5aa5bccd
CANN Version: 8.0.RC3, TimeStamp: 20241026152044625
opType=reset_value, DumpHead: AIV-8, CoreType=AIV, block dim=32, total_block_num=32, block_remain_len=1048448, block_initial_space=1048576, rsv=0, magic=5aa5bccd
CANN Version: 8.0.RC3, TimeStamp: 20241026152044625
opType=reset_value, DumpHead: AIV-9, CoreType=AIV, block dim=32, total_block_num=32, block_remain_len=1048448, block_initial_space=1048576, rsv=0, magic=5aa5bccd
CANN Version: 8.0.RC3, TimeStamp: 20241026152044625
opType=reset_value, DumpHead: AIV-10, CoreType=AIV, block dim=32, total_block_num=32, block_remain_len=1048448, block_initial_space=1048576, rsv=0, magic=5aa5bccd
CANN Version: 8.0.RC3, TimeStamp: 20241026152044625
opType=reset_value, DumpHead: AIV-11, CoreType=AIV, block dim=32, total_block_num=32, block_remain_len=1048448, block_initial_space=1048576, rsv=0, magic=5aa5bccd
CANN Version: 8.0.RC3, TimeStamp: 20241026152044625
opType=reset_value, DumpHead: AIV-12, CoreType=AIV, block dim=32, total_block_num=32, block_remain_len=1048448, block_initial_space=1048576, rsv=0, magic=5aa5bccd
CANN Version: 8.0.RC3, TimeStamp: 20241026152044625
opType=reset_value, DumpHead: AIV-13, CoreType=AIV, block dim=32, total_block_num=32, block_remain_len=1048448, block_initial_space=1048576, rsv=0, magic=5aa5bccd
CANN Version: 8.0.RC3, TimeStamp: 20241026152044625
opType=reset_value, DumpHead: AIV-14, CoreType=AIV, block dim=32, total_block_num=32, block_remain_len=1048448, block_initial_space=1048576, rsv=0, magic=5aa5bccd
CANN Version: 8.0.RC3, TimeStamp: 20241026152044625
opType=reset_value, DumpHead: AIV-15, CoreType=AIV, block dim=32, total_block_num=32, block_remain_len=1048448, block_initial_space=1048576, rsv=0, magic=5aa5bccd
CANN Version: 8.0.RC3, TimeStamp: 20241026152044625
opType=reset_value, DumpHead: AIV-16, CoreType=AIV, block dim=32, total_block_num=32, block_remain_len=1048448, block_initial_space=1048576, rsv=0, magic=5aa5bccd
CANN Version: 8.0.RC3, TimeStamp: 20241026152044625
opType=reset_value, DumpHead: AIV-17, CoreType=AIV, block dim=32, total_block_num=32, block_remain_len=1048448, block_initial_space=1048576, rsv=0, magic=5aa5bccd
CANN Version: 8.0.RC3, TimeStamp: 20241026152044625
opType=reset_value, DumpHead: AIV-18, CoreType=AIV, block dim=32, total_block_num=32, block_remain_len=1048448, block_initial_space=1048576, rsv=0, magic=5aa5bccd
CANN Version: 8.0.RC3, TimeStamp: 20241026152044625
opType=reset_value, DumpHead: AIV-19, CoreType=AIV, block dim=32, total_block_num=32, block_remain_len=1048448, block_initial_space=1048576, rsv=0, magic=5aa5bccd
CANN Version: 8.0.RC3, TimeStamp: 20241026152044625
opType=reset_value, DumpHead: AIV-20, CoreType=AIV, block dim=32, total_block_num=32, block_remain_len=1048448, block_initial_space=1048576, rsv=0, magic=5aa5bccd
CANN Version: 8.0.RC3, TimeStamp: 20241026152044625
opType=reset_value, DumpHead: AIV-21, CoreType=AIV, block dim=32, total_block_num=32, block_remain_len=1048448, block_initial_space=1048576, rsv=0, magic=5aa5bccd
CANN Version: 8.0.RC3, TimeStamp: 20241026152044625
opType=reset_value, DumpHead: AIV-22, CoreType=AIV, block dim=32, total_block_num=32, block_remain_len=1048448, block_initial_space=1048576, rsv=0, magic=5aa5bccd
CANN Version: 8.0.RC3, TimeStamp: 20241026152044625
opType=reset_value, DumpHead: AIV-23, CoreType=AIV, block dim=32, total_block_num=32, block_remain_len=1048448, block_initial_space=1048576, rsv=0, magic=5aa5bccd
CANN Version: 8.0.RC3, TimeStamp: 20241026152044625
opType=reset_value, DumpHead: AIV-24, CoreType=AIV, block dim=32, total_block_num=32, block_remain_len=1048448, block_initial_space=1048576, rsv=0, magic=5aa5bccd
CANN Version: 8.0.RC3, TimeStamp: 20241026152044625
opType=reset_value, DumpHead: AIV-25, CoreType=AIV, block dim=32, total_block_num=32, block_remain_len=1048448, block_initial_space=1048576, rsv=0, magic=5aa5bccd
CANN Version: 8.0.RC3, TimeStamp: 20241026152044625
opType=reset_value, DumpHead: AIV-26, CoreType=AIV, block dim=32, total_block_num=32, block_remain_len=1048448, block_initial_space=1048576, rsv=0, magic=5aa5bccd
CANN Version: 8.0.RC3, TimeStamp: 20241026152044625
opType=reset_value, DumpHead: AIV-27, CoreType=AIV, block dim=32, total_block_num=32, block_remain_len=1048448, block_initial_space=1048576, rsv=0, magic=5aa5bccd
CANN Version: 8.0.RC3, TimeStamp: 20241026152044625
opType=reset_value, DumpHead: AIV-28, CoreType=AIV, block dim=32, total_block_num=32, block_remain_len=1048448, block_initial_space=1048576, rsv=0, magic=5aa5bccd
CANN Version: 8.0.RC3, TimeStamp: 20241026152044625
opType=reset_value, DumpHead: AIV-29, CoreType=AIV, block dim=32, total_block_num=32, block_remain_len=1048448, block_initial_space=1048576, rsv=0, magic=5aa5bccd
CANN Version: 8.0.RC3, TimeStamp: 20241026152044625
opType=reset_value, DumpHead: AIV-30, CoreType=AIV, block dim=32, total_block_num=32, block_remain_len=1048448, block_initial_space=1048576, rsv=0, magic=5aa5bccd
CANN Version: 8.0.RC3, TimeStamp: 20241026152044625
opType=reset_value, DumpHead: AIV-31, CoreType=AIV, block dim=32, total_block_num=32, block_remain_len=1048448, block_initial_space=1048576, rsv=0, magic=5aa5bccd
CANN Version: 8.0.RC3, TimeStamp: 20241026152044625
opType=compute_msg, DumpHead: AIV-0, CoreType=AIV, block dim=32, total_block_num=32, block_remain_len=1048408, block_initial_space=1048576, rsv=0, magic=5aa5bccd
CANN Version: 8.0.RC3, TimeStamp: 20241026152044625
Compute Message ...
opType=compute_msg, DumpHead: AIV-1, CoreType=AIV, block dim=32, total_block_num=32, block_remain_len=1048448, block_initial_space=1048576, rsv=0, magic=5aa5bccd
CANN Version: 8.0.RC3, TimeStamp: 20241026152044625
opType=compute_msg, DumpHead: AIV-2, CoreType=AIV, block dim=32, total_block_num=32, block_remain_len=1048448, block_initial_space=1048576, rsv=0, magic=5aa5bccd
CANN Version: 8.0.RC3, TimeStamp: 20241026152044625
opType=compute_msg, DumpHead: AIV-3, CoreType=AIV, block dim=32, total_block_num=32, block_remain_len=1048448, block_initial_space=1048576, rsv=0, magic=5aa5bccd
CANN Version: 8.0.RC3, TimeStamp: 20241026152044625
opType=compute_msg, DumpHead: AIV-4, CoreType=AIV, block dim=32, total_block_num=32, block_remain_len=1048448, block_initial_space=1048576, rsv=0, magic=5aa5bccd
CANN Version: 8.0.RC3, TimeStamp: 20241026152044625
opType=compute_msg, DumpHead: AIV-5, CoreType=AIV, block dim=32, total_block_num=32, block_remain_len=1048448, block_initial_space=1048576, rsv=0, magic=5aa5bccd
CANN Version: 8.0.RC3, TimeStamp: 20241026152044625
opType=compute_msg, DumpHead: AIV-6, CoreType=AIV, block dim=32, total_block_num=32, block_remain_len=1048448, block_initial_space=1048576, rsv=0, magic=5aa5bccd
CANN Version: 8.0.RC3, TimeStamp: 20241026152044625
opType=compute_msg, DumpHead: AIV-7, CoreType=AIV, block dim=32, total_block_num=32, block_remain_len=1048448, block_initial_space=1048576, rsv=0, magic=5aa5bccd
CANN Version: 8.0.RC3, TimeStamp: 20241026152044625
opType=compute_msg, DumpHead: AIV-8, CoreType=AIV, block dim=32, total_block_num=32, block_remain_len=1048448, block_initial_space=1048576, rsv=0, magic=5aa5bccd
CANN Version: 8.0.RC3, TimeStamp: 20241026152044625
opType=compute_msg, DumpHead: AIV-9, CoreType=AIV, block dim=32, total_block_num=32, block_remain_len=1048448, block_initial_space=1048576, rsv=0, magic=5aa5bccd
CANN Version: 8.0.RC3, TimeStamp: 20241026152044625
opType=compute_msg, DumpHead: AIV-10, CoreType=AIV, block dim=32, total_block_num=32, block_remain_len=1048448, block_initial_space=1048576, rsv=0, magic=5aa5bccd
CANN Version: 8.0.RC3, TimeStamp: 20241026152044625
opType=compute_msg, DumpHead: AIV-11, CoreType=AIV, block dim=32, total_block_num=32, block_remain_len=1048448, block_initial_space=1048576, rsv=0, magic=5aa5bccd
CANN Version: 8.0.RC3, TimeStamp: 20241026152044625
opType=compute_msg, DumpHead: AIV-12, CoreType=AIV, block dim=32, total_block_num=32, block_remain_len=1048448, block_initial_space=1048576, rsv=0, magic=5aa5bccd
CANN Version: 8.0.RC3, TimeStamp: 20241026152044625
opType=compute_msg, DumpHead: AIV-13, CoreType=AIV, block dim=32, total_block_num=32, block_remain_len=1048448, block_initial_space=1048576, rsv=0, magic=5aa5bccd
CANN Version: 8.0.RC3, TimeStamp: 20241026152044625
opType=compute_msg, DumpHead: AIV-14, CoreType=AIV, block dim=32, total_block_num=32, block_remain_len=1048448, block_initial_space=1048576, rsv=0, magic=5aa5bccd
CANN Version: 8.0.RC3, TimeStamp: 20241026152044625
opType=compute_msg, DumpHead: AIV-15, CoreType=AIV, block dim=32, total_block_num=32, block_remain_len=1048448, block_initial_space=1048576, rsv=0, magic=5aa5bccd
CANN Version: 8.0.RC3, TimeStamp: 20241026152044625
opType=compute_msg, DumpHead: AIV-16, CoreType=AIV, block dim=32, total_block_num=32, block_remain_len=1048448, block_initial_space=1048576, rsv=0, magic=5aa5bccd
CANN Version: 8.0.RC3, TimeStamp: 20241026152044625
opType=compute_msg, DumpHead: AIV-17, CoreType=AIV, block dim=32, total_block_num=32, block_remain_len=1048448, block_initial_space=1048576, rsv=0, magic=5aa5bccd
CANN Version: 8.0.RC3, TimeStamp: 20241026152044625
opType=compute_msg, DumpHead: AIV-18, CoreType=AIV, block dim=32, total_block_num=32, block_remain_len=1048448, block_initial_space=1048576, rsv=0, magic=5aa5bccd
CANN Version: 8.0.RC3, TimeStamp: 20241026152044625
opType=compute_msg, DumpHead: AIV-19, CoreType=AIV, block dim=32, total_block_num=32, block_remain_len=1048448, block_initial_space=1048576, rsv=0, magic=5aa5bccd
CANN Version: 8.0.RC3, TimeStamp: 20241026152044625
opType=compute_msg, DumpHead: AIV-20, CoreType=AIV, block dim=32, total_block_num=32, block_remain_len=1048448, block_initial_space=1048576, rsv=0, magic=5aa5bccd
CANN Version: 8.0.RC3, TimeStamp: 20241026152044625
opType=compute_msg, DumpHead: AIV-21, CoreType=AIV, block dim=32, total_block_num=32, block_remain_len=1048448, block_initial_space=1048576, rsv=0, magic=5aa5bccd
CANN Version: 8.0.RC3, TimeStamp: 20241026152044625
opType=compute_msg, DumpHead: AIV-22, CoreType=AIV, block dim=32, total_block_num=32, block_remain_len=1048448, block_initial_space=1048576, rsv=0, magic=5aa5bccd
CANN Version: 8.0.RC3, TimeStamp: 20241026152044625
opType=compute_msg, DumpHead: AIV-23, CoreType=AIV, block dim=32, total_block_num=32, block_remain_len=1048448, block_initial_space=1048576, rsv=0, magic=5aa5bccd
CANN Version: 8.0.RC3, TimeStamp: 20241026152044625
opType=compute_msg, DumpHead: AIV-24, CoreType=AIV, block dim=32, total_block_num=32, block_remain_len=1048448, block_initial_space=1048576, rsv=0, magic=5aa5bccd
CANN Version: 8.0.RC3, TimeStamp: 20241026152044625
opType=compute_msg, DumpHead: AIV-25, CoreType=AIV, block dim=32, total_block_num=32, block_remain_len=1048448, block_initial_space=1048576, rsv=0, magic=5aa5bccd
CANN Version: 8.0.RC3, TimeStamp: 20241026152044625
opType=compute_msg, DumpHead: AIV-26, CoreType=AIV, block dim=32, total_block_num=32, block_remain_len=1048448, block_initial_space=1048576, rsv=0, magic=5aa5bccd
CANN Version: 8.0.RC3, TimeStamp: 20241026152044625
opType=compute_msg, DumpHead: AIV-27, CoreType=AIV, block dim=32, total_block_num=32, block_remain_len=1048448, block_initial_space=1048576, rsv=0, magic=5aa5bccd
CANN Version: 8.0.RC3, TimeStamp: 20241026152044625
opType=compute_msg, DumpHead: AIV-28, CoreType=AIV, block dim=32, total_block_num=32, block_remain_len=1048448, block_initial_space=1048576, rsv=0, magic=5aa5bccd
CANN Version: 8.0.RC3, TimeStamp: 20241026152044625
opType=compute_msg, DumpHead: AIV-29, CoreType=AIV, block dim=32, total_block_num=32, block_remain_len=1048448, block_initial_space=1048576, rsv=0, magic=5aa5bccd
CANN Version: 8.0.RC3, TimeStamp: 20241026152044625
opType=compute_msg, DumpHead: AIV-30, CoreType=AIV, block dim=32, total_block_num=32, block_remain_len=1048448, block_initial_space=1048576, rsv=0, magic=5aa5bccd
CANN Version: 8.0.RC3, TimeStamp: 20241026152044625
opType=compute_msg, DumpHead: AIV-31, CoreType=AIV, block dim=32, total_block_num=32, block_remain_len=1048448, block_initial_space=1048576, rsv=0, magic=5aa5bccd
CANN Version: 8.0.RC3, TimeStamp: 20241026152044625
opType=compute_msg, DumpHead: AIV-0, CoreType=AIV, block dim=32, total_block_num=32, block_remain_len=1048408, block_initial_space=1048576, rsv=0, magic=5aa5bccd
CANN Version: 8.0.RC3, TimeStamp: 20241026152044625
Compute Message ...
opType=compute_msg, DumpHead: AIV-1, CoreType=AIV, block dim=32, total_block_num=32, block_remain_len=1048448, block_initial_space=1048576, rsv=0, magic=5aa5bccd
CANN Version: 8.0.RC3, TimeStamp: 20241026152044625
opType=compute_msg, DumpHead: AIV-2, CoreType=AIV, block dim=32, total_block_num=32, block_remain_len=1048448, block_initial_space=1048576, rsv=0, magic=5aa5bccd
CANN Version: 8.0.RC3, TimeStamp: 20241026152044625
opType=compute_msg, DumpHead: AIV-3, CoreType=AIV, block dim=32, total_block_num=32, block_remain_len=1048448, block_initial_space=1048576, rsv=0, magic=5aa5bccd
CANN Version: 8.0.RC3, TimeStamp: 20241026152044625
opType=compute_msg, DumpHead: AIV-4, CoreType=AIV, block dim=32, total_block_num=32, block_remain_len=1048448, block_initial_space=1048576, rsv=0, magic=5aa5bccd
CANN Version: 8.0.RC3, TimeStamp: 20241026152044625
opType=compute_msg, DumpHead: AIV-5, CoreType=AIV, block dim=32, total_block_num=32, block_remain_len=1048448, block_initial_space=1048576, rsv=0, magic=5aa5bccd
CANN Version: 8.0.RC3, TimeStamp: 20241026152044625
opType=compute_msg, DumpHead: AIV-6, CoreType=AIV, block dim=32, total_block_num=32, block_remain_len=1048448, block_initial_space=1048576, rsv=0, magic=5aa5bccd
CANN Version: 8.0.RC3, TimeStamp: 20241026152044625
opType=compute_msg, DumpHead: AIV-7, CoreType=AIV, block dim=32, total_block_num=32, block_remain_len=1048448, block_initial_space=1048576, rsv=0, magic=5aa5bccd
CANN Version: 8.0.RC3, TimeStamp: 20241026152044625
opType=compute_msg, DumpHead: AIV-8, CoreType=AIV, block dim=32, total_block_num=32, block_remain_len=1048448, block_initial_space=1048576, rsv=0, magic=5aa5bccd
CANN Version: 8.0.RC3, TimeStamp: 20241026152044625
opType=compute_msg, DumpHead: AIV-9, CoreType=AIV, block dim=32, total_block_num=32, block_remain_len=1048448, block_initial_space=1048576, rsv=0, magic=5aa5bccd
CANN Version: 8.0.RC3, TimeStamp: 20241026152044625
opType=compute_msg, DumpHead: AIV-10, CoreType=AIV, block dim=32, total_block_num=32, block_remain_len=1048448, block_initial_space=1048576, rsv=0, magic=5aa5bccd
CANN Version: 8.0.RC3, TimeStamp: 20241026152044625
opType=compute_msg, DumpHead: AIV-11, CoreType=AIV, block dim=32, total_block_num=32, block_remain_len=1048448, block_initial_space=1048576, rsv=0, magic=5aa5bccd
CANN Version: 8.0.RC3, TimeStamp: 20241026152044625
opType=compute_msg, DumpHead: AIV-12, CoreType=AIV, block dim=32, total_block_num=32, block_remain_len=1048448, block_initial_space=1048576, rsv=0, magic=5aa5bccd
CANN Version: 8.0.RC3, TimeStamp: 20241026152044625
opType=compute_msg, DumpHead: AIV-13, CoreType=AIV, block dim=32, total_block_num=32, block_remain_len=1048448, block_initial_space=1048576, rsv=0, magic=5aa5bccd
CANN Version: 8.0.RC3, TimeStamp: 20241026152044625
opType=compute_msg, DumpHead: AIV-14, CoreType=AIV, block dim=32, total_block_num=32, block_remain_len=1048448, block_initial_space=1048576, rsv=0, magic=5aa5bccd
CANN Version: 8.0.RC3, TimeStamp: 20241026152044625
opType=compute_msg, DumpHead: AIV-15, CoreType=AIV, block dim=32, total_block_num=32, block_remain_len=1048448, block_initial_space=1048576, rsv=0, magic=5aa5bccd
CANN Version: 8.0.RC3, TimeStamp: 20241026152044625
opType=compute_msg, DumpHead: AIV-16, CoreType=AIV, block dim=32, total_block_num=32, block_remain_len=1048448, block_initial_space=1048576, rsv=0, magic=5aa5bccd
CANN Version: 8.0.RC3, TimeStamp: 20241026152044625
opType=compute_msg, DumpHead: AIV-17, CoreType=AIV, block dim=32, total_block_num=32, block_remain_len=1048448, block_initial_space=1048576, rsv=0, magic=5aa5bccd
CANN Version: 8.0.RC3, TimeStamp: 20241026152044625
opType=compute_msg, DumpHead: AIV-18, CoreType=AIV, block dim=32, total_block_num=32, block_remain_len=1048448, block_initial_space=1048576, rsv=0, magic=5aa5bccd
CANN Version: 8.0.RC3, TimeStamp: 20241026152044625
opType=compute_msg, DumpHead: AIV-19, CoreType=AIV, block dim=32, total_block_num=32, block_remain_len=1048448, block_initial_space=1048576, rsv=0, magic=5aa5bccd
CANN Version: 8.0.RC3, TimeStamp: 20241026152044625
opType=compute_msg, DumpHead: AIV-20, CoreType=AIV, block dim=32, total_block_num=32, block_remain_len=1048448, block_initial_space=1048576, rsv=0, magic=5aa5bccd
CANN Version: 8.0.RC3, TimeStamp: 20241026152044625
opType=compute_msg, DumpHead: AIV-21, CoreType=AIV, block dim=32, total_block_num=32, block_remain_len=1048448, block_initial_space=1048576, rsv=0, magic=5aa5bccd
CANN Version: 8.0.RC3, TimeStamp: 20241026152044625
opType=compute_msg, DumpHead: AIV-22, CoreType=AIV, block dim=32, total_block_num=32, block_remain_len=1048448, block_initial_space=1048576, rsv=0, magic=5aa5bccd
CANN Version: 8.0.RC3, TimeStamp: 20241026152044625
opType=compute_msg, DumpHead: AIV-23, CoreType=AIV, block dim=32, total_block_num=32, block_remain_len=1048448, block_initial_space=1048576, rsv=0, magic=5aa5bccd
CANN Version: 8.0.RC3, TimeStamp: 20241026152044625
opType=compute_msg, DumpHead: AIV-24, CoreType=AIV, block dim=32, total_block_num=32, block_remain_len=1048448, block_initial_space=1048576, rsv=0, magic=5aa5bccd
CANN Version: 8.0.RC3, TimeStamp: 20241026152044625
opType=compute_msg, DumpHead: AIV-25, CoreType=AIV, block dim=32, total_block_num=32, block_remain_len=1048448, block_initial_space=1048576, rsv=0, magic=5aa5bccd
CANN Version: 8.0.RC3, TimeStamp: 20241026152044625
opType=compute_msg, DumpHead: AIV-26, CoreType=AIV, block dim=32, total_block_num=32, block_remain_len=1048448, block_initial_space=1048576, rsv=0, magic=5aa5bccd
CANN Version: 8.0.RC3, TimeStamp: 20241026152044625
opType=compute_msg, DumpHead: AIV-27, CoreType=AIV, block dim=32, total_block_num=32, block_remain_len=1048448, block_initial_space=1048576, rsv=0, magic=5aa5bccd
CANN Version: 8.0.RC3, TimeStamp: 20241026152044625
opType=compute_msg, DumpHead: AIV-28, CoreType=AIV, block dim=32, total_block_num=32, block_remain_len=1048448, block_initial_space=1048576, rsv=0, magic=5aa5bccd
CANN Version: 8.0.RC3, TimeStamp: 20241026152044625
opType=compute_msg, DumpHead: AIV-29, CoreType=AIV, block dim=32, total_block_num=32, block_remain_len=1048448, block_initial_space=1048576, rsv=0, magic=5aa5bccd
CANN Version: 8.0.RC3, TimeStamp: 20241026152044625
opType=compute_msg, DumpHead: AIV-30, CoreType=AIV, block dim=32, total_block_num=32, block_remain_len=1048448, block_initial_space=1048576, rsv=0, magic=5aa5bccd
CANN Version: 8.0.RC3, TimeStamp: 20241026152044625
opType=compute_msg, DumpHead: AIV-31, CoreType=AIV, block dim=32, total_block_num=32, block_remain_len=1048448, block_initial_space=1048576, rsv=0, magic=5aa5bccd
CANN Version: 8.0.RC3, TimeStamp: 20241026152044625
opType=compute_msg, DumpHead: AIV-0, CoreType=AIV, block dim=32, total_block_num=32, block_remain_len=1048408, block_initial_space=1048576, rsv=0, magic=5aa5bccd
CANN Version: 8.0.RC3, TimeStamp: 20241026152044625
Compute Message ...
opType=compute_msg, DumpHead: AIV-1, CoreType=AIV, block dim=32, total_block_num=32, block_remain_len=1048448, block_initial_space=1048576, rsv=0, magic=5aa5bccd
CANN Version: 8.0.RC3, TimeStamp: 20241026152044625
opType=compute_msg, DumpHead: AIV-2, CoreType=AIV, block dim=32, total_block_num=32, block_remain_len=1048448, block_initial_space=1048576, rsv=0, magic=5aa5bccd
CANN Version: 8.0.RC3, TimeStamp: 20241026152044625
opType=compute_msg, DumpHead: AIV-3, CoreType=AIV, block dim=32, total_block_num=32, block_remain_len=1048448, block_initial_space=1048576, rsv=0, magic=5aa5bccd
CANN Version: 8.0.RC3, TimeStamp: 20241026152044625
opType=compute_msg, DumpHead: AIV-4, CoreType=AIV, block dim=32, total_block_num=32, block_remain_len=1048448, block_initial_space=1048576, rsv=0, magic=5aa5bccd
CANN Version: 8.0.RC3, TimeStamp: 20241026152044625
opType=compute_msg, DumpHead: AIV-5, CoreType=AIV, block dim=32, total_block_num=32, block_remain_len=1048448, block_initial_space=1048576, rsv=0, magic=5aa5bccd
CANN Version: 8.0.RC3, TimeStamp: 20241026152044625
opType=compute_msg, DumpHead: AIV-6, CoreType=AIV, block dim=32, total_block_num=32, block_remain_len=1048448, block_initial_space=1048576, rsv=0, magic=5aa5bccd
CANN Version: 8.0.RC3, TimeStamp: 20241026152044625
opType=compute_msg, DumpHead: AIV-7, CoreType=AIV, block dim=32, total_block_num=32, block_remain_len=1048448, block_initial_space=1048576, rsv=0, magic=5aa5bccd
CANN Version: 8.0.RC3, TimeStamp: 20241026152044625
opType=compute_msg, DumpHead: AIV-8, CoreType=AIV, block dim=32, total_block_num=32, block_remain_len=1048448, block_initial_space=1048576, rsv=0, magic=5aa5bccd
CANN Version: 8.0.RC3, TimeStamp: 20241026152044625
opType=compute_msg, DumpHead: AIV-9, CoreType=AIV, block dim=32, total_block_num=32, block_remain_len=1048448, block_initial_space=1048576, rsv=0, magic=5aa5bccd
CANN Version: 8.0.RC3, TimeStamp: 20241026152044625
opType=compute_msg, DumpHead: AIV-10, CoreType=AIV, block dim=32, total_block_num=32, block_remain_len=1048448, block_initial_space=1048576, rsv=0, magic=5aa5bccd
CANN Version: 8.0.RC3, TimeStamp: 20241026152044625
opType=compute_msg, DumpHead: AIV-11, CoreType=AIV, block dim=32, total_block_num=32, block_remain_len=1048448, block_initial_space=1048576, rsv=0, magic=5aa5bccd
CANN Version: 8.0.RC3, TimeStamp: 20241026152044625
opType=compute_msg, DumpHead: AIV-12, CoreType=AIV, block dim=32, total_block_num=32, block_remain_len=1048448, block_initial_space=1048576, rsv=0, magic=5aa5bccd
CANN Version: 8.0.RC3, TimeStamp: 20241026152044625
opType=compute_msg, DumpHead: AIV-13, CoreType=AIV, block dim=32, total_block_num=32, block_remain_len=1048448, block_initial_space=1048576, rsv=0, magic=5aa5bccd
CANN Version: 8.0.RC3, TimeStamp: 20241026152044625
opType=compute_msg, DumpHead: AIV-14, CoreType=AIV, block dim=32, total_block_num=32, block_remain_len=1048448, block_initial_space=1048576, rsv=0, magic=5aa5bccd
CANN Version: 8.0.RC3, TimeStamp: 20241026152044625
opType=compute_msg, DumpHead: AIV-15, CoreType=AIV, block dim=32, total_block_num=32, block_remain_len=1048448, block_initial_space=1048576, rsv=0, magic=5aa5bccd
CANN Version: 8.0.RC3, TimeStamp: 20241026152044625
opType=compute_msg, DumpHead: AIV-16, CoreType=AIV, block dim=32, total_block_num=32, block_remain_len=1048448, block_initial_space=1048576, rsv=0, magic=5aa5bccd
CANN Version: 8.0.RC3, TimeStamp: 20241026152044625
opType=compute_msg, DumpHead: AIV-17, CoreType=AIV, block dim=32, total_block_num=32, block_remain_len=1048448, block_initial_space=1048576, rsv=0, magic=5aa5bccd
CANN Version: 8.0.RC3, TimeStamp: 20241026152044625
opType=compute_msg, DumpHead: AIV-18, CoreType=AIV, block dim=32, total_block_num=32, block_remain_len=1048448, block_initial_space=1048576, rsv=0, magic=5aa5bccd
CANN Version: 8.0.RC3, TimeStamp: 20241026152044625
opType=compute_msg, DumpHead: AIV-19, CoreType=AIV, block dim=32, total_block_num=32, block_remain_len=1048448, block_initial_space=1048576, rsv=0, magic=5aa5bccd
CANN Version: 8.0.RC3, TimeStamp: 20241026152044625
opType=compute_msg, DumpHead: AIV-20, CoreType=AIV, block dim=32, total_block_num=32, block_remain_len=1048448, block_initial_space=1048576, rsv=0, magic=5aa5bccd
CANN Version: 8.0.RC3, TimeStamp: 20241026152044625
opType=compute_msg, DumpHead: AIV-21, CoreType=AIV, block dim=32, total_block_num=32, block_remain_len=1048448, block_initial_space=1048576, rsv=0, magic=5aa5bccd
CANN Version: 8.0.RC3, TimeStamp: 20241026152044625
opType=compute_msg, DumpHead: AIV-22, CoreType=AIV, block dim=32, total_block_num=32, block_remain_len=1048448, block_initial_space=1048576, rsv=0, magic=5aa5bccd
CANN Version: 8.0.RC3, TimeStamp: 20241026152044625
opType=compute_msg, DumpHead: AIV-23, CoreType=AIV, block dim=32, total_block_num=32, block_remain_len=1048448, block_initial_space=1048576, rsv=0, magic=5aa5bccd
CANN Version: 8.0.RC3, TimeStamp: 20241026152044625
opType=compute_msg, DumpHead: AIV-24, CoreType=AIV, block dim=32, total_block_num=32, block_remain_len=1048448, block_initial_space=1048576, rsv=0, magic=5aa5bccd
CANN Version: 8.0.RC3, TimeStamp: 20241026152044625
opType=compute_msg, DumpHead: AIV-25, CoreType=AIV, block dim=32, total_block_num=32, block_remain_len=1048448, block_initial_space=1048576, rsv=0, magic=5aa5bccd
CANN Version: 8.0.RC3, TimeStamp: 20241026152044625
opType=compute_msg, DumpHead: AIV-26, CoreType=AIV, block dim=32, total_block_num=32, block_remain_len=1048448, block_initial_space=1048576, rsv=0, magic=5aa5bccd
CANN Version: 8.0.RC3, TimeStamp: 20241026152044625
opType=compute_msg, DumpHead: AIV-27, CoreType=AIV, block dim=32, total_block_num=32, block_remain_len=1048448, block_initial_space=1048576, rsv=0, magic=5aa5bccd
CANN Version: 8.0.RC3, TimeStamp: 20241026152044625
opType=compute_msg, DumpHead: AIV-28, CoreType=AIV, block dim=32, total_block_num=32, block_remain_len=1048448, block_initial_space=1048576, rsv=0, magic=5aa5bccd
CANN Version: 8.0.RC3, TimeStamp: 20241026152044625
opType=compute_msg, DumpHead: AIV-29, CoreType=AIV, block dim=32, total_block_num=32, block_remain_len=1048448, block_initial_space=1048576, rsv=0, magic=5aa5bccd
CANN Version: 8.0.RC3, TimeStamp: 20241026152044625
opType=compute_msg, DumpHead: AIV-30, CoreType=AIV, block dim=32, total_block_num=32, block_remain_len=1048448, block_initial_space=1048576, rsv=0, magic=5aa5bccd
CANN Version: 8.0.RC3, TimeStamp: 20241026152044625
opType=compute_msg, DumpHead: AIV-31, CoreType=AIV, block dim=32, total_block_num=32, block_remain_len=1048448, block_initial_space=1048576, rsv=0, magic=5aa5bccd
CANN Version: 8.0.RC3, TimeStamp: 20241026152044625
opType=compute_msg, DumpHead: AIV-0, CoreType=AIV, block dim=32, total_block_num=32, block_remain_len=1048408, block_initial_space=1048576, rsv=0, magic=5aa5bccd
CANN Version: 8.0.RC3, TimeStamp: 20241026152044625
Compute Message ...
opType=compute_msg, DumpHead: AIV-1, CoreType=AIV, block dim=32, total_block_num=32, block_remain_len=1048448, block_initial_space=1048576, rsv=0, magic=5aa5bccd
CANN Version: 8.0.RC3, TimeStamp: 20241026152044625
opType=compute_msg, DumpHead: AIV-2, CoreType=AIV, block dim=32, total_block_num=32, block_remain_len=1048448, block_initial_space=1048576, rsv=0, magic=5aa5bccd
CANN Version: 8.0.RC3, TimeStamp: 20241026152044625
opType=compute_msg, DumpHead: AIV-3, CoreType=AIV, block dim=32, total_block_num=32, block_remain_len=1048448, block_initial_space=1048576, rsv=0, magic=5aa5bccd
CANN Version: 8.0.RC3, TimeStamp: 20241026152044625
opType=compute_msg, DumpHead: AIV-4, CoreType=AIV, block dim=32, total_block_num=32, block_remain_len=1048448, block_initial_space=1048576, rsv=0, magic=5aa5bccd
CANN Version: 8.0.RC3, TimeStamp: 20241026152044625
opType=compute_msg, DumpHead: AIV-5, CoreType=AIV, block dim=32, total_block_num=32, block_remain_len=1048448, block_initial_space=1048576, rsv=0, magic=5aa5bccd
CANN Version: 8.0.RC3, TimeStamp: 20241026152044625
opType=compute_msg, DumpHead: AIV-6, CoreType=AIV, block dim=32, total_block_num=32, block_remain_len=1048448, block_initial_space=1048576, rsv=0, magic=5aa5bccd
CANN Version: 8.0.RC3, TimeStamp: 20241026152044625
opType=compute_msg, DumpHead: AIV-7, CoreType=AIV, block dim=32, total_block_num=32, block_remain_len=1048448, block_initial_space=1048576, rsv=0, magic=5aa5bccd
CANN Version: 8.0.RC3, TimeStamp: 20241026152044625
opType=compute_msg, DumpHead: AIV-8, CoreType=AIV, block dim=32, total_block_num=32, block_remain_len=1048448, block_initial_space=1048576, rsv=0, magic=5aa5bccd
CANN Version: 8.0.RC3, TimeStamp: 20241026152044625
opType=compute_msg, DumpHead: AIV-9, CoreType=AIV, block dim=32, total_block_num=32, block_remain_len=1048448, block_initial_space=1048576, rsv=0, magic=5aa5bccd
CANN Version: 8.0.RC3, TimeStamp: 20241026152044625
opType=compute_msg, DumpHead: AIV-10, CoreType=AIV, block dim=32, total_block_num=32, block_remain_len=1048448, block_initial_space=1048576, rsv=0, magic=5aa5bccd
CANN Version: 8.0.RC3, TimeStamp: 20241026152044625
opType=compute_msg, DumpHead: AIV-11, CoreType=AIV, block dim=32, total_block_num=32, block_remain_len=1048448, block_initial_space=1048576, rsv=0, magic=5aa5bccd
CANN Version: 8.0.RC3, TimeStamp: 20241026152044625
opType=compute_msg, DumpHead: AIV-12, CoreType=AIV, block dim=32, total_block_num=32, block_remain_len=1048448, block_initial_space=1048576, rsv=0, magic=5aa5bccd
CANN Version: 8.0.RC3, TimeStamp: 20241026152044625
opType=compute_msg, DumpHead: AIV-13, CoreType=AIV, block dim=32, total_block_num=32, block_remain_len=1048448, block_initial_space=1048576, rsv=0, magic=5aa5bccd
CANN Version: 8.0.RC3, TimeStamp: 20241026152044625
opType=compute_msg, DumpHead: AIV-14, CoreType=AIV, block dim=32, total_block_num=32, block_remain_len=1048448, block_initial_space=1048576, rsv=0, magic=5aa5bccd
CANN Version: 8.0.RC3, TimeStamp: 20241026152044625
opType=compute_msg, DumpHead: AIV-15, CoreType=AIV, block dim=32, total_block_num=32, block_remain_len=1048448, block_initial_space=1048576, rsv=0, magic=5aa5bccd
CANN Version: 8.0.RC3, TimeStamp: 20241026152044625
opType=compute_msg, DumpHead: AIV-16, CoreType=AIV, block dim=32, total_block_num=32, block_remain_len=1048448, block_initial_space=1048576, rsv=0, magic=5aa5bccd
CANN Version: 8.0.RC3, TimeStamp: 20241026152044625
opType=compute_msg, DumpHead: AIV-17, CoreType=AIV, block dim=32, total_block_num=32, block_remain_len=1048448, block_initial_space=1048576, rsv=0, magic=5aa5bccd
CANN Version: 8.0.RC3, TimeStamp: 20241026152044625
opType=compute_msg, DumpHead: AIV-18, CoreType=AIV, block dim=32, total_block_num=32, block_remain_len=1048448, block_initial_space=1048576, rsv=0, magic=5aa5bccd
CANN Version: 8.0.RC3, TimeStamp: 20241026152044625
opType=compute_msg, DumpHead: AIV-19, CoreType=AIV, block dim=32, total_block_num=32, block_remain_len=1048448, block_initial_space=1048576, rsv=0, magic=5aa5bccd
CANN Version: 8.0.RC3, TimeStamp: 20241026152044625
opType=compute_msg, DumpHead: AIV-20, CoreType=AIV, block dim=32, total_block_num=32, block_remain_len=1048448, block_initial_space=1048576, rsv=0, magic=5aa5bccd
CANN Version: 8.0.RC3, TimeStamp: 20241026152044625
opType=compute_msg, DumpHead: AIV-21, CoreType=AIV, block dim=32, total_block_num=32, block_remain_len=1048448, block_initial_space=1048576, rsv=0, magic=5aa5bccd
CANN Version: 8.0.RC3, TimeStamp: 20241026152044625
opType=compute_msg, DumpHead: AIV-22, CoreType=AIV, block dim=32, total_block_num=32, block_remain_len=1048448, block_initial_space=1048576, rsv=0, magic=5aa5bccd
CANN Version: 8.0.RC3, TimeStamp: 20241026152044625
opType=compute_msg, DumpHead: AIV-23, CoreType=AIV, block dim=32, total_block_num=32, block_remain_len=1048448, block_initial_space=1048576, rsv=0, magic=5aa5bccd
CANN Version: 8.0.RC3, TimeStamp: 20241026152044625
opType=compute_msg, DumpHead: AIV-24, CoreType=AIV, block dim=32, total_block_num=32, block_remain_len=1048448, block_initial_space=1048576, rsv=0, magic=5aa5bccd
CANN Version: 8.0.RC3, TimeStamp: 20241026152044625
opType=compute_msg, DumpHead: AIV-25, CoreType=AIV, block dim=32, total_block_num=32, block_remain_len=1048448, block_initial_space=1048576, rsv=0, magic=5aa5bccd
CANN Version: 8.0.RC3, TimeStamp: 20241026152044625
opType=compute_msg, DumpHead: AIV-26, CoreType=AIV, block dim=32, total_block_num=32, block_remain_len=1048448, block_initial_space=1048576, rsv=0, magic=5aa5bccd
CANN Version: 8.0.RC3, TimeStamp: 20241026152044625
opType=compute_msg, DumpHead: AIV-27, CoreType=AIV, block dim=32, total_block_num=32, block_remain_len=1048448, block_initial_space=1048576, rsv=0, magic=5aa5bccd
CANN Version: 8.0.RC3, TimeStamp: 20241026152044625
opType=compute_msg, DumpHead: AIV-28, CoreType=AIV, block dim=32, total_block_num=32, block_remain_len=1048448, block_initial_space=1048576, rsv=0, magic=5aa5bccd
CANN Version: 8.0.RC3, TimeStamp: 20241026152044625
opType=compute_msg, DumpHead: AIV-29, CoreType=AIV, block dim=32, total_block_num=32, block_remain_len=1048448, block_initial_space=1048576, rsv=0, magic=5aa5bccd
CANN Version: 8.0.RC3, TimeStamp: 20241026152044625
opType=compute_msg, DumpHead: AIV-30, CoreType=AIV, block dim=32, total_block_num=32, block_remain_len=1048448, block_initial_space=1048576, rsv=0, magic=5aa5bccd
CANN Version: 8.0.RC3, TimeStamp: 20241026152044625
opType=compute_msg, DumpHead: AIV-31, CoreType=AIV, block dim=32, total_block_num=32, block_remain_len=1048448, block_initial_space=1048576, rsv=0, magic=5aa5bccd
CANN Version: 8.0.RC3, TimeStamp: 20241026152044625
opType=aggregate_msg_split, DumpHead: AIV-0, CoreType=AIV, block dim=32, total_block_num=32, block_remain_len=1048408, block_initial_space=1048576, rsv=0, magic=5aa5bccd
CANN Version: 8.0.RC3, TimeStamp: 20241026152044625
Aggregate Message ...
opType=aggregate_msg_split, DumpHead: AIV-1, CoreType=AIV, block dim=32, total_block_num=32, block_remain_len=1048448, block_initial_space=1048576, rsv=0, magic=5aa5bccd
CANN Version: 8.0.RC3, TimeStamp: 20241026152044625
opType=aggregate_msg_split, DumpHead: AIV-2, CoreType=AIV, block dim=32, total_block_num=32, block_remain_len=1048448, block_initial_space=1048576, rsv=0, magic=5aa5bccd
CANN Version: 8.0.RC3, TimeStamp: 20241026152044625
opType=aggregate_msg_split, DumpHead: AIV-3, CoreType=AIV, block dim=32, total_block_num=32, block_remain_len=1048448, block_initial_space=1048576, rsv=0, magic=5aa5bccd
CANN Version: 8.0.RC3, TimeStamp: 20241026152044625
opType=aggregate_msg_split, DumpHead: AIV-4, CoreType=AIV, block dim=32, total_block_num=32, block_remain_len=1048448, block_initial_space=1048576, rsv=0, magic=5aa5bccd
CANN Version: 8.0.RC3, TimeStamp: 20241026152044625
opType=aggregate_msg_split, DumpHead: AIV-5, CoreType=AIV, block dim=32, total_block_num=32, block_remain_len=1048448, block_initial_space=1048576, rsv=0, magic=5aa5bccd
CANN Version: 8.0.RC3, TimeStamp: 20241026152044625
opType=aggregate_msg_split, DumpHead: AIV-6, CoreType=AIV, block dim=32, total_block_num=32, block_remain_len=1048448, block_initial_space=1048576, rsv=0, magic=5aa5bccd
CANN Version: 8.0.RC3, TimeStamp: 20241026152044625
opType=aggregate_msg_split, DumpHead: AIV-7, CoreType=AIV, block dim=32, total_block_num=32, block_remain_len=1048448, block_initial_space=1048576, rsv=0, magic=5aa5bccd
CANN Version: 8.0.RC3, TimeStamp: 20241026152044625
opType=aggregate_msg_split, DumpHead: AIV-8, CoreType=AIV, block dim=32, total_block_num=32, block_remain_len=1048448, block_initial_space=1048576, rsv=0, magic=5aa5bccd
CANN Version: 8.0.RC3, TimeStamp: 20241026152044625
opType=aggregate_msg_split, DumpHead: AIV-9, CoreType=AIV, block dim=32, total_block_num=32, block_remain_len=1048448, block_initial_space=1048576, rsv=0, magic=5aa5bccd
CANN Version: 8.0.RC3, TimeStamp: 20241026152044625
opType=aggregate_msg_split, DumpHead: AIV-10, CoreType=AIV, block dim=32, total_block_num=32, block_remain_len=1048448, block_initial_space=1048576, rsv=0, magic=5aa5bccd
CANN Version: 8.0.RC3, TimeStamp: 20241026152044625
opType=aggregate_msg_split, DumpHead: AIV-11, CoreType=AIV, block dim=32, total_block_num=32, block_remain_len=1048448, block_initial_space=1048576, rsv=0, magic=5aa5bccd
CANN Version: 8.0.RC3, TimeStamp: 20241026152044625
opType=aggregate_msg_split, DumpHead: AIV-12, CoreType=AIV, block dim=32, total_block_num=32, block_remain_len=1048448, block_initial_space=1048576, rsv=0, magic=5aa5bccd
CANN Version: 8.0.RC3, TimeStamp: 20241026152044625
opType=aggregate_msg_split, DumpHead: AIV-13, CoreType=AIV, block dim=32, total_block_num=32, block_remain_len=1048448, block_initial_space=1048576, rsv=0, magic=5aa5bccd
CANN Version: 8.0.RC3, TimeStamp: 20241026152044625
opType=aggregate_msg_split, DumpHead: AIV-14, CoreType=AIV, block dim=32, total_block_num=32, block_remain_len=1048448, block_initial_space=1048576, rsv=0, magic=5aa5bccd
CANN Version: 8.0.RC3, TimeStamp: 20241026152044625
opType=aggregate_msg_split, DumpHead: AIV-15, CoreType=AIV, block dim=32, total_block_num=32, block_remain_len=1048448, block_initial_space=1048576, rsv=0, magic=5aa5bccd
CANN Version: 8.0.RC3, TimeStamp: 20241026152044625
opType=aggregate_msg_split, DumpHead: AIV-16, CoreType=AIV, block dim=32, total_block_num=32, block_remain_len=1048448, block_initial_space=1048576, rsv=0, magic=5aa5bccd
CANN Version: 8.0.RC3, TimeStamp: 20241026152044625
opType=aggregate_msg_split, DumpHead: AIV-17, CoreType=AIV, block dim=32, total_block_num=32, block_remain_len=1048448, block_initial_space=1048576, rsv=0, magic=5aa5bccd
CANN Version: 8.0.RC3, TimeStamp: 20241026152044625
opType=aggregate_msg_split, DumpHead: AIV-18, CoreType=AIV, block dim=32, total_block_num=32, block_remain_len=1048448, block_initial_space=1048576, rsv=0, magic=5aa5bccd
CANN Version: 8.0.RC3, TimeStamp: 20241026152044625
opType=aggregate_msg_split, DumpHead: AIV-19, CoreType=AIV, block dim=32, total_block_num=32, block_remain_len=1048448, block_initial_space=1048576, rsv=0, magic=5aa5bccd
CANN Version: 8.0.RC3, TimeStamp: 20241026152044625
opType=aggregate_msg_split, DumpHead: AIV-20, CoreType=AIV, block dim=32, total_block_num=32, block_remain_len=1048448, block_initial_space=1048576, rsv=0, magic=5aa5bccd
CANN Version: 8.0.RC3, TimeStamp: 20241026152044625
opType=aggregate_msg_split, DumpHead: AIV-21, CoreType=AIV, block dim=32, total_block_num=32, block_remain_len=1048448, block_initial_space=1048576, rsv=0, magic=5aa5bccd
CANN Version: 8.0.RC3, TimeStamp: 20241026152044625
opType=aggregate_msg_split, DumpHead: AIV-22, CoreType=AIV, block dim=32, total_block_num=32, block_remain_len=1048448, block_initial_space=1048576, rsv=0, magic=5aa5bccd
CANN Version: 8.0.RC3, TimeStamp: 20241026152044625
opType=aggregate_msg_split, DumpHead: AIV-23, CoreType=AIV, block dim=32, total_block_num=32, block_remain_len=1048448, block_initial_space=1048576, rsv=0, magic=5aa5bccd
CANN Version: 8.0.RC3, TimeStamp: 20241026152044625
opType=aggregate_msg_split, DumpHead: AIV-24, CoreType=AIV, block dim=32, total_block_num=32, block_remain_len=1048448, block_initial_space=1048576, rsv=0, magic=5aa5bccd
CANN Version: 8.0.RC3, TimeStamp: 20241026152044625
opType=aggregate_msg_split, DumpHead: AIV-25, CoreType=AIV, block dim=32, total_block_num=32, block_remain_len=1048448, block_initial_space=1048576, rsv=0, magic=5aa5bccd
CANN Version: 8.0.RC3, TimeStamp: 20241026152044625
opType=aggregate_msg_split, DumpHead: AIV-26, CoreType=AIV, block dim=32, total_block_num=32, block_remain_len=1048448, block_initial_space=1048576, rsv=0, magic=5aa5bccd
CANN Version: 8.0.RC3, TimeStamp: 20241026152044625
opType=aggregate_msg_split, DumpHead: AIV-27, CoreType=AIV, block dim=32, total_block_num=32, block_remain_len=1048448, block_initial_space=1048576, rsv=0, magic=5aa5bccd
CANN Version: 8.0.RC3, TimeStamp: 20241026152044625
opType=aggregate_msg_split, DumpHead: AIV-28, CoreType=AIV, block dim=32, total_block_num=32, block_remain_len=1048448, block_initial_space=1048576, rsv=0, magic=5aa5bccd
CANN Version: 8.0.RC3, TimeStamp: 20241026152044625
opType=aggregate_msg_split, DumpHead: AIV-29, CoreType=AIV, block dim=32, total_block_num=32, block_remain_len=1048448, block_initial_space=1048576, rsv=0, magic=5aa5bccd
CANN Version: 8.0.RC3, TimeStamp: 20241026152044625
opType=aggregate_msg_split, DumpHead: AIV-30, CoreType=AIV, block dim=32, total_block_num=32, block_remain_len=1048448, block_initial_space=1048576, rsv=0, magic=5aa5bccd
CANN Version: 8.0.RC3, TimeStamp: 20241026152044625
opType=aggregate_msg_split, DumpHead: AIV-31, CoreType=AIV, block dim=32, total_block_num=32, block_remain_len=1048448, block_initial_space=1048576, rsv=0, magic=5aa5bccd
CANN Version: 8.0.RC3, TimeStamp: 20241026152044625
opType=aggregate_msg_split, DumpHead: AIV-0, CoreType=AIV, block dim=32, total_block_num=32, block_remain_len=1048408, block_initial_space=1048576, rsv=0, magic=5aa5bccd
CANN Version: 8.0.RC3, TimeStamp: 20241026152044625
Aggregate Message ...
opType=aggregate_msg_split, DumpHead: AIV-1, CoreType=AIV, block dim=32, total_block_num=32, block_remain_len=1048448, block_initial_space=1048576, rsv=0, magic=5aa5bccd
CANN Version: 8.0.RC3, TimeStamp: 20241026152044625
opType=aggregate_msg_split, DumpHead: AIV-2, CoreType=AIV, block dim=32, total_block_num=32, block_remain_len=1048448, block_initial_space=1048576, rsv=0, magic=5aa5bccd
CANN Version: 8.0.RC3, TimeStamp: 20241026152044625
opType=aggregate_msg_split, DumpHead: AIV-3, CoreType=AIV, block dim=32, total_block_num=32, block_remain_len=1048448, block_initial_space=1048576, rsv=0, magic=5aa5bccd
CANN Version: 8.0.RC3, TimeStamp: 20241026152044625
opType=aggregate_msg_split, DumpHead: AIV-4, CoreType=AIV, block dim=32, total_block_num=32, block_remain_len=1048448, block_initial_space=1048576, rsv=0, magic=5aa5bccd
CANN Version: 8.0.RC3, TimeStamp: 20241026152044625
opType=aggregate_msg_split, DumpHead: AIV-5, CoreType=AIV, block dim=32, total_block_num=32, block_remain_len=1048448, block_initial_space=1048576, rsv=0, magic=5aa5bccd
CANN Version: 8.0.RC3, TimeStamp: 20241026152044625
opType=aggregate_msg_split, DumpHead: AIV-6, CoreType=AIV, block dim=32, total_block_num=32, block_remain_len=1048448, block_initial_space=1048576, rsv=0, magic=5aa5bccd
CANN Version: 8.0.RC3, TimeStamp: 20241026152044625
opType=aggregate_msg_split, DumpHead: AIV-7, CoreType=AIV, block dim=32, total_block_num=32, block_remain_len=1048448, block_initial_space=1048576, rsv=0, magic=5aa5bccd
CANN Version: 8.0.RC3, TimeStamp: 20241026152044625
opType=aggregate_msg_split, DumpHead: AIV-8, CoreType=AIV, block dim=32, total_block_num=32, block_remain_len=1048448, block_initial_space=1048576, rsv=0, magic=5aa5bccd
CANN Version: 8.0.RC3, TimeStamp: 20241026152044625
opType=aggregate_msg_split, DumpHead: AIV-9, CoreType=AIV, block dim=32, total_block_num=32, block_remain_len=1048448, block_initial_space=1048576, rsv=0, magic=5aa5bccd
CANN Version: 8.0.RC3, TimeStamp: 20241026152044625
opType=aggregate_msg_split, DumpHead: AIV-10, CoreType=AIV, block dim=32, total_block_num=32, block_remain_len=1048448, block_initial_space=1048576, rsv=0, magic=5aa5bccd
CANN Version: 8.0.RC3, TimeStamp: 20241026152044625
opType=aggregate_msg_split, DumpHead: AIV-11, CoreType=AIV, block dim=32, total_block_num=32, block_remain_len=1048448, block_initial_space=1048576, rsv=0, magic=5aa5bccd
CANN Version: 8.0.RC3, TimeStamp: 20241026152044625
opType=aggregate_msg_split, DumpHead: AIV-12, CoreType=AIV, block dim=32, total_block_num=32, block_remain_len=1048448, block_initial_space=1048576, rsv=0, magic=5aa5bccd
CANN Version: 8.0.RC3, TimeStamp: 20241026152044625
opType=aggregate_msg_split, DumpHead: AIV-13, CoreType=AIV, block dim=32, total_block_num=32, block_remain_len=1048448, block_initial_space=1048576, rsv=0, magic=5aa5bccd
CANN Version: 8.0.RC3, TimeStamp: 20241026152044625
opType=aggregate_msg_split, DumpHead: AIV-14, CoreType=AIV, block dim=32, total_block_num=32, block_remain_len=1048448, block_initial_space=1048576, rsv=0, magic=5aa5bccd
CANN Version: 8.0.RC3, TimeStamp: 20241026152044625
opType=aggregate_msg_split, DumpHead: AIV-15, CoreType=AIV, block dim=32, total_block_num=32, block_remain_len=1048448, block_initial_space=1048576, rsv=0, magic=5aa5bccd
CANN Version: 8.0.RC3, TimeStamp: 20241026152044625
opType=aggregate_msg_split, DumpHead: AIV-16, CoreType=AIV, block dim=32, total_block_num=32, block_remain_len=1048448, block_initial_space=1048576, rsv=0, magic=5aa5bccd
CANN Version: 8.0.RC3, TimeStamp: 20241026152044625
opType=aggregate_msg_split, DumpHead: AIV-17, CoreType=AIV, block dim=32, total_block_num=32, block_remain_len=1048448, block_initial_space=1048576, rsv=0, magic=5aa5bccd
CANN Version: 8.0.RC3, TimeStamp: 20241026152044625
opType=aggregate_msg_split, DumpHead: AIV-18, CoreType=AIV, block dim=32, total_block_num=32, block_remain_len=1048448, block_initial_space=1048576, rsv=0, magic=5aa5bccd
CANN Version: 8.0.RC3, TimeStamp: 20241026152044625
opType=aggregate_msg_split, DumpHead: AIV-19, CoreType=AIV, block dim=32, total_block_num=32, block_remain_len=1048448, block_initial_space=1048576, rsv=0, magic=5aa5bccd
CANN Version: 8.0.RC3, TimeStamp: 20241026152044625
opType=aggregate_msg_split, DumpHead: AIV-20, CoreType=AIV, block dim=32, total_block_num=32, block_remain_len=1048448, block_initial_space=1048576, rsv=0, magic=5aa5bccd
CANN Version: 8.0.RC3, TimeStamp: 20241026152044625
opType=aggregate_msg_split, DumpHead: AIV-21, CoreType=AIV, block dim=32, total_block_num=32, block_remain_len=1048448, block_initial_space=1048576, rsv=0, magic=5aa5bccd
CANN Version: 8.0.RC3, TimeStamp: 20241026152044625
opType=aggregate_msg_split, DumpHead: AIV-22, CoreType=AIV, block dim=32, total_block_num=32, block_remain_len=1048448, block_initial_space=1048576, rsv=0, magic=5aa5bccd
CANN Version: 8.0.RC3, TimeStamp: 20241026152044625
opType=aggregate_msg_split, DumpHead: AIV-23, CoreType=AIV, block dim=32, total_block_num=32, block_remain_len=1048448, block_initial_space=1048576, rsv=0, magic=5aa5bccd
CANN Version: 8.0.RC3, TimeStamp: 20241026152044625
opType=aggregate_msg_split, DumpHead: AIV-24, CoreType=AIV, block dim=32, total_block_num=32, block_remain_len=1048448, block_initial_space=1048576, rsv=0, magic=5aa5bccd
CANN Version: 8.0.RC3, TimeStamp: 20241026152044625
opType=aggregate_msg_split, DumpHead: AIV-25, CoreType=AIV, block dim=32, total_block_num=32, block_remain_len=1048448, block_initial_space=1048576, rsv=0, magic=5aa5bccd
CANN Version: 8.0.RC3, TimeStamp: 20241026152044625
opType=aggregate_msg_split, DumpHead: AIV-26, CoreType=AIV, block dim=32, total_block_num=32, block_remain_len=1048448, block_initial_space=1048576, rsv=0, magic=5aa5bccd
CANN Version: 8.0.RC3, TimeStamp: 20241026152044625
opType=aggregate_msg_split, DumpHead: AIV-27, CoreType=AIV, block dim=32, total_block_num=32, block_remain_len=1048448, block_initial_space=1048576, rsv=0, magic=5aa5bccd
CANN Version: 8.0.RC3, TimeStamp: 20241026152044625
opType=aggregate_msg_split, DumpHead: AIV-28, CoreType=AIV, block dim=32, total_block_num=32, block_remain_len=1048448, block_initial_space=1048576, rsv=0, magic=5aa5bccd
CANN Version: 8.0.RC3, TimeStamp: 20241026152044625
opType=aggregate_msg_split, DumpHead: AIV-29, CoreType=AIV, block dim=32, total_block_num=32, block_remain_len=1048448, block_initial_space=1048576, rsv=0, magic=5aa5bccd
CANN Version: 8.0.RC3, TimeStamp: 20241026152044625
opType=aggregate_msg_split, DumpHead: AIV-30, CoreType=AIV, block dim=32, total_block_num=32, block_remain_len=1048448, block_initial_space=1048576, rsv=0, magic=5aa5bccd
CANN Version: 8.0.RC3, TimeStamp: 20241026152044625
opType=aggregate_msg_split, DumpHead: AIV-31, CoreType=AIV, block dim=32, total_block_num=32, block_remain_len=1048448, block_initial_space=1048576, rsv=0, magic=5aa5bccd
CANN Version: 8.0.RC3, TimeStamp: 20241026152044625
opType=aggregate_msg_split, DumpHead: AIV-0, CoreType=AIV, block dim=32, total_block_num=32, block_remain_len=1048408, block_initial_space=1048576, rsv=0, magic=5aa5bccd
CANN Version: 8.0.RC3, TimeStamp: 20241026152044625
Aggregate Message ...
opType=aggregate_msg_split, DumpHead: AIV-1, CoreType=AIV, block dim=32, total_block_num=32, block_remain_len=1048448, block_initial_space=1048576, rsv=0, magic=5aa5bccd
CANN Version: 8.0.RC3, TimeStamp: 20241026152044625
opType=aggregate_msg_split, DumpHead: AIV-2, CoreType=AIV, block dim=32, total_block_num=32, block_remain_len=1048448, block_initial_space=1048576, rsv=0, magic=5aa5bccd
CANN Version: 8.0.RC3, TimeStamp: 20241026152044625
opType=aggregate_msg_split, DumpHead: AIV-3, CoreType=AIV, block dim=32, total_block_num=32, block_remain_len=1048448, block_initial_space=1048576, rsv=0, magic=5aa5bccd
CANN Version: 8.0.RC3, TimeStamp: 20241026152044625
opType=aggregate_msg_split, DumpHead: AIV-4, CoreType=AIV, block dim=32, total_block_num=32, block_remain_len=1048448, block_initial_space=1048576, rsv=0, magic=5aa5bccd
CANN Version: 8.0.RC3, TimeStamp: 20241026152044625
opType=aggregate_msg_split, DumpHead: AIV-5, CoreType=AIV, block dim=32, total_block_num=32, block_remain_len=1048448, block_initial_space=1048576, rsv=0, magic=5aa5bccd
CANN Version: 8.0.RC3, TimeStamp: 20241026152044625
opType=aggregate_msg_split, DumpHead: AIV-6, CoreType=AIV, block dim=32, total_block_num=32, block_remain_len=1048448, block_initial_space=1048576, rsv=0, magic=5aa5bccd
CANN Version: 8.0.RC3, TimeStamp: 20241026152044625
opType=aggregate_msg_split, DumpHead: AIV-7, CoreType=AIV, block dim=32, total_block_num=32, block_remain_len=1048448, block_initial_space=1048576, rsv=0, magic=5aa5bccd
CANN Version: 8.0.RC3, TimeStamp: 20241026152044625
opType=aggregate_msg_split, DumpHead: AIV-8, CoreType=AIV, block dim=32, total_block_num=32, block_remain_len=1048448, block_initial_space=1048576, rsv=0, magic=5aa5bccd
CANN Version: 8.0.RC3, TimeStamp: 20241026152044625
opType=aggregate_msg_split, DumpHead: AIV-9, CoreType=AIV, block dim=32, total_block_num=32, block_remain_len=1048448, block_initial_space=1048576, rsv=0, magic=5aa5bccd
CANN Version: 8.0.RC3, TimeStamp: 20241026152044625
opType=aggregate_msg_split, DumpHead: AIV-10, CoreType=AIV, block dim=32, total_block_num=32, block_remain_len=1048448, block_initial_space=1048576, rsv=0, magic=5aa5bccd
CANN Version: 8.0.RC3, TimeStamp: 20241026152044625
opType=aggregate_msg_split, DumpHead: AIV-11, CoreType=AIV, block dim=32, total_block_num=32, block_remain_len=1048448, block_initial_space=1048576, rsv=0, magic=5aa5bccd
CANN Version: 8.0.RC3, TimeStamp: 20241026152044625
opType=aggregate_msg_split, DumpHead: AIV-12, CoreType=AIV, block dim=32, total_block_num=32, block_remain_len=1048448, block_initial_space=1048576, rsv=0, magic=5aa5bccd
CANN Version: 8.0.RC3, TimeStamp: 20241026152044625
opType=aggregate_msg_split, DumpHead: AIV-13, CoreType=AIV, block dim=32, total_block_num=32, block_remain_len=1048448, block_initial_space=1048576, rsv=0, magic=5aa5bccd
CANN Version: 8.0.RC3, TimeStamp: 20241026152044625
opType=aggregate_msg_split, DumpHead: AIV-14, CoreType=AIV, block dim=32, total_block_num=32, block_remain_len=1048448, block_initial_space=1048576, rsv=0, magic=5aa5bccd
CANN Version: 8.0.RC3, TimeStamp: 20241026152044625
opType=aggregate_msg_split, DumpHead: AIV-15, CoreType=AIV, block dim=32, total_block_num=32, block_remain_len=1048448, block_initial_space=1048576, rsv=0, magic=5aa5bccd
CANN Version: 8.0.RC3, TimeStamp: 20241026152044625
opType=aggregate_msg_split, DumpHead: AIV-16, CoreType=AIV, block dim=32, total_block_num=32, block_remain_len=1048448, block_initial_space=1048576, rsv=0, magic=5aa5bccd
CANN Version: 8.0.RC3, TimeStamp: 20241026152044625
opType=aggregate_msg_split, DumpHead: AIV-17, CoreType=AIV, block dim=32, total_block_num=32, block_remain_len=1048448, block_initial_space=1048576, rsv=0, magic=5aa5bccd
CANN Version: 8.0.RC3, TimeStamp: 20241026152044625
opType=aggregate_msg_split, DumpHead: AIV-18, CoreType=AIV, block dim=32, total_block_num=32, block_remain_len=1048448, block_initial_space=1048576, rsv=0, magic=5aa5bccd
CANN Version: 8.0.RC3, TimeStamp: 20241026152044625
opType=aggregate_msg_split, DumpHead: AIV-19, CoreType=AIV, block dim=32, total_block_num=32, block_remain_len=1048448, block_initial_space=1048576, rsv=0, magic=5aa5bccd
CANN Version: 8.0.RC3, TimeStamp: 20241026152044625
opType=aggregate_msg_split, DumpHead: AIV-20, CoreType=AIV, block dim=32, total_block_num=32, block_remain_len=1048448, block_initial_space=1048576, rsv=0, magic=5aa5bccd
CANN Version: 8.0.RC3, TimeStamp: 20241026152044625
opType=aggregate_msg_split, DumpHead: AIV-21, CoreType=AIV, block dim=32, total_block_num=32, block_remain_len=1048448, block_initial_space=1048576, rsv=0, magic=5aa5bccd
CANN Version: 8.0.RC3, TimeStamp: 20241026152044625
opType=aggregate_msg_split, DumpHead: AIV-22, CoreType=AIV, block dim=32, total_block_num=32, block_remain_len=1048448, block_initial_space=1048576, rsv=0, magic=5aa5bccd
CANN Version: 8.0.RC3, TimeStamp: 20241026152044625
opType=aggregate_msg_split, DumpHead: AIV-23, CoreType=AIV, block dim=32, total_block_num=32, block_remain_len=1048448, block_initial_space=1048576, rsv=0, magic=5aa5bccd
CANN Version: 8.0.RC3, TimeStamp: 20241026152044625
opType=aggregate_msg_split, DumpHead: AIV-24, CoreType=AIV, block dim=32, total_block_num=32, block_remain_len=1048448, block_initial_space=1048576, rsv=0, magic=5aa5bccd
CANN Version: 8.0.RC3, TimeStamp: 20241026152044625
opType=aggregate_msg_split, DumpHead: AIV-25, CoreType=AIV, block dim=32, total_block_num=32, block_remain_len=1048448, block_initial_space=1048576, rsv=0, magic=5aa5bccd
CANN Version: 8.0.RC3, TimeStamp: 20241026152044625
opType=aggregate_msg_split, DumpHead: AIV-26, CoreType=AIV, block dim=32, total_block_num=32, block_remain_len=1048448, block_initial_space=1048576, rsv=0, magic=5aa5bccd
CANN Version: 8.0.RC3, TimeStamp: 20241026152044625
opType=aggregate_msg_split, DumpHead: AIV-27, CoreType=AIV, block dim=32, total_block_num=32, block_remain_len=1048448, block_initial_space=1048576, rsv=0, magic=5aa5bccd
CANN Version: 8.0.RC3, TimeStamp: 20241026152044625
opType=aggregate_msg_split, DumpHead: AIV-28, CoreType=AIV, block dim=32, total_block_num=32, block_remain_len=1048448, block_initial_space=1048576, rsv=0, magic=5aa5bccd
CANN Version: 8.0.RC3, TimeStamp: 20241026152044625
opType=aggregate_msg_split, DumpHead: AIV-29, CoreType=AIV, block dim=32, total_block_num=32, block_remain_len=1048448, block_initial_space=1048576, rsv=0, magic=5aa5bccd
CANN Version: 8.0.RC3, TimeStamp: 20241026152044625
opType=aggregate_msg_split, DumpHead: AIV-30, CoreType=AIV, block dim=32, total_block_num=32, block_remain_len=1048448, block_initial_space=1048576, rsv=0, magic=5aa5bccd
CANN Version: 8.0.RC3, TimeStamp: 20241026152044625
opType=aggregate_msg_split, DumpHead: AIV-31, CoreType=AIV, block dim=32, total_block_num=32, block_remain_len=1048448, block_initial_space=1048576, rsv=0, magic=5aa5bccd
CANN Version: 8.0.RC3, TimeStamp: 20241026152044625
opType=aggregate_msg_split, DumpHead: AIV-0, CoreType=AIV, block dim=32, total_block_num=32, block_remain_len=1048408, block_initial_space=1048576, rsv=0, magic=5aa5bccd
CANN Version: 8.0.RC3, TimeStamp: 20241026152044625
Aggregate Message ...
opType=aggregate_msg_split, DumpHead: AIV-1, CoreType=AIV, block dim=32, total_block_num=32, block_remain_len=1048448, block_initial_space=1048576, rsv=0, magic=5aa5bccd
CANN Version: 8.0.RC3, TimeStamp: 20241026152044625
opType=aggregate_msg_split, DumpHead: AIV-2, CoreType=AIV, block dim=32, total_block_num=32, block_remain_len=1048448, block_initial_space=1048576, rsv=0, magic=5aa5bccd
CANN Version: 8.0.RC3, TimeStamp: 20241026152044625
opType=aggregate_msg_split, DumpHead: AIV-3, CoreType=AIV, block dim=32, total_block_num=32, block_remain_len=1048448, block_initial_space=1048576, rsv=0, magic=5aa5bccd
CANN Version: 8.0.RC3, TimeStamp: 20241026152044625
opType=aggregate_msg_split, DumpHead: AIV-4, CoreType=AIV, block dim=32, total_block_num=32, block_remain_len=1048448, block_initial_space=1048576, rsv=0, magic=5aa5bccd
CANN Version: 8.0.RC3, TimeStamp: 20241026152044625
opType=aggregate_msg_split, DumpHead: AIV-5, CoreType=AIV, block dim=32, total_block_num=32, block_remain_len=1048448, block_initial_space=1048576, rsv=0, magic=5aa5bccd
CANN Version: 8.0.RC3, TimeStamp: 20241026152044625
opType=aggregate_msg_split, DumpHead: AIV-6, CoreType=AIV, block dim=32, total_block_num=32, block_remain_len=1048448, block_initial_space=1048576, rsv=0, magic=5aa5bccd
CANN Version: 8.0.RC3, TimeStamp: 20241026152044625
opType=aggregate_msg_split, DumpHead: AIV-7, CoreType=AIV, block dim=32, total_block_num=32, block_remain_len=1048448, block_initial_space=1048576, rsv=0, magic=5aa5bccd
CANN Version: 8.0.RC3, TimeStamp: 20241026152044625
opType=aggregate_msg_split, DumpHead: AIV-8, CoreType=AIV, block dim=32, total_block_num=32, block_remain_len=1048448, block_initial_space=1048576, rsv=0, magic=5aa5bccd
CANN Version: 8.0.RC3, TimeStamp: 20241026152044625
opType=aggregate_msg_split, DumpHead: AIV-9, CoreType=AIV, block dim=32, total_block_num=32, block_remain_len=1048448, block_initial_space=1048576, rsv=0, magic=5aa5bccd
CANN Version: 8.0.RC3, TimeStamp: 20241026152044625
opType=aggregate_msg_split, DumpHead: AIV-10, CoreType=AIV, block dim=32, total_block_num=32, block_remain_len=1048448, block_initial_space=1048576, rsv=0, magic=5aa5bccd
CANN Version: 8.0.RC3, TimeStamp: 20241026152044625
opType=aggregate_msg_split, DumpHead: AIV-11, CoreType=AIV, block dim=32, total_block_num=32, block_remain_len=1048448, block_initial_space=1048576, rsv=0, magic=5aa5bccd
CANN Version: 8.0.RC3, TimeStamp: 20241026152044625
opType=aggregate_msg_split, DumpHead: AIV-12, CoreType=AIV, block dim=32, total_block_num=32, block_remain_len=1048448, block_initial_space=1048576, rsv=0, magic=5aa5bccd
CANN Version: 8.0.RC3, TimeStamp: 20241026152044625
opType=aggregate_msg_split, DumpHead: AIV-13, CoreType=AIV, block dim=32, total_block_num=32, block_remain_len=1048448, block_initial_space=1048576, rsv=0, magic=5aa5bccd
CANN Version: 8.0.RC3, TimeStamp: 20241026152044625
opType=aggregate_msg_split, DumpHead: AIV-14, CoreType=AIV, block dim=32, total_block_num=32, block_remain_len=1048448, block_initial_space=1048576, rsv=0, magic=5aa5bccd
CANN Version: 8.0.RC3, TimeStamp: 20241026152044625
opType=aggregate_msg_split, DumpHead: AIV-15, CoreType=AIV, block dim=32, total_block_num=32, block_remain_len=1048448, block_initial_space=1048576, rsv=0, magic=5aa5bccd
CANN Version: 8.0.RC3, TimeStamp: 20241026152044625
opType=aggregate_msg_split, DumpHead: AIV-16, CoreType=AIV, block dim=32, total_block_num=32, block_remain_len=1048448, block_initial_space=1048576, rsv=0, magic=5aa5bccd
CANN Version: 8.0.RC3, TimeStamp: 20241026152044625
opType=aggregate_msg_split, DumpHead: AIV-17, CoreType=AIV, block dim=32, total_block_num=32, block_remain_len=1048448, block_initial_space=1048576, rsv=0, magic=5aa5bccd
CANN Version: 8.0.RC3, TimeStamp: 20241026152044625
opType=aggregate_msg_split, DumpHead: AIV-18, CoreType=AIV, block dim=32, total_block_num=32, block_remain_len=1048448, block_initial_space=1048576, rsv=0, magic=5aa5bccd
CANN Version: 8.0.RC3, TimeStamp: 20241026152044625
opType=aggregate_msg_split, DumpHead: AIV-19, CoreType=AIV, block dim=32, total_block_num=32, block_remain_len=1048448, block_initial_space=1048576, rsv=0, magic=5aa5bccd
CANN Version: 8.0.RC3, TimeStamp: 20241026152044625
opType=aggregate_msg_split, DumpHead: AIV-20, CoreType=AIV, block dim=32, total_block_num=32, block_remain_len=1048448, block_initial_space=1048576, rsv=0, magic=5aa5bccd
CANN Version: 8.0.RC3, TimeStamp: 20241026152044625
opType=aggregate_msg_split, DumpHead: AIV-21, CoreType=AIV, block dim=32, total_block_num=32, block_remain_len=1048448, block_initial_space=1048576, rsv=0, magic=5aa5bccd
CANN Version: 8.0.RC3, TimeStamp: 20241026152044625
opType=aggregate_msg_split, DumpHead: AIV-22, CoreType=AIV, block dim=32, total_block_num=32, block_remain_len=1048448, block_initial_space=1048576, rsv=0, magic=5aa5bccd
CANN Version: 8.0.RC3, TimeStamp: 20241026152044625
opType=aggregate_msg_split, DumpHead: AIV-23, CoreType=AIV, block dim=32, total_block_num=32, block_remain_len=1048448, block_initial_space=1048576, rsv=0, magic=5aa5bccd
CANN Version: 8.0.RC3, TimeStamp: 20241026152044625
opType=aggregate_msg_split, DumpHead: AIV-24, CoreType=AIV, block dim=32, total_block_num=32, block_remain_len=1048448, block_initial_space=1048576, rsv=0, magic=5aa5bccd
CANN Version: 8.0.RC3, TimeStamp: 20241026152044625
opType=aggregate_msg_split, DumpHead: AIV-25, CoreType=AIV, block dim=32, total_block_num=32, block_remain_len=1048448, block_initial_space=1048576, rsv=0, magic=5aa5bccd
CANN Version: 8.0.RC3, TimeStamp: 20241026152044625
opType=aggregate_msg_split, DumpHead: AIV-26, CoreType=AIV, block dim=32, total_block_num=32, block_remain_len=1048448, block_initial_space=1048576, rsv=0, magic=5aa5bccd
CANN Version: 8.0.RC3, TimeStamp: 20241026152044625
opType=aggregate_msg_split, DumpHead: AIV-27, CoreType=AIV, block dim=32, total_block_num=32, block_remain_len=1048448, block_initial_space=1048576, rsv=0, magic=5aa5bccd
CANN Version: 8.0.RC3, TimeStamp: 20241026152044625
opType=aggregate_msg_split, DumpHead: AIV-28, CoreType=AIV, block dim=32, total_block_num=32, block_remain_len=1048448, block_initial_space=1048576, rsv=0, magic=5aa5bccd
CANN Version: 8.0.RC3, TimeStamp: 20241026152044625
opType=aggregate_msg_split, DumpHead: AIV-29, CoreType=AIV, block dim=32, total_block_num=32, block_remain_len=1048448, block_initial_space=1048576, rsv=0, magic=5aa5bccd
CANN Version: 8.0.RC3, TimeStamp: 20241026152044625
opType=aggregate_msg_split, DumpHead: AIV-30, CoreType=AIV, block dim=32, total_block_num=32, block_remain_len=1048448, block_initial_space=1048576, rsv=0, magic=5aa5bccd
CANN Version: 8.0.RC3, TimeStamp: 20241026152044625
opType=aggregate_msg_split, DumpHead: AIV-31, CoreType=AIV, block dim=32, total_block_num=32, block_remain_len=1048448, block_initial_space=1048576, rsv=0, magic=5aa5bccd
CANN Version: 8.0.RC3, TimeStamp: 20241026152044625
opType=reset_value, DumpHead: AIV-0, CoreType=AIV, block dim=32, total_block_num=32, block_remain_len=1048408, block_initial_space=1048576, rsv=0, magic=5aa5bccd
CANN Version: 8.0.RC3, TimeStamp: 20241026152044625
Reset Value ...
opType=reset_value, DumpHead: AIV-1, CoreType=AIV, block dim=32, total_block_num=32, block_remain_len=1048448, block_initial_space=1048576, rsv=0, magic=5aa5bccd
CANN Version: 8.0.RC3, TimeStamp: 20241026152044625
opType=reset_value, DumpHead: AIV-2, CoreType=AIV, block dim=32, total_block_num=32, block_remain_len=1048448, block_initial_space=1048576, rsv=0, magic=5aa5bccd
CANN Version: 8.0.RC3, TimeStamp: 20241026152044625
opType=reset_value, DumpHead: AIV-3, CoreType=AIV, block dim=32, total_block_num=32, block_remain_len=1048448, block_initial_space=1048576, rsv=0, magic=5aa5bccd
CANN Version: 8.0.RC3, TimeStamp: 20241026152044625
opType=reset_value, DumpHead: AIV-4, CoreType=AIV, block dim=32, total_block_num=32, block_remain_len=1048448, block_initial_space=1048576, rsv=0, magic=5aa5bccd
CANN Version: 8.0.RC3, TimeStamp: 20241026152044625
opType=reset_value, DumpHead: AIV-5, CoreType=AIV, block dim=32, total_block_num=32, block_remain_len=1048448, block_initial_space=1048576, rsv=0, magic=5aa5bccd
CANN Version: 8.0.RC3, TimeStamp: 20241026152044625
opType=reset_value, DumpHead: AIV-6, CoreType=AIV, block dim=32, total_block_num=32, block_remain_len=1048448, block_initial_space=1048576, rsv=0, magic=5aa5bccd
CANN Version: 8.0.RC3, TimeStamp: 20241026152044625
opType=reset_value, DumpHead: AIV-7, CoreType=AIV, block dim=32, total_block_num=32, block_remain_len=1048448, block_initial_space=1048576, rsv=0, magic=5aa5bccd
CANN Version: 8.0.RC3, TimeStamp: 20241026152044625
opType=reset_value, DumpHead: AIV-8, CoreType=AIV, block dim=32, total_block_num=32, block_remain_len=1048448, block_initial_space=1048576, rsv=0, magic=5aa5bccd
CANN Version: 8.0.RC3, TimeStamp: 20241026152044625
opType=reset_value, DumpHead: AIV-9, CoreType=AIV, block dim=32, total_block_num=32, block_remain_len=1048448, block_initial_space=1048576, rsv=0, magic=5aa5bccd
CANN Version: 8.0.RC3, TimeStamp: 20241026152044625
opType=reset_value, DumpHead: AIV-10, CoreType=AIV, block dim=32, total_block_num=32, block_remain_len=1048448, block_initial_space=1048576, rsv=0, magic=5aa5bccd
CANN Version: 8.0.RC3, TimeStamp: 20241026152044625
opType=reset_value, DumpHead: AIV-11, CoreType=AIV, block dim=32, total_block_num=32, block_remain_len=1048448, block_initial_space=1048576, rsv=0, magic=5aa5bccd
CANN Version: 8.0.RC3, TimeStamp: 20241026152044625
opType=reset_value, DumpHead: AIV-12, CoreType=AIV, block dim=32, total_block_num=32, block_remain_len=1048448, block_initial_space=1048576, rsv=0, magic=5aa5bccd
CANN Version: 8.0.RC3, TimeStamp: 20241026152044625
opType=reset_value, DumpHead: AIV-13, CoreType=AIV, block dim=32, total_block_num=32, block_remain_len=1048448, block_initial_space=1048576, rsv=0, magic=5aa5bccd
CANN Version: 8.0.RC3, TimeStamp: 20241026152044625
opType=reset_value, DumpHead: AIV-14, CoreType=AIV, block dim=32, total_block_num=32, block_remain_len=1048448, block_initial_space=1048576, rsv=0, magic=5aa5bccd
CANN Version: 8.0.RC3, TimeStamp: 20241026152044625
opType=reset_value, DumpHead: AIV-15, CoreType=AIV, block dim=32, total_block_num=32, block_remain_len=1048448, block_initial_space=1048576, rsv=0, magic=5aa5bccd
CANN Version: 8.0.RC3, TimeStamp: 20241026152044625
opType=reset_value, DumpHead: AIV-16, CoreType=AIV, block dim=32, total_block_num=32, block_remain_len=1048448, block_initial_space=1048576, rsv=0, magic=5aa5bccd
CANN Version: 8.0.RC3, TimeStamp: 20241026152044625
opType=reset_value, DumpHead: AIV-17, CoreType=AIV, block dim=32, total_block_num=32, block_remain_len=1048448, block_initial_space=1048576, rsv=0, magic=5aa5bccd
CANN Version: 8.0.RC3, TimeStamp: 20241026152044625
opType=reset_value, DumpHead: AIV-18, CoreType=AIV, block dim=32, total_block_num=32, block_remain_len=1048448, block_initial_space=1048576, rsv=0, magic=5aa5bccd
CANN Version: 8.0.RC3, TimeStamp: 20241026152044625
opType=reset_value, DumpHead: AIV-19, CoreType=AIV, block dim=32, total_block_num=32, block_remain_len=1048448, block_initial_space=1048576, rsv=0, magic=5aa5bccd
CANN Version: 8.0.RC3, TimeStamp: 20241026152044625
opType=reset_value, DumpHead: AIV-20, CoreType=AIV, block dim=32, total_block_num=32, block_remain_len=1048448, block_initial_space=1048576, rsv=0, magic=5aa5bccd
CANN Version: 8.0.RC3, TimeStamp: 20241026152044625
opType=reset_value, DumpHead: AIV-21, CoreType=AIV, block dim=32, total_block_num=32, block_remain_len=1048448, block_initial_space=1048576, rsv=0, magic=5aa5bccd
CANN Version: 8.0.RC3, TimeStamp: 20241026152044625
opType=reset_value, DumpHead: AIV-22, CoreType=AIV, block dim=32, total_block_num=32, block_remain_len=1048448, block_initial_space=1048576, rsv=0, magic=5aa5bccd
CANN Version: 8.0.RC3, TimeStamp: 20241026152044625
opType=reset_value, DumpHead: AIV-23, CoreType=AIV, block dim=32, total_block_num=32, block_remain_len=1048448, block_initial_space=1048576, rsv=0, magic=5aa5bccd
CANN Version: 8.0.RC3, TimeStamp: 20241026152044625
opType=reset_value, DumpHead: AIV-24, CoreType=AIV, block dim=32, total_block_num=32, block_remain_len=1048448, block_initial_space=1048576, rsv=0, magic=5aa5bccd
CANN Version: 8.0.RC3, TimeStamp: 20241026152044625
opType=reset_value, DumpHead: AIV-25, CoreType=AIV, block dim=32, total_block_num=32, block_remain_len=1048448, block_initial_space=1048576, rsv=0, magic=5aa5bccd
CANN Version: 8.0.RC3, TimeStamp: 20241026152044625
opType=reset_value, DumpHead: AIV-26, CoreType=AIV, block dim=32, total_block_num=32, block_remain_len=1048448, block_initial_space=1048576, rsv=0, magic=5aa5bccd
CANN Version: 8.0.RC3, TimeStamp: 20241026152044625
opType=reset_value, DumpHead: AIV-27, CoreType=AIV, block dim=32, total_block_num=32, block_remain_len=1048448, block_initial_space=1048576, rsv=0, magic=5aa5bccd
CANN Version: 8.0.RC3, TimeStamp: 20241026152044625
opType=reset_value, DumpHead: AIV-28, CoreType=AIV, block dim=32, total_block_num=32, block_remain_len=1048448, block_initial_space=1048576, rsv=0, magic=5aa5bccd
CANN Version: 8.0.RC3, TimeStamp: 20241026152044625
opType=reset_value, DumpHead: AIV-29, CoreType=AIV, block dim=32, total_block_num=32, block_remain_len=1048448, block_initial_space=1048576, rsv=0, magic=5aa5bccd
CANN Version: 8.0.RC3, TimeStamp: 20241026152044625
opType=reset_value, DumpHead: AIV-30, CoreType=AIV, block dim=32, total_block_num=32, block_remain_len=1048448, block_initial_space=1048576, rsv=0, magic=5aa5bccd
CANN Version: 8.0.RC3, TimeStamp: 20241026152044625
opType=reset_value, DumpHead: AIV-31, CoreType=AIV, block dim=32, total_block_num=32, block_remain_len=1048448, block_initial_space=1048576, rsv=0, magic=5aa5bccd
CANN Version: 8.0.RC3, TimeStamp: 20241026152044625
opType=reset_value, DumpHead: AIV-0, CoreType=AIV, block dim=32, total_block_num=32, block_remain_len=1048408, block_initial_space=1048576, rsv=0, magic=5aa5bccd
CANN Version: 8.0.RC3, TimeStamp: 20241026152044625
Reset Value ...
opType=reset_value, DumpHead: AIV-1, CoreType=AIV, block dim=32, total_block_num=32, block_remain_len=1048448, block_initial_space=1048576, rsv=0, magic=5aa5bccd
CANN Version: 8.0.RC3, TimeStamp: 20241026152044625
opType=reset_value, DumpHead: AIV-2, CoreType=AIV, block dim=32, total_block_num=32, block_remain_len=1048448, block_initial_space=1048576, rsv=0, magic=5aa5bccd
CANN Version: 8.0.RC3, TimeStamp: 20241026152044625
opType=reset_value, DumpHead: AIV-3, CoreType=AIV, block dim=32, total_block_num=32, block_remain_len=1048448, block_initial_space=1048576, rsv=0, magic=5aa5bccd
CANN Version: 8.0.RC3, TimeStamp: 20241026152044625
opType=reset_value, DumpHead: AIV-4, CoreType=AIV, block dim=32, total_block_num=32, block_remain_len=1048448, block_initial_space=1048576, rsv=0, magic=5aa5bccd
CANN Version: 8.0.RC3, TimeStamp: 20241026152044625
opType=reset_value, DumpHead: AIV-5, CoreType=AIV, block dim=32, total_block_num=32, block_remain_len=1048448, block_initial_space=1048576, rsv=0, magic=5aa5bccd
CANN Version: 8.0.RC3, TimeStamp: 20241026152044625
opType=reset_value, DumpHead: AIV-6, CoreType=AIV, block dim=32, total_block_num=32, block_remain_len=1048448, block_initial_space=1048576, rsv=0, magic=5aa5bccd
CANN Version: 8.0.RC3, TimeStamp: 20241026152044625
opType=reset_value, DumpHead: AIV-7, CoreType=AIV, block dim=32, total_block_num=32, block_remain_len=1048448, block_initial_space=1048576, rsv=0, magic=5aa5bccd
CANN Version: 8.0.RC3, TimeStamp: 20241026152044625
opType=reset_value, DumpHead: AIV-8, CoreType=AIV, block dim=32, total_block_num=32, block_remain_len=1048448, block_initial_space=1048576, rsv=0, magic=5aa5bccd
CANN Version: 8.0.RC3, TimeStamp: 20241026152044625
opType=reset_value, DumpHead: AIV-9, CoreType=AIV, block dim=32, total_block_num=32, block_remain_len=1048448, block_initial_space=1048576, rsv=0, magic=5aa5bccd
CANN Version: 8.0.RC3, TimeStamp: 20241026152044625
opType=reset_value, DumpHead: AIV-10, CoreType=AIV, block dim=32, total_block_num=32, block_remain_len=1048448, block_initial_space=1048576, rsv=0, magic=5aa5bccd
CANN Version: 8.0.RC3, TimeStamp: 20241026152044625
opType=reset_value, DumpHead: AIV-11, CoreType=AIV, block dim=32, total_block_num=32, block_remain_len=1048448, block_initial_space=1048576, rsv=0, magic=5aa5bccd
CANN Version: 8.0.RC3, TimeStamp: 20241026152044625
opType=reset_value, DumpHead: AIV-12, CoreType=AIV, block dim=32, total_block_num=32, block_remain_len=1048448, block_initial_space=1048576, rsv=0, magic=5aa5bccd
CANN Version: 8.0.RC3, TimeStamp: 20241026152044625
opType=reset_value, DumpHead: AIV-13, CoreType=AIV, block dim=32, total_block_num=32, block_remain_len=1048448, block_initial_space=1048576, rsv=0, magic=5aa5bccd
CANN Version: 8.0.RC3, TimeStamp: 20241026152044625
opType=reset_value, DumpHead: AIV-14, CoreType=AIV, block dim=32, total_block_num=32, block_remain_len=1048448, block_initial_space=1048576, rsv=0, magic=5aa5bccd
CANN Version: 8.0.RC3, TimeStamp: 20241026152044625
opType=reset_value, DumpHead: AIV-15, CoreType=AIV, block dim=32, total_block_num=32, block_remain_len=1048448, block_initial_space=1048576, rsv=0, magic=5aa5bccd
CANN Version: 8.0.RC3, TimeStamp: 20241026152044625
opType=reset_value, DumpHead: AIV-16, CoreType=AIV, block dim=32, total_block_num=32, block_remain_len=1048448, block_initial_space=1048576, rsv=0, magic=5aa5bccd
CANN Version: 8.0.RC3, TimeStamp: 20241026152044625
opType=reset_value, DumpHead: AIV-17, CoreType=AIV, block dim=32, total_block_num=32, block_remain_len=1048448, block_initial_space=1048576, rsv=0, magic=5aa5bccd
CANN Version: 8.0.RC3, TimeStamp: 20241026152044625
opType=reset_value, DumpHead: AIV-18, CoreType=AIV, block dim=32, total_block_num=32, block_remain_len=1048448, block_initial_space=1048576, rsv=0, magic=5aa5bccd
CANN Version: 8.0.RC3, TimeStamp: 20241026152044625
opType=reset_value, DumpHead: AIV-19, CoreType=AIV, block dim=32, total_block_num=32, block_remain_len=1048448, block_initial_space=1048576, rsv=0, magic=5aa5bccd
CANN Version: 8.0.RC3, TimeStamp: 20241026152044625
opType=reset_value, DumpHead: AIV-20, CoreType=AIV, block dim=32, total_block_num=32, block_remain_len=1048448, block_initial_space=1048576, rsv=0, magic=5aa5bccd
CANN Version: 8.0.RC3, TimeStamp: 20241026152044625
opType=reset_value, DumpHead: AIV-21, CoreType=AIV, block dim=32, total_block_num=32, block_remain_len=1048448, block_initial_space=1048576, rsv=0, magic=5aa5bccd
CANN Version: 8.0.RC3, TimeStamp: 20241026152044625
opType=reset_value, DumpHead: AIV-22, CoreType=AIV, block dim=32, total_block_num=32, block_remain_len=1048448, block_initial_space=1048576, rsv=0, magic=5aa5bccd
CANN Version: 8.0.RC3, TimeStamp: 20241026152044625
opType=reset_value, DumpHead: AIV-23, CoreType=AIV, block dim=32, total_block_num=32, block_remain_len=1048448, block_initial_space=1048576, rsv=0, magic=5aa5bccd
CANN Version: 8.0.RC3, TimeStamp: 20241026152044625
opType=reset_value, DumpHead: AIV-24, CoreType=AIV, block dim=32, total_block_num=32, block_remain_len=1048448, block_initial_space=1048576, rsv=0, magic=5aa5bccd
CANN Version: 8.0.RC3, TimeStamp: 20241026152044625
opType=reset_value, DumpHead: AIV-25, CoreType=AIV, block dim=32, total_block_num=32, block_remain_len=1048448, block_initial_space=1048576, rsv=0, magic=5aa5bccd
CANN Version: 8.0.RC3, TimeStamp: 20241026152044625
opType=reset_value, DumpHead: AIV-26, CoreType=AIV, block dim=32, total_block_num=32, block_remain_len=1048448, block_initial_space=1048576, rsv=0, magic=5aa5bccd
CANN Version: 8.0.RC3, TimeStamp: 20241026152044625
opType=reset_value, DumpHead: AIV-27, CoreType=AIV, block dim=32, total_block_num=32, block_remain_len=1048448, block_initial_space=1048576, rsv=0, magic=5aa5bccd
CANN Version: 8.0.RC3, TimeStamp: 20241026152044625
opType=reset_value, DumpHead: AIV-28, CoreType=AIV, block dim=32, total_block_num=32, block_remain_len=1048448, block_initial_space=1048576, rsv=0, magic=5aa5bccd
CANN Version: 8.0.RC3, TimeStamp: 20241026152044625
opType=reset_value, DumpHead: AIV-29, CoreType=AIV, block dim=32, total_block_num=32, block_remain_len=1048448, block_initial_space=1048576, rsv=0, magic=5aa5bccd
CANN Version: 8.0.RC3, TimeStamp: 20241026152044625
opType=reset_value, DumpHead: AIV-30, CoreType=AIV, block dim=32, total_block_num=32, block_remain_len=1048448, block_initial_space=1048576, rsv=0, magic=5aa5bccd
CANN Version: 8.0.RC3, TimeStamp: 20241026152044625
opType=reset_value, DumpHead: AIV-31, CoreType=AIV, block dim=32, total_block_num=32, block_remain_len=1048448, block_initial_space=1048576, rsv=0, magic=5aa5bccd
CANN Version: 8.0.RC3, TimeStamp: 20241026152044625
opType=reset_value, DumpHead: AIV-0, CoreType=AIV, block dim=32, total_block_num=32, block_remain_len=1048408, block_initial_space=1048576, rsv=0, magic=5aa5bccd
CANN Version: 8.0.RC3, TimeStamp: 20241026152044625
Reset Value ...
opType=reset_value, DumpHead: AIV-1, CoreType=AIV, block dim=32, total_block_num=32, block_remain_len=1048448, block_initial_space=1048576, rsv=0, magic=5aa5bccd
CANN Version: 8.0.RC3, TimeStamp: 20241026152044625
opType=reset_value, DumpHead: AIV-2, CoreType=AIV, block dim=32, total_block_num=32, block_remain_len=1048448, block_initial_space=1048576, rsv=0, magic=5aa5bccd
CANN Version: 8.0.RC3, TimeStamp: 20241026152044625
opType=reset_value, DumpHead: AIV-3, CoreType=AIV, block dim=32, total_block_num=32, block_remain_len=1048448, block_initial_space=1048576, rsv=0, magic=5aa5bccd
CANN Version: 8.0.RC3, TimeStamp: 20241026152044625
opType=reset_value, DumpHead: AIV-4, CoreType=AIV, block dim=32, total_block_num=32, block_remain_len=1048448, block_initial_space=1048576, rsv=0, magic=5aa5bccd
CANN Version: 8.0.RC3, TimeStamp: 20241026152044625
opType=reset_value, DumpHead: AIV-5, CoreType=AIV, block dim=32, total_block_num=32, block_remain_len=1048448, block_initial_space=1048576, rsv=0, magic=5aa5bccd
CANN Version: 8.0.RC3, TimeStamp: 20241026152044625
opType=reset_value, DumpHead: AIV-6, CoreType=AIV, block dim=32, total_block_num=32, block_remain_len=1048448, block_initial_space=1048576, rsv=0, magic=5aa5bccd
CANN Version: 8.0.RC3, TimeStamp: 20241026152044625
opType=reset_value, DumpHead: AIV-7, CoreType=AIV, block dim=32, total_block_num=32, block_remain_len=1048448, block_initial_space=1048576, rsv=0, magic=5aa5bccd
CANN Version: 8.0.RC3, TimeStamp: 20241026152044625
opType=reset_value, DumpHead: AIV-8, CoreType=AIV, block dim=32, total_block_num=32, block_remain_len=1048448, block_initial_space=1048576, rsv=0, magic=5aa5bccd
CANN Version: 8.0.RC3, TimeStamp: 20241026152044625
opType=reset_value, DumpHead: AIV-9, CoreType=AIV, block dim=32, total_block_num=32, block_remain_len=1048448, block_initial_space=1048576, rsv=0, magic=5aa5bccd
CANN Version: 8.0.RC3, TimeStamp: 20241026152044625
opType=reset_value, DumpHead: AIV-10, CoreType=AIV, block dim=32, total_block_num=32, block_remain_len=1048448, block_initial_space=1048576, rsv=0, magic=5aa5bccd
CANN Version: 8.0.RC3, TimeStamp: 20241026152044625
opType=reset_value, DumpHead: AIV-11, CoreType=AIV, block dim=32, total_block_num=32, block_remain_len=1048448, block_initial_space=1048576, rsv=0, magic=5aa5bccd
CANN Version: 8.0.RC3, TimeStamp: 20241026152044625
opType=reset_value, DumpHead: AIV-12, CoreType=AIV, block dim=32, total_block_num=32, block_remain_len=1048448, block_initial_space=1048576, rsv=0, magic=5aa5bccd
CANN Version: 8.0.RC3, TimeStamp: 20241026152044625
opType=reset_value, DumpHead: AIV-13, CoreType=AIV, block dim=32, total_block_num=32, block_remain_len=1048448, block_initial_space=1048576, rsv=0, magic=5aa5bccd
CANN Version: 8.0.RC3, TimeStamp: 20241026152044625
opType=reset_value, DumpHead: AIV-14, CoreType=AIV, block dim=32, total_block_num=32, block_remain_len=1048448, block_initial_space=1048576, rsv=0, magic=5aa5bccd
CANN Version: 8.0.RC3, TimeStamp: 20241026152044625
opType=reset_value, DumpHead: AIV-15, CoreType=AIV, block dim=32, total_block_num=32, block_remain_len=1048448, block_initial_space=1048576, rsv=0, magic=5aa5bccd
CANN Version: 8.0.RC3, TimeStamp: 20241026152044625
opType=reset_value, DumpHead: AIV-16, CoreType=AIV, block dim=32, total_block_num=32, block_remain_len=1048448, block_initial_space=1048576, rsv=0, magic=5aa5bccd
CANN Version: 8.0.RC3, TimeStamp: 20241026152044625
opType=reset_value, DumpHead: AIV-17, CoreType=AIV, block dim=32, total_block_num=32, block_remain_len=1048448, block_initial_space=1048576, rsv=0, magic=5aa5bccd
CANN Version: 8.0.RC3, TimeStamp: 20241026152044625
opType=reset_value, DumpHead: AIV-18, CoreType=AIV, block dim=32, total_block_num=32, block_remain_len=1048448, block_initial_space=1048576, rsv=0, magic=5aa5bccd
CANN Version: 8.0.RC3, TimeStamp: 20241026152044625
opType=reset_value, DumpHead: AIV-19, CoreType=AIV, block dim=32, total_block_num=32, block_remain_len=1048448, block_initial_space=1048576, rsv=0, magic=5aa5bccd
CANN Version: 8.0.RC3, TimeStamp: 20241026152044625
opType=reset_value, DumpHead: AIV-20, CoreType=AIV, block dim=32, total_block_num=32, block_remain_len=1048448, block_initial_space=1048576, rsv=0, magic=5aa5bccd
CANN Version: 8.0.RC3, TimeStamp: 20241026152044625
opType=reset_value, DumpHead: AIV-21, CoreType=AIV, block dim=32, total_block_num=32, block_remain_len=1048448, block_initial_space=1048576, rsv=0, magic=5aa5bccd
CANN Version: 8.0.RC3, TimeStamp: 20241026152044625
opType=reset_value, DumpHead: AIV-22, CoreType=AIV, block dim=32, total_block_num=32, block_remain_len=1048448, block_initial_space=1048576, rsv=0, magic=5aa5bccd
CANN Version: 8.0.RC3, TimeStamp: 20241026152044625
opType=reset_value, DumpHead: AIV-23, CoreType=AIV, block dim=32, total_block_num=32, block_remain_len=1048448, block_initial_space=1048576, rsv=0, magic=5aa5bccd
CANN Version: 8.0.RC3, TimeStamp: 20241026152044625
opType=reset_value, DumpHead: AIV-24, CoreType=AIV, block dim=32, total_block_num=32, block_remain_len=1048448, block_initial_space=1048576, rsv=0, magic=5aa5bccd
CANN Version: 8.0.RC3, TimeStamp: 20241026152044625
opType=reset_value, DumpHead: AIV-25, CoreType=AIV, block dim=32, total_block_num=32, block_remain_len=1048448, block_initial_space=1048576, rsv=0, magic=5aa5bccd
CANN Version: 8.0.RC3, TimeStamp: 20241026152044625
opType=reset_value, DumpHead: AIV-26, CoreType=AIV, block dim=32, total_block_num=32, block_remain_len=1048448, block_initial_space=1048576, rsv=0, magic=5aa5bccd
CANN Version: 8.0.RC3, TimeStamp: 20241026152044625
opType=reset_value, DumpHead: AIV-27, CoreType=AIV, block dim=32, total_block_num=32, block_remain_len=1048448, block_initial_space=1048576, rsv=0, magic=5aa5bccd
CANN Version: 8.0.RC3, TimeStamp: 20241026152044625
opType=reset_value, DumpHead: AIV-28, CoreType=AIV, block dim=32, total_block_num=32, block_remain_len=1048448, block_initial_space=1048576, rsv=0, magic=5aa5bccd
CANN Version: 8.0.RC3, TimeStamp: 20241026152044625
opType=reset_value, DumpHead: AIV-29, CoreType=AIV, block dim=32, total_block_num=32, block_remain_len=1048448, block_initial_space=1048576, rsv=0, magic=5aa5bccd
CANN Version: 8.0.RC3, TimeStamp: 20241026152044625
opType=reset_value, DumpHead: AIV-30, CoreType=AIV, block dim=32, total_block_num=32, block_remain_len=1048448, block_initial_space=1048576, rsv=0, magic=5aa5bccd
CANN Version: 8.0.RC3, TimeStamp: 20241026152044625
opType=reset_value, DumpHead: AIV-31, CoreType=AIV, block dim=32, total_block_num=32, block_remain_len=1048448, block_initial_space=1048576, rsv=0, magic=5aa5bccd
CANN Version: 8.0.RC3, TimeStamp: 20241026152044625
opType=reset_value, DumpHead: AIV-0, CoreType=AIV, block dim=32, total_block_num=32, block_remain_len=1048408, block_initial_space=1048576, rsv=0, magic=5aa5bccd
CANN Version: 8.0.RC3, TimeStamp: 20241026152044625
Reset Value ...
opType=reset_value, DumpHead: AIV-1, CoreType=AIV, block dim=32, total_block_num=32, block_remain_len=1048448, block_initial_space=1048576, rsv=0, magic=5aa5bccd
CANN Version: 8.0.RC3, TimeStamp: 20241026152044625
opType=reset_value, DumpHead: AIV-2, CoreType=AIV, block dim=32, total_block_num=32, block_remain_len=1048448, block_initial_space=1048576, rsv=0, magic=5aa5bccd
CANN Version: 8.0.RC3, TimeStamp: 20241026152044625
opType=reset_value, DumpHead: AIV-3, CoreType=AIV, block dim=32, total_block_num=32, block_remain_len=1048448, block_initial_space=1048576, rsv=0, magic=5aa5bccd
CANN Version: 8.0.RC3, TimeStamp: 20241026152044625
opType=reset_value, DumpHead: AIV-4, CoreType=AIV, block dim=32, total_block_num=32, block_remain_len=1048448, block_initial_space=1048576, rsv=0, magic=5aa5bccd
CANN Version: 8.0.RC3, TimeStamp: 20241026152044625
opType=reset_value, DumpHead: AIV-5, CoreType=AIV, block dim=32, total_block_num=32, block_remain_len=1048448, block_initial_space=1048576, rsv=0, magic=5aa5bccd
CANN Version: 8.0.RC3, TimeStamp: 20241026152044625
opType=reset_value, DumpHead: AIV-6, CoreType=AIV, block dim=32, total_block_num=32, block_remain_len=1048448, block_initial_space=1048576, rsv=0, magic=5aa5bccd
CANN Version: 8.0.RC3, TimeStamp: 20241026152044625
opType=reset_value, DumpHead: AIV-7, CoreType=AIV, block dim=32, total_block_num=32, block_remain_len=1048448, block_initial_space=1048576, rsv=0, magic=5aa5bccd
CANN Version: 8.0.RC3, TimeStamp: 20241026152044625
opType=reset_value, DumpHead: AIV-8, CoreType=AIV, block dim=32, total_block_num=32, block_remain_len=1048448, block_initial_space=1048576, rsv=0, magic=5aa5bccd
CANN Version: 8.0.RC3, TimeStamp: 20241026152044625
opType=reset_value, DumpHead: AIV-9, CoreType=AIV, block dim=32, total_block_num=32, block_remain_len=1048448, block_initial_space=1048576, rsv=0, magic=5aa5bccd
CANN Version: 8.0.RC3, TimeStamp: 20241026152044625
opType=reset_value, DumpHead: AIV-10, CoreType=AIV, block dim=32, total_block_num=32, block_remain_len=1048448, block_initial_space=1048576, rsv=0, magic=5aa5bccd
CANN Version: 8.0.RC3, TimeStamp: 20241026152044625
opType=reset_value, DumpHead: AIV-11, CoreType=AIV, block dim=32, total_block_num=32, block_remain_len=1048448, block_initial_space=1048576, rsv=0, magic=5aa5bccd
CANN Version: 8.0.RC3, TimeStamp: 20241026152044625
opType=reset_value, DumpHead: AIV-12, CoreType=AIV, block dim=32, total_block_num=32, block_remain_len=1048448, block_initial_space=1048576, rsv=0, magic=5aa5bccd
CANN Version: 8.0.RC3, TimeStamp: 20241026152044625
opType=reset_value, DumpHead: AIV-13, CoreType=AIV, block dim=32, total_block_num=32, block_remain_len=1048448, block_initial_space=1048576, rsv=0, magic=5aa5bccd
CANN Version: 8.0.RC3, TimeStamp: 20241026152044625
opType=reset_value, DumpHead: AIV-14, CoreType=AIV, block dim=32, total_block_num=32, block_remain_len=1048448, block_initial_space=1048576, rsv=0, magic=5aa5bccd
CANN Version: 8.0.RC3, TimeStamp: 20241026152044625
opType=reset_value, DumpHead: AIV-15, CoreType=AIV, block dim=32, total_block_num=32, block_remain_len=1048448, block_initial_space=1048576, rsv=0, magic=5aa5bccd
CANN Version: 8.0.RC3, TimeStamp: 20241026152044625
opType=reset_value, DumpHead: AIV-16, CoreType=AIV, block dim=32, total_block_num=32, block_remain_len=1048448, block_initial_space=1048576, rsv=0, magic=5aa5bccd
CANN Version: 8.0.RC3, TimeStamp: 20241026152044625
opType=reset_value, DumpHead: AIV-17, CoreType=AIV, block dim=32, total_block_num=32, block_remain_len=1048448, block_initial_space=1048576, rsv=0, magic=5aa5bccd
CANN Version: 8.0.RC3, TimeStamp: 20241026152044625
opType=reset_value, DumpHead: AIV-18, CoreType=AIV, block dim=32, total_block_num=32, block_remain_len=1048448, block_initial_space=1048576, rsv=0, magic=5aa5bccd
CANN Version: 8.0.RC3, TimeStamp: 20241026152044625
opType=reset_value, DumpHead: AIV-19, CoreType=AIV, block dim=32, total_block_num=32, block_remain_len=1048448, block_initial_space=1048576, rsv=0, magic=5aa5bccd
CANN Version: 8.0.RC3, TimeStamp: 20241026152044625
opType=reset_value, DumpHead: AIV-20, CoreType=AIV, block dim=32, total_block_num=32, block_remain_len=1048448, block_initial_space=1048576, rsv=0, magic=5aa5bccd
CANN Version: 8.0.RC3, TimeStamp: 20241026152044625
opType=reset_value, DumpHead: AIV-21, CoreType=AIV, block dim=32, total_block_num=32, block_remain_len=1048448, block_initial_space=1048576, rsv=0, magic=5aa5bccd
CANN Version: 8.0.RC3, TimeStamp: 20241026152044625
opType=reset_value, DumpHead: AIV-22, CoreType=AIV, block dim=32, total_block_num=32, block_remain_len=1048448, block_initial_space=1048576, rsv=0, magic=5aa5bccd
CANN Version: 8.0.RC3, TimeStamp: 20241026152044625
opType=reset_value, DumpHead: AIV-23, CoreType=AIV, block dim=32, total_block_num=32, block_remain_len=1048448, block_initial_space=1048576, rsv=0, magic=5aa5bccd
CANN Version: 8.0.RC3, TimeStamp: 20241026152044625
opType=reset_value, DumpHead: AIV-24, CoreType=AIV, block dim=32, total_block_num=32, block_remain_len=1048448, block_initial_space=1048576, rsv=0, magic=5aa5bccd
CANN Version: 8.0.RC3, TimeStamp: 20241026152044625
opType=reset_value, DumpHead: AIV-25, CoreType=AIV, block dim=32, total_block_num=32, block_remain_len=1048448, block_initial_space=1048576, rsv=0, magic=5aa5bccd
CANN Version: 8.0.RC3, TimeStamp: 20241026152044625
opType=reset_value, DumpHead: AIV-26, CoreType=AIV, block dim=32, total_block_num=32, block_remain_len=1048448, block_initial_space=1048576, rsv=0, magic=5aa5bccd
CANN Version: 8.0.RC3, TimeStamp: 20241026152044625
opType=reset_value, DumpHead: AIV-27, CoreType=AIV, block dim=32, total_block_num=32, block_remain_len=1048448, block_initial_space=1048576, rsv=0, magic=5aa5bccd
CANN Version: 8.0.RC3, TimeStamp: 20241026152044625
opType=reset_value, DumpHead: AIV-28, CoreType=AIV, block dim=32, total_block_num=32, block_remain_len=1048448, block_initial_space=1048576, rsv=0, magic=5aa5bccd
CANN Version: 8.0.RC3, TimeStamp: 20241026152044625
opType=reset_value, DumpHead: AIV-29, CoreType=AIV, block dim=32, total_block_num=32, block_remain_len=1048448, block_initial_space=1048576, rsv=0, magic=5aa5bccd
CANN Version: 8.0.RC3, TimeStamp: 20241026152044625
opType=reset_value, DumpHead: AIV-30, CoreType=AIV, block dim=32, total_block_num=32, block_remain_len=1048448, block_initial_space=1048576, rsv=0, magic=5aa5bccd
CANN Version: 8.0.RC3, TimeStamp: 20241026152044625
opType=reset_value, DumpHead: AIV-31, CoreType=AIV, block dim=32, total_block_num=32, block_remain_len=1048448, block_initial_space=1048576, rsv=0, magic=5aa5bccd
CANN Version: 8.0.RC3, TimeStamp: 20241026152044625
================================ DATAFLOW METHOD =======================================
		Graph: nodes:174147, edges:7600696
		GTEPS: 0.017280
		Total Cost: 22.893 seconds 
================================ DATAFLOW METHOD =======================================
f3d7184b80ac2aeeff4c50b42bdaf021  output/value.bin
Rank | Node ID | Score
------------------------------
   1 |       1 | 0.011799
   2 |  159453 | 0.004789
   3 |   78518 | 0.004759
   4 |  144325 | 0.004755
   5 |  133418 | 0.004736
   6 |  158201 | 0.004731
   7 |   20983 | 0.004730
   8 |    2099 | 0.004716
   9 |  115679 | 0.004709
  10 |  143636 | 0.004673
  11 |   46630 | 0.004652
  12 |  108888 | 0.004652
  13 |   19869 | 0.004632
  14 |  124206 | 0.004616
  15 |  116089 | 0.004483
  16 |  123461 | 0.004480
  17 |   48707 | 0.004404
  18 |   74854 | 0.004398
  19 |       2 | 0.004342
  20 |   48718 | 0.001977
